信号日,代码,名称,板块,买入价,卖出日,卖出价,收益%,持有交易日,卖出方式,当时周期
2019-04-11,000151,中成股份,F51批发业,15.4505925,2019-04-12,14.77,-4.53,1,没涨停→尾盘卖,妖股期
2019-04-11,000868,安凯客车,C36汽车制造业,4.1,2019-04-12,4.1,-0.15,1,没涨停→尾盘卖,妖股期
2019-04-11,600303,曙光股份,C36汽车制造业,5.42992293,2019-04-12,5.13,-5.61,1,没涨停→尾盘卖,妖股期
2019-04-12,002649,博彦科技,I65软件和信息技术服务业,9.41013633,2019-04-15,9.25,-1.85,1,没涨停→尾盘卖,妖股期
2019-04-16,000823,超声电子,C39计算机、通信和其他电子设备制造业,10.24814751,2019-04-17,10.47,1.98,1,没涨停→尾盘卖,妖股期
2019-04-16,002089,新海退,,5.75,2019-04-17,5.81,1.07,1,再涨停→次日早盘卖,妖股期
2019-04-16,002115,三维通信,L72商务服务业,10.620638,2019-04-17,10.92,2.85,1,再涨停→次日早盘卖,妖股期
2019-04-17,000903,ST云动,C34通用设备制造业,3.42052411,2019-04-18,3.28,-4.12,1,没涨停→尾盘卖,妖股期
2019-04-17,002424,ST百灵,C27医药制造业,12.6726518,2019-04-18,12.85,1.22,1,没涨停→尾盘卖,妖股期
2019-04-17,002480,新筑股份,C34通用设备制造业,6.7,2019-04-18,6.45,-3.88,1,没涨停→尾盘卖,妖股期
2019-04-18,002469,三维化学,C26化学原料和化学制品制造业,4.09534657,2019-04-19,4.0,-2.5,1,没涨停→尾盘卖,平淡期
2019-04-18,000836,ST富通,,5.2,2019-04-22,5.95,14.27,2,再涨停→次日早盘卖,平淡期
2019-04-19,000510,新金路,C26化学原料和化学制品制造业,6.39,2019-04-22,6.07,-5.16,1,没涨停→尾盘卖,妖股期
2019-04-19,601028,玉龙股份,,6.35196386,2019-04-22,6.27,-1.4,1,没涨停→尾盘卖,妖股期
2019-04-22,600353,旭光电子,C39计算机、通信和其他电子设备制造业,4.65509499,2019-04-23,4.29,-7.96,1,没涨停→尾盘卖,平淡期
2019-04-22,000702,正虹科技,C13农副食品加工业,7.58,2019-04-24,8.39,10.54,2,再涨停→次日早盘卖,平淡期
2019-04-22,002211,ST宏达,C26化学原料和化学制品制造业,6.85,2019-04-24,7.94,15.76,2,再涨停→次日早盘卖,平淡期
2019-04-23,001896,豫能控股,D44电力、热力生产和供应业,4.77,2019-04-25,5.78,21.02,2,再涨停→次日早盘卖,恐慌期
2019-04-24,000792,盐湖股份,C26化学原料和化学制品制造业,7.51,2019-04-25,7.56,0.52,1,没涨停→尾盘卖,妖股期
2019-04-24,002140,东华科技,E48土木工程建筑业,8.14418968,2019-04-26,8.78,7.7,2,再涨停→次日早盘卖,妖股期
2019-04-25,002688,金河生物,C27医药制造业,5.8216611,2019-04-26,5.44,-6.67,1,没涨停→尾盘卖,恐慌期
2019-04-25,600198,大唐电信,C39计算机、通信和其他电子设备制造业,16.37,2019-04-29,18.7,14.08,2,再涨停→次日早盘卖,恐慌期
2019-04-30,000523,红棉股份,C13农副食品加工业,5.96859711,2019-05-06,5.85,-2.15,1,没涨停→尾盘卖,妖股期
2019-04-30,000600,建投能源,D44电力、热力生产和供应业,6.77913852,2019-05-06,6.48,-4.53,1,没涨停→尾盘卖,妖股期
2019-04-30,000720,新能泰山,C38电气机械和器材制造业,5.67,2019-05-06,5.52,-2.8,1,没涨停→尾盘卖,妖股期
2019-05-07,000687,华讯退,,7.64,2019-05-08,7.39,-3.42,1,没涨停→尾盘卖,妖股期
2019-05-07,002528,*ST英飞,C39计算机、通信和其他电子设备制造业,4.41,2019-05-08,4.26,-3.55,1,没涨停→尾盘卖,妖股期
2019-05-07,002601,龙佰集团,C26化学原料和化学制品制造业,11.22360624,2019-05-08,10.93,-2.74,1,没涨停→尾盘卖,妖股期
2019-05-08,000930,中粮科技,C26化学原料和化学制品制造业,7.6150188,2019-05-09,7.4,-2.95,1,没涨停→尾盘卖,恐慌期
2019-05-10,002476,新叶股份,C26化学原料和化学制品制造业,5.6127024,2019-05-13,5.44,-3.16,1,没涨停→尾盘卖,妖股期
2019-05-10,002725,跃岭股份,C36汽车制造业,9.25725104,2019-05-13,9.64,3.98,1,没涨停→尾盘卖,妖股期
2019-05-10,600183,生益科技,C39计算机、通信和其他电子设备制造业,11.11804646,2019-05-13,10.88,-2.25,1,没涨停→尾盘卖,妖股期
2019-05-15,600894,广日股份,C34通用设备制造业,5.42785418,2019-05-16,5.68,4.45,1,没涨停→尾盘卖,妖股期
2019-05-15,601619,嘉泽新能,D44电力、热力生产和供应业,4.2488874,2019-05-16,4.27,0.46,1,没涨停→尾盘卖,妖股期
2019-05-15,601908,京运通,C38电气机械和器材制造业,3.53008655,2019-05-17,4.25,20.12,2,再涨停→次日早盘卖,妖股期
2019-05-16,000831,中国稀土,C32有色金属冶炼和压延加工业,13.1585619,2019-05-17,13.23,0.38,1,没涨停→尾盘卖,妖股期
2019-05-16,600058,五矿发展,F51批发业,8.41681532,2019-05-17,8.08,-4.18,1,没涨停→尾盘卖,妖股期
2019-05-17,002436,兴森科技,C39计算机、通信和其他电子设备制造业,5.07978462,2019-05-21,5.94,16.74,2,再涨停→次日早盘卖,恐慌期
2019-05-20,600360,华微电子,C39计算机、通信和其他电子设备制造业,6.17887992,2019-05-21,6.08,-1.72,1,没涨停→尾盘卖,恐慌期
2019-05-21,000408,藏格矿业,C26化学原料和化学制品制造业,6.37994669,2019-05-22,6.19,-3.05,1,没涨停→尾盘卖,平淡期
2019-05-21,002456,欧菲光,C39计算机、通信和其他电子设备制造业,8.47605942,2019-05-22,8.24,-2.98,1,没涨停→尾盘卖,平淡期
2019-05-22,002280,ST联络,,4.4,2019-05-23,4.39,-0.38,1,再涨停→次日早盘卖,恐慌期
2019-05-22,600130,波导股份,C39计算机、通信和其他电子设备制造业,4.38,2019-05-23,4.3,-1.98,1,没涨停→尾盘卖,恐慌期
2019-05-24,000918,*ST嘉凯,,6.17,2019-05-27,6.5,5.2,1,没涨停→尾盘卖,平淡期
2019-05-24,002579,中京电子,C39计算机、通信和其他电子设备制造业,8.2133045,2019-05-27,8.38,1.9,1,没涨停→尾盘卖,平淡期
2019-05-27,000733,振华科技,C39计算机、通信和其他电子设备制造业,16.24129518,2019-05-28,16.24,-0.15,1,没涨停→尾盘卖,平淡期
2019-05-28,002510,天汽模,C36汽车制造业,4.32287604,2019-05-29,4.22,-2.42,1,没涨停→尾盘卖,平淡期
2019-05-28,603936,博敏电子,C39计算机、通信和其他电子设备制造业,9.20156523,2019-05-29,9.46,2.62,1,没涨停→尾盘卖,平淡期
2019-05-31,002310,东方新能,D44电力、热力生产和供应业,5.47577231,2019-06-03,5.84,6.49,1,没涨停→尾盘卖,妖股期
2019-06-05,600251,冠农股份,C13农副食品加工业,5.80927436,2019-06-06,5.63,-3.22,1,没涨停→尾盘卖,平淡期
2019-06-05,601952,苏垦农发,C13农副食品加工业,6.80108275,2019-06-06,6.78,-0.4,1,没涨停→尾盘卖,平淡期
2019-06-10,002782,可立克,C39计算机、通信和其他电子设备制造业,12.6319656,2019-06-11,13.1,3.58,1,没涨停→尾盘卖,平淡期
2019-06-10,600363,联创光电,C39计算机、通信和其他电子设备制造业,10.47276048,2019-06-11,10.81,3.05,1,没涨停→尾盘卖,平淡期
2019-06-10,600707,彩虹股份,C39计算机、通信和其他电子设备制造业,5.04376782,2019-06-11,5.29,4.78,1,没涨停→尾盘卖,平淡期
2019-06-11,000727,冠捷科技,C39计算机、通信和其他电子设备制造业,2.12,2019-06-12,2.19,3.15,1,没涨停→尾盘卖,妖股期
2019-06-11,002945,华林证券,J67资本市场服务,14.71462656,2019-06-12,15.37,4.29,1,没涨停→尾盘卖,妖股期
2019-06-11,600330,天通股份,C39计算机、通信和其他电子设备制造业,8.5242794,2019-06-12,8.28,-2.98,1,没涨停→尾盘卖,妖股期
2019-06-12,000587,*ST金洲,,2.29,2019-06-14,2.67,16.44,2,再涨停→次日早盘卖,平淡期
2019-06-13,600069,退市银鸽,,2.54,2019-06-14,2.33,-8.42,1,没涨停→尾盘卖,妖股期
2019-06-13,000912,泸天化,C26化学原料和化学制品制造业,4.91,2019-06-17,5.67,15.33,2,再涨停→次日早盘卖,妖股期
2019-06-19,002036,联创电子,C39计算机、通信和其他电子设备制造业,6.55599026,2019-06-20,6.76,2.9,1,没涨停→尾盘卖,妖股期
2019-06-19,601200,上海环境,N77生态保护和环境治理业,8.97649209,2019-06-21,10.86,20.87,2,再涨停→次日早盘卖,妖股期
2019-06-20,000563,陕国投A,J69其他金融业,4.0457508,2019-06-21,4.24,4.71,1,没涨停→尾盘卖,妖股期
2019-06-20,002009,天奇股份,C35专用设备制造业,9.25241772,2019-06-21,9.54,2.94,1,没涨停→尾盘卖,妖股期
2019-06-24,603789,ST星农,C35专用设备制造业,16.58,2019-06-25,16.85,1.48,1,没涨停→尾盘卖,平淡期
2019-06-26,603111,康尼机电,C37铁路、船舶、航空航天和其他运输设备制造业,4.6105072,2019-06-27,4.5,-2.46,1,没涨停→尾盘卖,平淡期
2019-06-27,002313,日海智能,C39计算机、通信和其他电子设备制造业,19.76,2019-06-28,20.2,2.08,1,没涨停→尾盘卖,平淡期
2019-06-27,002916,深南电路,C39计算机、通信和其他电子设备制造业,51.50845725,2019-06-28,52.29,1.29,1,再涨停→次日早盘卖,平淡期
2019-06-27,603228,景旺电子,C39计算机、通信和其他电子设备制造业,26.12142716,2019-06-28,25.75,-1.55,1,没涨停→尾盘卖,平淡期
2019-07-01,002483,润邦股份,C34通用设备制造业,3.9875238,2019-07-02,3.84,-3.85,1,没涨停→尾盘卖,主线期
2019-07-01,600602,云赛智联,I65软件和信息技术服务业,8.09068528,2019-07-02,8.34,2.93,1,没涨停→尾盘卖,主线期
2019-07-01,603019,中科曙光,C39计算机、通信和其他电子设备制造业,26.63692317,2019-07-02,25.56,-4.19,1,没涨停→尾盘卖,主线期
2019-07-04,603366,日出东方,C38电气机械和器材制造业,4.10369691,2019-07-05,4.06,-1.27,1,没涨停→尾盘卖,平淡期
2019-07-05,002626,金达威,C14食品制造业,12.01561146,2019-07-08,12.49,3.83,1,没涨停→尾盘卖,平淡期
2019-07-08,002037,保利联合,C26化学原料和化学制品制造业,8.4040044,2019-07-09,8.66,2.85,1,没涨停→尾盘卖,恐慌期
2019-07-09,600888,新疆众和,C39计算机、通信和其他电子设备制造业,4.035798,2019-07-10,3.97,-1.69,1,没涨停→尾盘卖,平淡期
2019-07-11,600172,黄河旋风,C30非金属矿物制品业,3.51,2019-07-12,3.46,-1.57,1,没涨停→尾盘卖,平淡期
2019-07-11,600293,三峡新材,C30非金属矿物制品业,4.39,2019-07-12,4.3,-2.2,1,没涨停→尾盘卖,平淡期
2019-07-11,603612,索通发展,C30非金属矿物制品业,10.05767926,2019-07-12,10.05,-0.33,1,再涨停→次日早盘卖,平淡期
2019-07-12,002109,ST兴化,C26化学原料和化学制品制造业,3.85508958,2019-07-15,3.83,-0.88,1,没涨停→尾盘卖,平淡期
2019-07-15,002453,华软科技,C26化学原料和化学制品制造业,6.23,2019-07-16,6.27,0.49,1,没涨停→尾盘卖,平淡期
2019-07-16,000790,华神科技,C27医药制造业,4.85611275,2019-07-17,4.55,-6.46,1,没涨停→尾盘卖,恐慌期
2019-07-16,002386,天原股份,C26化学原料和化学制品制造业,4.97849607,2019-07-17,4.83,-3.04,1,没涨停→尾盘卖,恐慌期
2019-07-17,002068,黑猫股份,C26化学原料和化学制品制造业,5.51183204,2019-07-18,5.25,-4.87,1,没涨停→尾盘卖,平淡期
2019-07-17,002426,胜利精密,C39计算机、通信和其他电子设备制造业,2.81,2019-07-18,2.86,1.63,1,没涨停→尾盘卖,平淡期
2019-07-19,002362,汉王科技,C39计算机、通信和其他电子设备制造业,16.58,2019-07-22,16.01,-3.59,1,没涨停→尾盘卖,平淡期
2019-07-22,600722,金牛化工,C26化学原料和化学制品制造业,6.49,2019-07-23,6.61,1.7,1,没涨停→尾盘卖,恐慌期
2019-07-22,603227,雪峰科技,C26化学原料和化学制品制造业,3.69581045,2019-07-24,4.08,10.11,2,再涨停→次日早盘卖,恐慌期
2019-07-24,002384,东山精密,C39计算机、通信和其他电子设备制造业,15.16008953,2019-07-25,15.38,1.31,1,没涨停→尾盘卖,平淡期
2019-07-30,600695,退市绿庭,,6.28,2019-07-31,5.99,-4.77,1,没涨停→尾盘卖,平淡期
2019-08-07,000603,盛达资源,B09有色金属矿采选业,12.94373051,2019-08-08,13.39,3.32,1,没涨停→尾盘卖,平淡期
2019-08-07,600105,永鼎股份,C38电气机械和器材制造业,3.89558502,2019-08-08,4.05,3.83,1,没涨停→尾盘卖,平淡期
2019-08-07,600711,盛屯矿业,B09有色金属矿采选业,5.0706783,2019-08-08,5.03,-0.9,1,没涨停→尾盘卖,平淡期
2019-08-09,002815,崇达技术,C39计算机、通信和其他电子设备制造业,15.38612468,2019-08-12,16.21,5.2,1,没涨停→尾盘卖,平淡期
2019-08-09,603920,世运电路,C39计算机、通信和其他电子设备制造业,9.19144829,2019-08-13,11.12,20.85,2,再涨停→次日早盘卖,平淡期
2019-08-12,002241,歌尔股份,C39计算机、通信和其他电子设备制造业,11.0362112,2019-08-13,11.19,1.23,1,没涨停→尾盘卖,平淡期
2019-08-12,002751,易尚退,,19.5724611,2019-08-14,23.41,19.44,2,再涨停→次日早盘卖,平淡期
2019-08-13,600781,退市辅仁,,6.29,2019-08-14,6.18,-1.9,1,没涨停→尾盘卖,恐慌期
2019-08-15,002317,众生药业,C27医药制造业,9.76520148,2019-08-16,9.81,0.31,1,没涨停→尾盘卖,平淡期
2019-08-15,600211,西藏药业,C27医药制造业,16.81726914,2019-08-16,17.1,1.54,1,没涨停→尾盘卖,平淡期
2019-08-15,002194,武汉凡谷,C39计算机、通信和其他电子设备制造业,14.22006684,2019-08-19,16.98,19.27,2,再涨停→次日早盘卖,平淡期
2019-08-16,002180,奔图科技,C39计算机、通信和其他电子设备制造业,23.67626568,2019-08-19,24.04,1.39,1,没涨停→尾盘卖,平淡期
2019-08-19,000019,深粮控股,F51批发业,5.43713136,2019-08-20,5.44,-0.15,1,没涨停→尾盘卖,主线期
2019-08-19,000020,深华发A,C39计算机、通信和其他电子设备制造业,11.37,2019-08-20,11.58,1.7,1,没涨停→尾盘卖,主线期
2019-08-19,000027,深圳能源,D44电力、热力生产和供应业,4.48656704,2019-08-20,4.37,-2.71,1,没涨停→尾盘卖,主线期
2019-08-20,600664,哈药股份,C27医药制造业,4.37,2019-08-21,4.39,0.31,1,没涨停→尾盘卖,平淡期
2019-08-21,002218,拓日新能,C38电气机械和器材制造业,3.15245775,2019-08-22,3.17,0.47,1,没涨停→尾盘卖,恐慌期
2019-08-21,002459,晶澳科技,C38电气机械和器材制造业,5.6144629,2019-08-22,5.63,0.11,1,没涨停→尾盘卖,恐慌期
2019-08-22,000610,*ST西旅,L72商务服务业,9.67931193,2019-08-23,9.67,-0.25,1,没涨停→尾盘卖,平淡期
2019-08-22,002227,*ST特迅,C38电气机械和器材制造业,12.01225575,2019-08-23,11.71,-2.64,1,没涨停→尾盘卖,平淡期
2019-08-22,002502,ST鼎龙,,3.29,2019-08-23,3.12,-5.32,1,没涨停→尾盘卖,平淡期
2019-08-23,002118,*ST紫鑫,,6.37,2019-08-26,6.69,4.87,1,没涨停→尾盘卖,平淡期
2019-08-23,002505,鹏都农牧,,1.74,2019-08-26,1.91,9.62,1,没涨停→尾盘卖,平淡期
2019-08-26,002925,盈趣科技,C39计算机、通信和其他电子设备制造业,21.00898332,2019-08-27,21.8,3.64,1,没涨停→尾盘卖,恐慌期
2019-08-26,600081,东风科技,C36汽车制造业,9.812385,2019-08-28,11.3,15.01,2,再涨停→次日早盘卖,恐慌期
2019-08-26,601777,千里科技,C36汽车制造业,3.58,2019-08-28,4.33,20.8,2,再涨停→次日早盘卖,恐慌期
2019-08-27,002019,亿帆医药,C27医药制造业,12.7073618,2019-08-28,12.34,-3.04,1,没涨停→尾盘卖,妖股期
2019-08-28,600157,永泰能源,D44电力、热力生产和供应业,1.60974702,2019-08-29,1.6,-0.77,1,没涨停→尾盘卖,妖股期
2019-08-28,600280,中央商场,F52零售业,3.51,2019-08-29,3.4,-3.28,1,没涨停→尾盘卖,妖股期
2019-08-28,600775,南京熊猫,C39计算机、通信和其他电子设备制造业,11.71791075,2019-08-29,11.36,-3.19,1,没涨停→尾盘卖,妖股期
2019-08-29,002153,石基信息,I65软件和信息技术服务业,13.67408174,2019-08-30,13.25,-3.26,1,没涨停→尾盘卖,平淡期
2019-08-29,600476,*ST湘邮,I65软件和信息技术服务业,17.62,2019-08-30,17.22,-2.42,1,没涨停→尾盘卖,平淡期
2019-08-30,000547,航天发展,C39计算机、通信和其他电子设备制造业,10.7555144,2019-09-03,11.96,11.03,2,再涨停→次日早盘卖,平淡期
2019-09-02,000066,中国长城,C39计算机、通信和其他电子设备制造业,11.52134676,2019-09-03,12.41,7.52,1,没涨停→尾盘卖,平淡期
2019-09-02,000555,神州信息,I65软件和信息技术服务业,11.3260165,2019-09-03,11.45,0.98,1,没涨停→尾盘卖,平淡期
2019-09-03,600198,大唐电信,C39计算机、通信和其他电子设备制造业,11.67,2019-09-04,11.58,-0.92,1,没涨停→尾盘卖,平淡期
2019-09-03,002730,电光科技,C35专用设备制造业,7.69425624,2019-09-05,9.28,20.5,2,再涨停→次日早盘卖,平淡期
2019-09-04,000517,荣安地产,K70房地产业,2.10927948,2019-09-05,2.09,-1.17,1,没涨停→尾盘卖,平淡期
2019-09-04,600641,先导基电,K70房地产业,9.74914488,2019-09-05,9.58,-1.91,1,没涨停→尾盘卖,平淡期
2019-09-05,002796,世嘉科技,C39计算机、通信和其他电子设备制造业,29.44110114,2019-09-06,29.38,-0.35,1,没涨停→尾盘卖,平淡期
2019-09-05,002851,麦格米特,C38电气机械和器材制造业,21.92867775,2019-09-06,21.93,-0.15,1,没涨停→尾盘卖,平淡期
2019-09-05,600291,退市西水,,9.3,2019-09-06,9.66,3.72,1,没涨停→尾盘卖,平淡期
2019-09-06,603773,沃格光电,C39计算机、通信和其他电子设备制造业,15.4789344,2019-09-09,15.95,2.91,1,没涨停→尾盘卖,平淡期
2019-09-09,002217,ST合力泰,C39计算机、通信和其他电子设备制造业,6.45859489,2019-09-10,6.44,-0.46,1,没涨停→尾盘卖,平淡期
2019-09-09,002474,榕基软件,I65软件和信息技术服务业,9.06139377,2019-09-10,8.73,-3.78,1,没涨停→尾盘卖,平淡期
2019-09-09,002178,延华智能,I65软件和信息技术服务业,4.03,2019-09-11,4.5,11.51,2,再涨停→次日早盘卖,平淡期
2019-09-10,603005,晶方科技,C39计算机、通信和其他电子设备制造业,8.86724352,2019-09-11,8.36,-5.91,1,没涨停→尾盘卖,平淡期
2019-09-12,002168,ST惠程,C38电气机械和器材制造业,9.2,2019-09-16,9.11,-1.13,1,没涨停→尾盘卖,平淡期
2019-09-12,002471,中超控股,C38电气机械和器材制造业,3.0525514,2019-09-16,2.96,-3.05,1,没涨停→尾盘卖,平淡期
2019-09-12,002662,峰璟股份,C36汽车制造业,3.03285039,2019-09-16,3.15,3.78,1,没涨停→尾盘卖,平淡期
2019-09-17,002892,科力尔,C38电气机械和器材制造业,10.91128372,2019-09-18,10.46,-4.26,1,没涨停→尾盘卖,恐慌期
2019-09-17,002911,佛燃能源,D45燃气生产和供应业,5.80464429,2019-09-18,5.64,-3.06,1,没涨停→尾盘卖,恐慌期
2019-09-17,600896,退市海医,,4.7,2019-09-19,5.5,16.87,2,再涨停→次日早盘卖,恐慌期
2019-09-19,002189,中光学,C39计算机、通信和其他电子设备制造业,24.2639692,2019-09-20,23.96,-1.39,1,没涨停→尾盘卖,平淡期
2019-09-19,600151,航天机电,C38电气机械和器材制造业,5.72,2019-09-20,5.61,-2.07,1,没涨停→尾盘卖,平淡期
2019-09-20,000008,神州高铁,C37铁路、船舶、航空航天和其他运输设备制造业,3.94666668,2019-09-23,4.02,1.62,1,没涨停→尾盘卖,平淡期
2019-09-20,600495,晋西车轴,C37铁路、船舶、航空航天和其他运输设备制造业,4.7010288,2019-09-23,4.82,2.35,1,没涨停→尾盘卖,平淡期
2019-09-20,603111,康尼机电,C37铁路、船舶、航空航天和其他运输设备制造业,5.16908788,2019-09-23,4.97,-3.92,1,没涨停→尾盘卖,平淡期
2019-09-23,002156,通富微电,C39计算机、通信和其他电子设备制造业,11.6566884,2019-09-24,12.46,6.74,1,没涨停→尾盘卖,平淡期
2019-09-23,002906,华阳集团,C39计算机、通信和其他电子设备制造业,11.624675,2019-09-25,12.15,4.41,2,再涨停→次日早盘卖,平淡期
2019-09-24,600800,渤海化学,C26化学原料和化学制品制造业,6.3,2019-09-25,6.14,-2.69,1,没涨停→尾盘卖,恐慌期
2019-09-25,600353,旭光电子,C39计算机、通信和其他电子设备制造业,4.33170625,2019-09-27,4.83,11.37,2,再涨停→次日早盘卖,平淡期
2019-09-27,002152,广电运通,C39计算机、通信和其他电子设备制造业,7.28770615,2019-09-30,7.63,4.59,1,没涨停→尾盘卖,平淡期
2019-09-27,002655,共达电声,C39计算机、通信和其他电子设备制造业,10.49385339,2019-09-30,10.07,-4.21,1,没涨停→尾盘卖,平淡期
2019-09-27,600363,联创光电,C39计算机、通信和其他电子设备制造业,12.89208728,2019-09-30,12.39,-4.06,1,没涨停→尾盘卖,平淡期
2019-09-30,600387,退市海越,,8.26251232,2019-10-08,8.12,-1.93,1,没涨停→尾盘卖,恐慌期
2019-10-08,601028,玉龙股份,,4.9051827,2019-10-09,4.97,1.26,1,没涨停→尾盘卖,平淡期
2019-10-09,600075,新疆天业,C26化学原料和化学制品制造业,4.81682479,2019-10-10,4.89,1.42,1,没涨停→尾盘卖,平淡期
2019-10-09,600360,华微电子,C39计算机、通信和其他电子设备制造业,6.25637794,2019-10-10,6.38,1.88,1,没涨停→尾盘卖,平淡期
2019-10-09,603360,百傲化学,C26化学原料和化学制品制造业,7.84011074,2019-10-10,8.01,2.05,1,没涨停→尾盘卖,平淡期
2019-10-10,002498,汉缆股份,C38电气机械和器材制造业,2.88598893,2019-10-11,2.8,-3.06,1,没涨停→尾盘卖,平淡期
2019-10-10,002913,奥士康,C39计算机、通信和其他电子设备制造业,26.00129196,2019-10-11,25.5,-2.09,1,没涨停→尾盘卖,平淡期
2019-10-10,600203,福日电子,C39计算机、通信和其他电子设备制造业,7.37617331,2019-10-11,7.04,-4.75,1,没涨停→尾盘卖,平淡期
2019-10-11,000976,*ST华铁,,5.7086883,2019-10-14,5.74,0.37,1,没涨停→尾盘卖,平淡期
2019-10-11,002619,*ST艾格,,3.14,2019-10-14,3.14,-0.15,1,没涨停→尾盘卖,平淡期
2019-10-14,000606,顺利退,,6.38,2019-10-15,6.11,-4.38,1,没涨停→尾盘卖,妖股期
2019-10-14,603519,立霸股份,C38电气机械和器材制造业,10.4695306,2019-10-15,9.79,-6.65,1,没涨停→尾盘卖,妖股期
2019-10-14,600393,ST粤泰,,2.67,2019-10-16,3.09,15.58,2,再涨停→次日早盘卖,妖股期
2019-10-15,600212,绿能慧充,C38电气机械和器材制造业,5.84,2019-10-16,5.49,-6.14,1,没涨停→尾盘卖,平淡期
2019-10-17,002448,中原内配,C36汽车制造业,5.0558256,2019-10-21,5.34,5.49,2,再涨停→次日早盘卖,平淡期
2019-10-21,002124,天邦食品,A03畜牧业,9.8397145,2019-10-22,10.33,4.82,1,没涨停→尾盘卖,恐慌期
2019-10-21,600975,新五丰,A03畜牧业,9.42162484,2019-10-22,9.6,1.74,1,没涨停→尾盘卖,恐慌期
2019-10-22,000153,丰原药业,C27医药制造业,4.56159,2019-10-23,4.64,1.59,1,没涨停→尾盘卖,恐慌期
2019-10-22,000882,华联股份,L72商务服务业,2.4,2019-10-23,2.3,-4.32,1,没涨停→尾盘卖,恐慌期
2019-10-28,000040,*ST旭蓝,,5.27,2019-10-29,5.13,-2.81,1,没涨停→尾盘卖,主线期
2019-10-28,002115,三维通信,L72商务服务业,8.62441314,2019-10-29,8.29,-4.07,1,没涨停→尾盘卖,主线期
2019-10-28,002296,辉煌科技,C38电气机械和器材制造业,7.12269536,2019-10-29,6.74,-5.5,1,没涨停→尾盘卖,主线期
2019-11-06,002724,海洋王,C38电气机械和器材制造业,6.73500817,2019-11-07,7.08,5.01,1,没涨停→尾盘卖,恐慌期
2019-11-07,000687,华讯退,,7.11,2019-11-11,7.37,3.51,2,再涨停→次日早盘卖,平淡期
2019-11-07,603031,安孚科技,C38电气机械和器材制造业,8.39215975,2019-11-11,10.16,20.88,2,再涨停→次日早盘卖,平淡期
2019-11-13,002077,大港股份,C39计算机、通信和其他电子设备制造业,5.42,2019-11-14,5.47,0.77,1,没涨停→尾盘卖,平淡期
2019-11-14,002635,安洁科技,C39计算机、通信和其他电子设备制造业,14.48507676,2019-11-15,14.19,-2.17,1,没涨停→尾盘卖,平淡期
2019-11-14,002681,奋达科技,C39计算机、通信和其他电子设备制造业,4.58,2019-11-15,4.69,2.25,1,没涨停→尾盘卖,平淡期
2019-11-14,600130,波导股份,C39计算机、通信和其他电子设备制造业,3.63,2019-11-15,3.5,-3.73,1,没涨停→尾盘卖,平淡期
2019-11-18,600836,*ST易连,,4.17,2019-11-19,4.35,4.17,1,没涨停→尾盘卖,平淡期
2019-11-19,002555,三七互娱,I64互联网和相关服务,16.50505066,2019-11-20,17.04,3.11,1,没涨停→尾盘卖,平淡期
2019-11-19,600532,退市未来,,3.65,2019-11-21,4.02,9.99,2,再涨停→次日早盘卖,平淡期
2019-11-20,000587,*ST金洲,,1.87,2019-11-21,1.81,-3.36,1,没涨停→尾盘卖,恐慌期
2019-11-20,603496,恒为科技,C39计算机、通信和其他电子设备制造业,13.6705492,2019-11-21,13.04,-4.78,1,没涨停→尾盘卖,恐慌期
2019-11-21,603555,ST贵人,,3.86,2019-11-25,4.68,21.09,2,再涨停→次日早盘卖,平淡期
2019-11-25,000671,ST阳光城,,6.48920909,2019-11-26,6.2,-4.59,1,没涨停→尾盘卖,恐慌期
2019-11-25,000717,中南股份,C31黑色金属冶炼和压延加工业,4.05760212,2019-11-26,3.99,-1.86,1,没涨停→尾盘卖,恐慌期
2019-11-25,600425,青松建化,C30非金属矿物制品业,3.18371766,2019-11-26,3.22,0.94,1,没涨停→尾盘卖,恐慌期
2019-12-03,000622,恒立退,,4.94,2019-12-04,5.11,3.29,1,没涨停→尾盘卖,平淡期
2019-12-03,600277,ST亿利,,3.05318208,2019-12-04,3.0,-1.83,1,没涨停→尾盘卖,平淡期
2019-12-05,603516,淳中科技,C39计算机、通信和其他电子设备制造业,25.84443904,2019-12-06,25.29,-2.3,1,没涨停→尾盘卖,平淡期
2019-12-06,002288,*ST超华,,4.92,2019-12-09,4.96,0.66,1,没涨停→尾盘卖,平淡期
2019-12-09,603028,赛福天,C33金属制品业,8.46676908,2019-12-10,8.63,1.81,1,没涨停→尾盘卖,恐慌期
2019-12-11,002231,*ST奥维,,7.52,2019-12-12,7.6,0.91,1,没涨停→尾盘卖,平淡期
2019-12-11,600136,ST明诚,R87广播、电视、电影和录音制作业,10.95,2019-12-12,10.89,-0.7,1,没涨停→尾盘卖,平淡期
2019-12-12,000823,超声电子,C39计算机、通信和其他电子设备制造业,10.7698651,2019-12-13,10.79,0.02,1,没涨停→尾盘卖,平淡期
2019-12-12,603006,联明股份,C36汽车制造业,8.63810815,2019-12-13,8.84,2.15,1,没涨停→尾盘卖,平淡期
2019-12-13,000416,*ST民控,,5.26228022,2019-12-16,5.41,2.64,1,没涨停→尾盘卖,平淡期
2019-12-13,603659,璞泰来,C39计算机、通信和其他电子设备制造业,17.69486766,2019-12-16,18.08,2.02,1,没涨停→尾盘卖,平淡期
2019-12-13,600695,退市绿庭,,5.69,2019-12-17,6.76,18.65,2,再涨停→次日早盘卖,平淡期
2019-12-16,000525,红太阳,C26化学原料和化学制品制造业,8.216883,2019-12-17,8.23,-0.04,1,没涨停→尾盘卖,平淡期
2019-12-16,600580,卧龙电驱,C38电气机械和器材制造业,9.08618173,2019-12-17,9.29,2.09,1,没涨停→尾盘卖,平淡期
2019-12-17,000413,ST旭电,,3.54,2019-12-18,3.69,4.09,1,没涨停→尾盘卖,平淡期
2019-12-17,600776,东方通信,C39计算机、通信和其他电子设备制造业,21.53746773,2019-12-18,22.03,2.15,1,没涨停→尾盘卖,平淡期
2019-12-17,603738,泰晶科技,C39计算机、通信和其他电子设备制造业,9.18348515,2019-12-19,10.05,9.25,2,再涨停→次日早盘卖,平淡期
2019-12-18,002512,ST达华,C39计算机、通信和其他电子设备制造业,5.95,2019-12-19,6.12,2.71,1,没涨停→尾盘卖,平淡期
2019-12-18,002602,世纪华通,I64互联网和相关服务,9.36710392,2019-12-19,9.74,3.85,1,没涨停→尾盘卖,平淡期
2019-12-19,002739,儒意电影,R87广播、电视、电影和录音制作业,18.15,2019-12-20,18.2,0.13,1,没涨停→尾盘卖,平淡期
2019-12-19,600330,天通股份,C39计算机、通信和其他电子设备制造业,7.2128518,2019-12-20,6.97,-3.49,1,没涨停→尾盘卖,平淡期
2019-12-19,002284,亚太股份,C36汽车制造业,5.16996942,2019-12-23,5.77,11.54,2,再涨停→次日早盘卖,平淡期
2019-12-24,000970,中科三环,C39计算机、通信和其他电子设备制造业,9.6270155,2019-12-25,9.57,-0.79,1,没涨停→尾盘卖,平淡期
2019-12-24,002176,江特电机,C32有色金属冶炼和压延加工业,3.77,2019-12-25,3.67,-2.8,1,没涨停→尾盘卖,平淡期
2019-12-24,002436,兴森科技,C39计算机、通信和其他电子设备制造业,8.05825416,2019-12-25,8.1,0.33,1,没涨停→尾盘卖,平淡期
2019-12-25,002006,精工科技,C35专用设备制造业,4.66373115,2019-12-26,4.6,-1.59,1,没涨停→尾盘卖,平淡期
2019-12-25,600139,*ST西源,,3.58,2019-12-26,3.6,0.41,1,没涨停→尾盘卖,平淡期
2019-12-26,002503,*ST搜特,,2.44,2019-12-27,2.36,-3.43,1,没涨停→尾盘卖,平淡期
2019-12-26,600636,退市国化,,9.93598439,2019-12-27,9.73,-2.27,1,没涨停→尾盘卖,平淡期
2019-12-26,603379,三美股份,C26化学原料和化学制品制造业,25.43920236,2019-12-27,24.73,-2.92,1,没涨停→尾盘卖,平淡期
2019-12-27,002485,ST雪发,L72商务服务业,6.78,2019-12-30,7.04,3.68,1,没涨停→尾盘卖,平淡期
2019-12-27,601777,千里科技,C36汽车制造业,3.22,2019-12-30,3.1,-3.88,1,没涨停→尾盘卖,平淡期
2019-12-30,002669,康达新材,C26化学原料和化学制品制造业,13.19273238,2019-12-31,12.81,-3.08,1,没涨停→尾盘卖,平淡期
2019-12-30,600819,耀皮玻璃,C30非金属矿物制品业,4.97691936,2019-12-31,4.88,-2.08,1,没涨停→尾盘卖,平淡期
2019-12-30,600053,*ST九鼎,J67资本市场服务,22.83846776,2020-01-02,27.63,20.83,2,再涨停→次日早盘卖,平淡期
2019-12-31,000518,四环生物,C27医药制造业,3.63,2020-01-02,3.72,2.33,1,没涨停→尾盘卖,平淡期
2019-12-31,002581,*ST未名,C27医药制造业,7.24,2020-01-02,7.22,-0.43,1,没涨停→尾盘卖,平淡期
2020-01-02,002127,南极电商,L72商务服务业,10.91964,2020-01-03,11.01,0.68,1,没涨停→尾盘卖,妖股期
2020-01-02,002384,东山精密,C39计算机、通信和其他电子设备制造业,24.51525705,2020-01-03,25.89,5.46,1,没涨停→尾盘卖,妖股期
2020-01-02,601608,中信重工,C35专用设备制造业,3.95979076,2020-01-03,3.9,-1.62,1,没涨停→尾盘卖,妖股期
2020-01-03,002170,芭田股份,C26化学原料和化学制品制造业,3.2850376,2020-01-06,3.55,7.96,1,没涨停→尾盘卖,妖股期
2020-01-03,600371,万向德农,A05农、林、牧、渔专业及辅助性活动,9.55389312,2020-01-06,10.19,6.5,1,没涨停→尾盘卖,妖股期
2020-01-03,600354,敦煌种业,A05农、林、牧、渔专业及辅助性活动,5.82,2020-01-07,6.09,4.49,2,再涨停→次日早盘卖,妖股期
2020-01-06,002052,同洲电子,C39计算机、通信和其他电子设备制造业,3.63,2020-01-07,3.67,0.95,1,没涨停→尾盘卖,妖股期
2020-01-06,002441,众业达,F51批发业,6.52037222,2020-01-08,7.67,17.43,2,再涨停→次日早盘卖,妖股期
2020-01-07,002218,拓日新能,C38电气机械和器材制造业,3.27855606,2020-01-08,3.4,3.7,1,没涨停→尾盘卖,妖股期
2020-01-07,002309,中利集团,C38电气机械和器材制造业,6.92,2020-01-08,6.89,-0.58,1,没涨停→尾盘卖,妖股期
2020-01-08,000559,万向钱潮,C36汽车制造业,5.21519702,2020-01-09,5.01,-4.07,1,没涨停→尾盘卖,平淡期
2020-01-08,002759,ST天际,C26化学原料和化学制品制造业,10.30524932,2020-01-09,10.5,1.7,1,没涨停→尾盘卖,平淡期
2020-01-08,601208,东材科技,C26化学原料和化学制品制造业,4.1030314,2020-01-09,4.1,-0.33,1,没涨停→尾盘卖,平淡期
2020-01-09,000881,中广核技,C26化学原料和化学制品制造业,7.5433437,2020-01-10,7.38,-2.37,1,没涨停→尾盘卖,平淡期
2020-01-09,002094,青岛金王,C26化学原料和化学制品制造业,5.43,2020-01-10,5.29,-2.73,1,没涨停→尾盘卖,平淡期
2020-01-09,600129,太极集团,C27医药制造业,12.6584304,2020-01-10,12.49,-1.48,1,没涨停→尾盘卖,平淡期
2020-01-10,002350,北京科锐,C38电气机械和器材制造业,5.90141145,2020-01-13,5.75,-2.68,1,没涨停→尾盘卖,平淡期
2020-01-13,002414,高德红外,C39计算机、通信和其他电子设备制造业,6.1829493,2020-01-14,6.02,-2.82,1,没涨停→尾盘卖,平淡期
2020-01-13,002869,金溢科技,C39计算机、通信和其他电子设备制造业,46.1599959,2020-01-14,43.04,-6.92,1,没涨停→尾盘卖,平淡期
2020-01-13,002837,英维克,C35专用设备制造业,3.60043017,2020-01-15,4.18,16.06,2,再涨停→次日早盘卖,平淡期
2020-01-14,000046,*ST泛海,,4.91747387,2020-01-15,4.92,-0.15,1,没涨停→尾盘卖,平淡期
2020-01-14,000408,藏格矿业,C26化学原料和化学制品制造业,6.56498928,2020-01-15,6.27,-4.68,1,没涨停→尾盘卖,平淡期
2020-01-15,603359,*ST东珠,E48土木工程建筑业,11.7244506,2020-01-16,12.15,3.45,1,没涨停→尾盘卖,恐慌期
2020-01-16,000049,德赛电池,C38电气机械和器材制造业,26.51769939,2020-01-17,26.15,-1.55,1,没涨停→尾盘卖,恐慌期
2020-01-16,600550,保变电气,C38电气机械和器材制造业,3.43,2020-01-17,3.38,-1.61,1,没涨停→尾盘卖,恐慌期
2020-01-20,000547,航天发展,C39计算机、通信和其他电子设备制造业,12.7469112,2020-01-21,13.0,1.86,1,没涨停→尾盘卖,平淡期
2020-01-20,002022,科华生物,C27医药制造业,12.46325488,2020-01-22,15.08,20.85,2,再涨停→次日早盘卖,平淡期
2020-01-20,002584,西陇科学,C26化学原料和化学制品制造业,5.5617856,2020-01-22,6.26,12.35,2,再涨停→次日早盘卖,平淡期
2020-01-21,000790,华神科技,C27医药制造业,5.11325925,2020-01-22,4.77,-6.92,1,没涨停→尾盘卖,平淡期
2020-01-22,002409,雅克科技,C26化学原料和化学制品制造业,33.93542094,2020-01-23,32.16,-5.37,1,没涨停→尾盘卖,恐慌期
2020-01-22,002709,天赐材料,C39计算机、通信和其他电子设备制造业,7.35541805,2020-01-23,7.02,-4.7,1,没涨停→尾盘卖,恐慌期
2020-01-22,600171,上海贝岭,C39计算机、通信和其他电子设备制造业,18.32265168,2020-01-23,18.32,-0.15,1,没涨停→尾盘卖,恐慌期
2020-02-03,000698,ST沈化,C26化学原料和化学制品制造业,3.87016896,2020-02-04,4.11,5.97,1,没涨停→尾盘卖,恐慌期
2020-02-03,000756,新华制药,C27医药制造业,8.54791704,2020-02-04,8.36,-2.39,1,没涨停→尾盘卖,恐慌期
2020-02-03,002326,永太科技,C26化学原料和化学制品制造业,12.60108072,2020-02-05,14.86,17.77,2,再涨停→次日早盘卖,恐慌期
2020-02-04,000153,丰原药业,C27医药制造业,4.667366,2020-02-05,5.0,6.93,1,没涨停→尾盘卖,主线期
2020-02-04,002082,ST万邦,C27医药制造业,9.17277966,2020-02-05,9.77,6.39,1,没涨停→尾盘卖,主线期
2020-02-05,002019,亿帆医药,C27医药制造业,18.3271829,2020-02-06,18.88,2.85,1,没涨停→尾盘卖,妖股期
2020-02-05,002118,*ST紫鑫,,6.61,2020-02-06,6.84,3.33,1,没涨停→尾盘卖,妖股期
2020-02-05,000635,英力特,C26化学原料和化学制品制造业,7.25478767,2020-02-07,8.58,18.09,2,再涨停→次日早盘卖,妖股期
2020-02-06,000566,海南海药,C27医药制造业,8.46,2020-02-07,9.1,7.41,1,没涨停→尾盘卖,平淡期
2020-02-06,000733,振华科技,C39计算机、通信和其他电子设备制造业,18.38616436,2020-02-07,19.61,6.52,1,没涨停→尾盘卖,平淡期
2020-02-07,000659,珠海中富,C29橡胶和塑料制品业,2.38,2020-02-10,2.34,-1.83,1,没涨停→尾盘卖,妖股期
2020-02-07,000826,*ST启环,N78公共设施管理业,9.69,2020-02-10,9.94,2.43,1,没涨停→尾盘卖,妖股期
2020-02-07,002757,南兴股份,C35专用设备制造业,10.41133416,2020-02-11,11.53,10.56,2,再涨停→次日早盘卖,妖股期
2020-02-10,000401,金隅冀东,C30非金属矿物制品业,12.85658517,2020-02-11,13.0,0.93,1,没涨停→尾盘卖,妖股期
2020-02-10,000530,冰山冷热,C34通用设备制造业,3.76457984,2020-02-11,3.62,-3.98,1,没涨停→尾盘卖,妖股期
2020-02-11,002798,帝欧水华,C30非金属矿物制品业,21.74625784,2020-02-12,22.91,5.18,1,没涨停→尾盘卖,恐慌期
2020-02-11,002938,鹏鼎控股,C39计算机、通信和其他电子设备制造业,41.07454848,2020-02-12,41.35,0.51,1,没涨停→尾盘卖,恐慌期
2020-02-11,600351,亚宝药业,C27医药制造业,5.0167326,2020-02-12,4.91,-2.3,1,没涨停→尾盘卖,恐慌期
2020-02-12,002383,合众思壮,C39计算机、通信和其他电子设备制造业,11.0,2020-02-13,11.16,1.3,1,没涨停→尾盘卖,平淡期
2020-02-12,002518,科士达,C38电气机械和器材制造业,12.32537565,2020-02-13,13.09,6.07,1,没涨停→尾盘卖,平淡期
2020-02-12,002168,ST惠程,C38电气机械和器材制造业,7.79,2020-02-14,8.6,10.25,2,再涨停→次日早盘卖,平淡期
2020-02-13,002562,兄弟科技,C27医药制造业,4.80792165,2020-02-14,5.05,4.84,1,没涨停→尾盘卖,平淡期
2020-02-13,600096,云天化,C26化学原料和化学制品制造业,4.54576055,2020-02-14,4.89,7.39,1,没涨停→尾盘卖,平淡期
2020-02-14,000545,金浦钛业,C26化学原料和化学制品制造业,2.93855184,2020-02-17,3.1,5.26,1,没涨停→尾盘卖,平淡期
2020-02-14,603118,共进股份,C39计算机、通信和其他电子设备制造业,12.86656424,2020-02-18,14.08,9.25,2,再涨停→次日早盘卖,平淡期
2020-02-17,000553,安道麦A,C26化学原料和化学制品制造业,11.0162505,2020-02-18,10.65,-3.48,1,没涨停→尾盘卖,妖股期
2020-02-17,000004,国华退,,23.47,2020-02-19,26.84,14.21,2,再涨停→次日早盘卖,妖股期
2020-02-18,002055,ST得润,C39计算机、通信和其他电子设备制造业,12.66,2020-02-19,13.1,3.33,1,没涨停→尾盘卖,主线期
2020-02-18,002189,中光学,C39计算机、通信和其他电子设备制造业,20.76454416,2020-02-19,21.94,5.53,1,没涨停→尾盘卖,主线期
2020-02-19,000720,新能泰山,C38电气机械和器材制造业,5.45,2020-02-20,5.56,1.87,1,没涨停→尾盘卖,妖股期
2020-02-19,000801,四川九洲,C39计算机、通信和其他电子设备制造业,5.263599,2020-02-20,5.18,-1.79,1,再涨停→次日早盘卖,妖股期
2020-02-19,000913,钱江摩托,C37铁路、船舶、航空航天和其他运输设备制造业,9.5575854,2020-02-20,9.57,0.02,1,没涨停→尾盘卖,妖股期
2020-02-20,000993,闽东电力,D44电力、热力生产和供应业,6.985491,2020-02-21,6.84,-2.22,1,没涨停→尾盘卖,妖股期
2020-02-20,002926,华西证券,J67资本市场服务,11.02357404,2020-02-21,11.38,3.05,1,没涨停→尾盘卖,妖股期
2020-02-20,002028,思源电气,C38电气机械和器材制造业,15.32983772,2020-02-24,18.55,20.88,2,再涨停→次日早盘卖,妖股期
2020-02-21,000889,中嘉博创,I65软件和信息技术服务业,6.85126862,2020-02-24,7.3,6.42,1,没涨停→尾盘卖,主线期
2020-02-21,002123,梦网科技,I65软件和信息技术服务业,20.81669699,2020-02-24,22.31,7.03,1,没涨停→尾盘卖,主线期
2020-02-24,000070,特发信息,C39计算机、通信和其他电子设备制造业,12.18071121,2020-02-25,12.31,0.91,1,没涨停→尾盘卖,主线期
2020-02-24,000829,天音控股,F51批发业,6.36097308,2020-02-25,6.77,6.3,1,没涨停→尾盘卖,主线期
2020-02-24,000839,国安股份,I65软件和信息技术服务业,3.92,2020-02-25,4.09,4.19,1,没涨停→尾盘卖,主线期
2020-02-25,000012,南玻A,C30非金属矿物制品业,5.33159704,2020-02-26,5.18,-3.07,1,没涨停→尾盘卖,主线期
2020-02-25,002151,北斗星通,C39计算机、通信和其他电子设备制造业,32.751213,2020-02-26,33.15,1.06,1,没涨停→尾盘卖,主线期
2020-02-25,002167,东方锆业,C32有色金属冶炼和压延加工业,6.84,2020-02-26,6.5,-5.12,1,没涨停→尾盘卖,主线期
2020-02-26,000030,富奥股份,C36汽车制造业,3.8513313,2020-02-27,4.0,3.77,1,没涨停→尾盘卖,妖股期
2020-02-26,002051,中工国际,E48土木工程建筑业,8.55687894,2020-02-27,8.34,-2.74,1,没涨停→尾盘卖,妖股期
2020-02-26,002062,宏润建设,E48土木工程建筑业,3.308925,2020-02-28,3.5,5.72,2,再涨停→次日早盘卖,妖股期
2020-02-27,002452,长高电气,C38电气机械和器材制造业,5.68820007,2020-02-28,5.12,-10.17,1,没涨停→尾盘卖,妖股期
2020-02-27,002730,电光科技,C35专用设备制造业,8.09383718,2020-02-28,7.34,-9.45,1,没涨停→尾盘卖,妖股期
2020-03-02,000066,中国长城,C39计算机、通信和其他电子设备制造业,15.11624268,2020-03-03,15.09,-0.34,1,没涨停→尾盘卖,妖股期
2020-03-02,000672,上峰材料,C30非金属矿物制品业,12.99468274,2020-03-03,13.18,1.31,1,没涨停→尾盘卖,妖股期
2020-03-02,000736,中交发展,K70房地产业,6.27152635,2020-03-04,6.65,5.96,2,再涨停→次日早盘卖,妖股期
2020-03-03,002248,华东数控,C34通用设备制造业,8.14,2020-03-04,8.13,-0.27,1,没涨停→尾盘卖,妖股期
2020-03-03,002816,*ST和科,C34通用设备制造业,24.56,2020-03-04,25.46,3.51,1,没涨停→尾盘卖,妖股期
2020-03-04,000838,*ST发展,K70房地产业,3.0274816,2020-03-05,3.08,1.73,1,没涨停→尾盘卖,妖股期
2020-03-04,000732,ST泰禾,,6.0,2020-03-06,6.39,6.35,2,再涨停→次日早盘卖,妖股期
2020-03-04,002663,普邦股份,E48土木工程建筑业,2.75,2020-03-06,3.0,8.94,2,再涨停→次日早盘卖,妖股期
2020-03-05,000639,ST西王,C13农副食品加工业,5.79,2020-03-06,5.55,-4.3,1,没涨停→尾盘卖,妖股期
2020-03-06,000677,ST海龙,C17纺织业,3.88,2020-03-09,3.91,0.62,1,没涨停→尾盘卖,妖股期
2020-03-06,000837,秦川机床,C34通用设备制造业,4.3762268,2020-03-09,4.17,-4.92,1,没涨停→尾盘卖,妖股期
2020-03-06,002640,跨境通,F52零售业,6.92,2020-03-09,7.01,1.15,1,没涨停→尾盘卖,妖股期
2020-03-09,000150,*ST宜康,,4.6,2020-03-10,4.88,5.94,1,没涨停→尾盘卖,妖股期
2020-03-09,000903,ST云动,C34通用设备制造业,3.26332428,2020-03-11,3.95,20.93,2,再涨停→次日早盘卖,妖股期
2020-03-09,002676,顺威股份,C29橡胶和塑料制品业,3.5795952,2020-03-11,4.34,20.96,2,再涨停→次日早盘卖,妖股期
2020-03-10,000561,烽火电子,C39计算机、通信和其他电子设备制造业,8.05002172,2020-03-12,8.86,9.9,2,再涨停→次日早盘卖,主线期
2020-03-11,002488,金固股份,C36汽车制造业,7.5705196,2020-03-12,7.17,-5.41,1,没涨停→尾盘卖,妖股期
2020-03-12,600130,波导股份,C39计算机、通信和其他电子设备制造业,5.12,2020-03-13,5.2,1.41,1,没涨停→尾盘卖,平淡期
2020-03-13,603618,杭电股份,C38电气机械和器材制造业,6.39135618,2020-03-16,6.16,-3.82,1,没涨停→尾盘卖,平淡期
2020-03-13,600675,中华企业,K70房地产业,4.29793616,2020-03-17,4.47,3.79,2,再涨停→次日早盘卖,平淡期
2020-03-13,601616,广电电气,C38电气机械和器材制造业,3.26584454,2020-03-17,3.46,5.93,2,再涨停→次日早盘卖,平淡期
2020-03-16,600082,ST海泰,F51批发业,3.87474744,2020-03-17,3.96,2.15,1,没涨停→尾盘卖,恐慌期
2020-03-17,002300,太阳电缆,C38电气机械和器材制造业,5.56561812,2020-03-18,5.56,-0.28,1,没涨停→尾盘卖,平淡期
2020-03-17,002339,积成电子,C38电气机械和器材制造业,7.25781507,2020-03-18,7.57,4.18,1,没涨停→尾盘卖,平淡期
2020-03-17,002519,银河电子,C39计算机、通信和其他电子设备制造业,4.76803808,2020-03-18,4.84,1.46,1,没涨停→尾盘卖,平淡期
2020-03-18,600732,爱旭股份,C38电气机械和器材制造业,5.73602868,2020-03-19,5.83,1.56,1,没涨停→尾盘卖,平淡期
2020-03-18,002426,胜利精密,C39计算机、通信和其他电子设备制造业,2.27,2020-03-20,2.75,21.0,2,再涨停→次日早盘卖,平淡期
2020-03-18,603519,立霸股份,C38电气机械和器材制造业,7.8535424,2020-03-20,8.86,12.63,2,再涨停→次日早盘卖,平淡期
2020-03-19,600280,中央商场,F52零售业,2.18,2020-03-23,2.64,20.95,2,再涨停→次日早盘卖,妖股期
2020-03-20,002329,皇氏集团,C14食品制造业,4.95199952,2020-03-23,4.95,-0.15,1,没涨停→尾盘卖,妖股期
2020-03-20,002332,仙琚制药,C27医药制造业,10.92597808,2020-03-23,10.78,-1.49,1,没涨停→尾盘卖,妖股期
2020-03-23,000590,古汉医药,C27医药制造业,10.89,2020-03-24,10.69,-1.99,1,没涨停→尾盘卖,恐慌期
2020-03-23,002437,誉衡药业,C27医药制造业,2.73,2020-03-24,2.66,-2.71,1,没涨停→尾盘卖,恐慌期
2020-03-23,002150,正泰电源,C38电气机械和器材制造业,6.01967352,2020-03-25,7.18,19.15,2,再涨停→次日早盘卖,恐慌期
2020-03-24,000662,天夏退,,3.64,2020-03-25,3.68,0.95,1,没涨停→尾盘卖,妖股期
2020-03-24,002355,兴民智通,C36汽车制造业,6.08,2020-03-25,6.48,6.43,1,再涨停→次日早盘卖,妖股期
2020-03-25,000678,襄阳轴承,C36汽车制造业,6.26,2020-03-26,6.3,0.49,1,没涨停→尾盘卖,妖股期
2020-03-25,002412,汉森制药,C27医药制造业,7.67074896,2020-03-26,7.79,1.38,1,没涨停→尾盘卖,妖股期
2020-03-25,002660,茂硕电源,C39计算机、通信和其他电子设备制造业,9.35936751,2020-03-26,9.73,3.77,1,没涨停→尾盘卖,妖股期
2020-03-26,600191,华资实业,C13农副食品加工业,5.36209058,2020-03-30,5.6,4.3,2,再涨停→次日早盘卖,平淡期
2020-03-27,000976,*ST华铁,,4.8334887,2020-03-30,5.02,3.76,1,没涨停→尾盘卖,平淡期
2020-03-30,002852,道道全,C13农副食品加工业,12.76088499,2020-03-31,13.42,5.04,1,没涨停→尾盘卖,恐慌期
2020-03-30,600366,宁波韵升,C30非金属矿物制品业,5.65358668,2020-03-31,6.05,6.83,1,没涨停→尾盘卖,恐慌期
2020-03-30,603728,鸣志电器,C38电气机械和器材制造业,12.1754461,2020-04-01,13.48,10.55,2,再涨停→次日早盘卖,恐慌期
2020-03-31,002141,贤丰控股,C38电气机械和器材制造业,3.4,2020-04-01,3.28,-3.68,1,没涨停→尾盘卖,妖股期
2020-03-31,002749,国光股份,C26化学原料和化学制品制造业,6.16902072,2020-04-01,6.22,0.65,1,没涨停→尾盘卖,妖股期
2020-04-02,002353,杰瑞股份,C35专用设备制造业,23.2239567,2020-04-03,22.63,-2.71,1,没涨停→尾盘卖,妖股期
2020-04-02,601808,中海油服,B11开采专业及辅助性活动,11.28622788,2020-04-03,11.66,3.15,1,没涨停→尾盘卖,妖股期
2020-04-02,603012,创力集团,C35专用设备制造业,6.1627212,2020-04-03,6.47,4.78,1,没涨停→尾盘卖,妖股期
2020-04-03,000025,特力A,F51批发业,19.55650392,2020-04-07,19.93,1.75,1,没涨停→尾盘卖,妖股期
2020-04-03,000068,华控赛格,F51批发业,3.51,2020-04-07,3.5,-0.43,1,没涨停→尾盘卖,妖股期
2020-04-03,002243,力合科创,C29橡胶和塑料制品业,12.86738529,2020-04-07,13.01,0.94,1,没涨停→尾盘卖,妖股期
2020-04-07,000555,神州信息,I65软件和信息技术服务业,16.80189926,2020-04-08,16.89,0.38,1,没涨停→尾盘卖,妖股期
2020-04-07,000576,甘化科工,C39计算机、通信和其他电子设备制造业,7.43788836,2020-04-08,7.39,-0.81,1,没涨停→尾盘卖,妖股期
2020-04-07,000687,华讯退,,3.82,2020-04-09,4.56,19.22,2,再涨停→次日早盘卖,妖股期
2020-04-08,002180,奔图科技,C39计算机、通信和其他电子设备制造业,31.30484544,2020-04-09,32.12,2.44,1,再涨停→次日早盘卖,妖股期
2020-04-08,002587,奥拓电子,C39计算机、通信和其他电子设备制造业,7.0552204,2020-04-09,6.83,-3.37,1,没涨停→尾盘卖,妖股期
2020-04-09,600609,金杯汽车,C36汽车制造业,4.6241646,2020-04-10,4.7,1.57,1,没涨停→尾盘卖,妖股期
2020-04-13,002395,双象股份,C29橡胶和塑料制品业,15.9126609,2020-04-14,15.5,-2.76,1,没涨停→尾盘卖,平淡期
2020-04-14,002106,莱宝高科,C39计算机、通信和其他电子设备制造业,8.68618086,2020-04-15,8.61,-0.98,1,没涨停→尾盘卖,妖股期
2020-04-14,002506,协鑫集成,C38电气机械和器材制造业,2.94,2020-04-15,2.89,-1.85,1,没涨停→尾盘卖,妖股期
2020-04-15,000766,通化金马,C27医药制造业,6.33,2020-04-16,6.52,2.85,1,没涨停→尾盘卖,平淡期
2020-04-15,002198,ST嘉应,C27医药制造业,5.23283596,2020-04-16,5.03,-3.95,1,没涨停→尾盘卖,平淡期
2020-04-15,603489,八方股份,C38电气机械和器材制造业,35.7922177,2020-04-16,36.76,2.55,1,没涨停→尾盘卖,平淡期
2020-04-16,002127,南极电商,L72商务服务业,11.8933079,2020-04-17,12.62,5.97,1,没涨停→尾盘卖,妖股期
2020-04-16,600577,精达股份,C38电气机械和器材制造业,2.80039254,2020-04-17,2.66,-5.17,1,没涨停→尾盘卖,妖股期
2020-04-20,002246,北化股份,C26化学原料和化学制品制造业,8.15300624,2020-04-21,8.41,3.05,1,没涨停→尾盘卖,妖股期
2020-04-20,002913,奥士康,C39计算机、通信和其他电子设备制造业,25.813557,2020-04-21,25.75,-0.41,1,没涨停→尾盘卖,妖股期
2020-04-22,002119,康强电子,C39计算机、通信和其他电子设备制造业,12.47250448,2020-04-23,12.54,0.48,1,再涨停→次日早盘卖,妖股期
2020-04-22,002539,云图控股,C26化学原料和化学制品制造业,5.2340067,2020-04-23,5.21,-0.64,1,没涨停→尾盘卖,妖股期
2020-04-22,002661,克明食品,C14食品制造业,16.1954964,2020-04-23,16.94,4.43,1,没涨停→尾盘卖,妖股期
2020-04-23,600248,陕建股份,E48土木工程建筑业,3.7668738,2020-04-24,3.69,-2.22,1,没涨停→尾盘卖,妖股期
2020-04-27,002187,广百股份,F52零售业,7.45955168,2020-04-28,7.76,3.91,1,没涨停→尾盘卖,恐慌期
2020-04-27,002755,奥赛康,C27医药制造业,18.69683855,2020-04-28,18.81,0.46,1,没涨停→尾盘卖,恐慌期
2020-04-27,002901,大博医疗,C35专用设备制造业,78.4760535,2020-04-28,81.52,3.73,1,没涨停→尾盘卖,恐慌期
2020-04-29,601608,中信重工,C35专用设备制造业,3.68870484,2020-04-30,3.63,-1.72,1,没涨停→尾盘卖,平淡期
2020-04-29,603338,浙江鼎力,C35专用设备制造业,46.73335822,2020-05-06,51.4,9.83,2,再涨停→次日早盘卖,平淡期
2020-04-30,600291,退市西水,,7.57,2020-05-06,7.65,0.91,1,没涨停→尾盘卖,主线期
2020-04-30,002285,世联行,K70房地产业,2.80713926,2020-05-07,3.0,6.56,2,再涨停→次日早盘卖,主线期
2020-05-06,002057,中钢天源,C26化学原料和化学制品制造业,6.38442378,2020-05-07,6.5,1.67,1,没涨停→尾盘卖,妖股期
2020-05-06,000049,德赛电池,C38电气机械和器材制造业,23.31797699,2020-05-08,26.46,13.33,2,再涨停→次日早盘卖,妖股期
2020-05-07,603016,新宏泰,C38电气机械和器材制造业,23.04769809,2020-05-08,22.93,-0.65,1,没涨停→尾盘卖,妖股期
2020-05-07,603677,奇精机械,C38电气机械和器材制造业,10.2882795,2020-05-08,9.91,-3.8,1,没涨停→尾盘卖,妖股期
2020-05-08,000153,丰原药业,C27医药制造业,5.374743,2020-05-11,5.25,-2.49,1,没涨停→尾盘卖,妖股期
2020-05-08,002621,*ST美吉,,6.63291712,2020-05-11,6.41,-3.49,1,没涨停→尾盘卖,妖股期
2020-05-08,603039,泛微网络,I65软件和信息技术服务业,43.63286,2020-05-11,44.99,2.96,1,没涨停→尾盘卖,妖股期
2020-05-13,000606,顺利退,,4.28,2020-05-14,4.3,0.32,1,没涨停→尾盘卖,妖股期
2020-05-13,600682,南京新百,C27医药制造业,8.7993178,2020-05-14,9.43,7.0,1,没涨停→尾盘卖,妖股期
2020-05-13,600729,重百集团,F52零售业,18.0695052,2020-05-14,18.95,4.7,1,没涨停→尾盘卖,妖股期
2020-05-14,000026,飞亚达,F52零售业,7.51435737,2020-05-15,7.66,1.75,1,没涨停→尾盘卖,平淡期
2020-05-15,002181,粤传媒,L72商务服务业,4.60865921,2020-05-18,4.64,0.45,1,没涨停→尾盘卖,平淡期
2020-05-15,002655,共达电声,C39计算机、通信和其他电子设备制造业,11.23704414,2020-05-18,10.3,-8.53,1,没涨停→尾盘卖,平淡期
2020-05-15,600602,云赛智联,I65软件和信息技术服务业,7.73808453,2020-05-18,7.53,-2.9,1,没涨停→尾盘卖,平淡期
2020-05-18,000831,中国稀土,C32有色金属冶炼和压延加工业,11.4555727,2020-05-19,11.76,2.53,1,没涨停→尾盘卖,平淡期
2020-05-18,002149,西部材料,C32有色金属冶炼和压延加工业,6.5967174,2020-05-19,6.74,2.09,1,没涨停→尾盘卖,平淡期
2020-05-18,600305,恒顺醋业,C14食品制造业,16.0129464,2020-05-19,16.06,0.17,1,没涨停→尾盘卖,平淡期
2020-05-19,002449,国星光电,C39计算机、通信和其他电子设备制造业,11.24554256,2020-05-20,11.41,1.28,1,没涨停→尾盘卖,妖股期
2020-05-19,603486,科沃斯,C39计算机、通信和其他电子设备制造业,23.47410472,2020-05-20,24.64,4.8,1,没涨停→尾盘卖,妖股期
2020-05-20,002653,海思科,C27医药制造业,21.40545762,2020-05-21,22.01,2.66,1,没涨停→尾盘卖,妖股期
2020-05-20,000551,创元科技,C35专用设备制造业,6.625443,2020-05-22,8.02,20.94,2,再涨停→次日早盘卖,妖股期
2020-05-20,002275,桂林三金,C27医药制造业,10.7984505,2020-05-22,12.19,12.76,2,再涨停→次日早盘卖,妖股期
2020-05-21,000665,湖北广电,I63电信、广播电视和卫星传输服务,5.4202212,2020-05-22,5.73,5.54,1,没涨停→尾盘卖,平淡期
2020-05-22,600523,贵航股份,C36汽车制造业,14.16881466,2020-05-25,14.19,-0.02,1,没涨停→尾盘卖,平淡期
2020-05-25,600429,三元股份,C14食品制造业,5.17817405,2020-05-26,5.14,-0.9,1,没涨停→尾盘卖,恐慌期
2020-05-25,603056,德邦股份,,12.612405,2020-05-26,12.62,-0.07,1,再涨停→次日早盘卖,恐慌期
2020-05-25,603166,福达股份,C36汽车制造业,5.38582474,2020-05-27,6.4,18.74,2,再涨停→次日早盘卖,恐慌期
2020-05-26,000969,安泰科技,C33金属制品业,5.709714,2020-05-27,6.01,5.18,1,没涨停→尾盘卖,妖股期
2020-05-26,002036,联创电子,C39计算机、通信和其他电子设备制造业,11.085173,2020-05-27,11.46,3.24,1,没涨停→尾盘卖,妖股期
2020-05-27,002508,老板电器,C38电气机械和器材制造业,27.55700976,2020-05-28,27.81,0.76,1,没涨停→尾盘卖,妖股期
2020-05-27,603180,金牌家居,C21家具制造业,34.86717792,2020-05-28,35.45,1.52,1,没涨停→尾盘卖,妖股期
2020-05-28,600686,金龙汽车,C36汽车制造业,6.15340089,2020-05-29,6.26,1.58,1,没涨停→尾盘卖,平淡期
2020-05-29,000921,海信家电,C38电气机械和器材制造业,9.43193778,2020-06-01,9.96,5.41,1,没涨停→尾盘卖,妖股期
2020-05-29,002643,万润股份,C26化学原料和化学制品制造业,13.84076793,2020-06-01,14.7,6.06,1,没涨停→尾盘卖,妖股期
2020-05-29,002137,实益达,C38电气机械和器材制造业,7.43764076,2020-06-02,9.0,20.84,2,再涨停→次日早盘卖,妖股期
2020-06-01,000996,中期退,,8.54,2020-06-02,8.33,-2.61,1,没涨停→尾盘卖,妖股期
2020-06-01,000613,东海A退,,8.81,2020-06-03,9.5,7.68,2,再涨停→次日早盘卖,妖股期
2020-06-02,002068,黑猫股份,C26化学原料和化学制品制造业,4.30732329,2020-06-03,4.28,-0.82,1,没涨停→尾盘卖,妖股期
2020-06-02,002638,勤上股份,C38电气机械和器材制造业,2.38,2020-06-03,2.34,-1.83,1,没涨停→尾盘卖,妖股期
2020-06-03,000011,深物业A,K70房地产业,9.75170304,2020-06-04,9.95,1.93,1,没涨停→尾盘卖,妖股期
2020-06-03,002776,*ST柏龙,,8.39614512,2020-06-04,8.0,-4.9,1,没涨停→尾盘卖,妖股期
2020-06-03,600090,退市济堂,,3.23,2020-06-04,3.14,-2.94,1,没涨停→尾盘卖,妖股期
2020-06-04,000581,威孚高科,C36汽车制造业,15.70244049,2020-06-05,16.73,6.36,1,没涨停→尾盘卖,妖股期
2020-06-04,000729,燕京啤酒,C15酒、饮料和精制茶制造业,6.68498545,2020-06-05,6.38,-4.77,1,没涨停→尾盘卖,妖股期
2020-06-04,002461,珠江啤酒,C15酒、饮料和精制茶制造业,8.86774,2020-06-05,8.76,-1.39,1,没涨停→尾盘卖,妖股期
2020-06-05,002868,绿康生化,C27医药制造业,14.44380399,2020-06-08,14.99,3.61,1,没涨停→尾盘卖,恐慌期
2020-06-08,002208,合肥城建,K70房地产业,8.5735686,2020-06-09,8.43,-1.81,1,没涨停→尾盘卖,恐慌期
2020-06-09,002925,盈趣科技,C39计算机、通信和其他电子设备制造业,27.60992862,2020-06-10,28.02,1.32,1,没涨停→尾盘卖,平淡期
2020-06-09,600129,太极集团,C27医药制造业,14.13657,2020-06-10,14.14,-0.15,1,没涨停→尾盘卖,平淡期
2020-06-09,600839,四川长虹,C39计算机、通信和其他电子设备制造业,2.93139564,2020-06-10,2.96,0.83,1,没涨停→尾盘卖,平淡期
2020-06-10,603811,诚意药业,C27医药制造业,7.44549247,2020-06-11,7.49,0.41,1,没涨停→尾盘卖,恐慌期
2020-06-12,600052,东望时代,L72商务服务业,3.4569072,2020-06-15,3.62,4.57,1,没涨停→尾盘卖,平淡期
2020-06-15,000518,四环生物,C27医药制造业,4.52,2020-06-16,4.3,-5.02,1,没涨停→尾盘卖,平淡期
2020-06-15,600594,益佰制药,C27医药制造业,5.97995198,2020-06-16,5.86,-2.14,1,没涨停→尾盘卖,平淡期
2020-06-15,600789,鲁抗医药,C27医药制造业,8.99392086,2020-06-16,8.72,-3.19,1,没涨停→尾盘卖,平淡期
2020-06-17,600420,国药现代,C27医药制造业,8.98346449,2020-06-18,8.97,-0.35,1,没涨停→尾盘卖,平淡期
2020-06-17,600613,神奇制药,C27医药制造业,6.73537095,2020-06-18,6.64,-1.51,1,没涨停→尾盘卖,平淡期
2020-06-19,002025,航天电器,C39计算机、通信和其他电子设备制造业,31.24186043,2020-06-22,32.81,4.88,1,没涨停→尾盘卖,妖股期
2020-06-23,600070,*ST富润,,11.75698657,2020-06-24,11.55,-1.92,1,没涨停→尾盘卖,平淡期
2020-06-23,601028,玉龙股份,,10.44457084,2020-06-24,11.03,5.45,1,没涨停→尾盘卖,平淡期
2020-06-23,603987,康德莱,C35专用设备制造业,15.02026484,2020-06-24,15.37,2.21,1,没涨停→尾盘卖,平淡期
2020-06-24,601138,工业富联,C39计算机、通信和其他电子设备制造业,13.0244616,2020-06-29,12.77,-2.08,1,没涨停→尾盘卖,平淡期
2020-06-24,600586,金晶科技,C30非金属矿物制品业,2.86009489,2020-06-30,3.35,17.11,2,再涨停→次日早盘卖,平淡期
2020-06-24,601865,福莱特,C30非金属矿物制品业,16.4522925,2020-06-30,17.28,4.88,2,再涨停→次日早盘卖,平淡期
2020-06-29,000020,深华发A,C39计算机、通信和其他电子设备制造业,10.43,2020-07-01,11.06,5.89,2,再涨停→次日早盘卖,平淡期
2020-06-30,002657,中科金财,I65软件和信息技术服务业,15.53,2020-07-01,15.24,-2.02,1,没涨停→尾盘卖,平淡期
2020-06-30,002577,雷柏科技,C39计算机、通信和其他电子设备制造业,13.45,2020-07-02,15.41,14.42,2,再涨停→次日早盘卖,平淡期
2020-07-01,000736,中交发展,K70房地产业,7.28936483,2020-07-02,7.81,7.04,1,没涨停→尾盘卖,平淡期
2020-07-01,600535,天士力,C27医药制造业,15.25161224,2020-07-02,15.28,0.02,1,没涨停→尾盘卖,平淡期
2020-07-02,002500,山西证券,J67资本市场服务,6.50509794,2020-07-06,7.56,16.1,2,再涨停→次日早盘卖,平淡期
2020-07-02,002769,普路通,L72商务服务业,7.89796319,2020-07-06,8.5,7.48,2,再涨停→次日早盘卖,平淡期
2020-07-02,002960,青鸟智控,C39计算机、通信和其他电子设备制造业,6.62326491,2020-07-06,7.29,9.85,2,再涨停→次日早盘卖,平淡期
2020-07-06,000402,金融街,K70房地产业,7.13001454,2020-07-07,7.03,-1.56,1,没涨停→尾盘卖,平淡期
2020-07-06,000627,*ST天茂,,6.13211484,2020-07-07,5.87,-4.4,1,没涨停→尾盘卖,平淡期
2020-07-06,000626,远大控股,F51批发业,6.89,2020-07-08,7.42,7.54,2,再涨停→次日早盘卖,平淡期
2020-07-07,000635,英力特,C26化学原料和化学制品制造业,8.04493835,2020-07-08,7.83,-2.85,1,没涨停→尾盘卖,平淡期
2020-07-07,000902,新洋丰,C26化学原料和化学制品制造业,8.9833809,2020-07-08,9.32,3.54,1,没涨停→尾盘卖,平淡期
2020-07-08,002151,北斗星通,C39计算机、通信和其他电子设备制造业,38.14027623,2020-07-09,38.96,2.01,1,没涨停→尾盘卖,平淡期
2020-07-08,002609,捷顺科技,I65软件和信息技术服务业,14.63672832,2020-07-09,15.49,5.71,1,没涨停→尾盘卖,平淡期
2020-07-08,000547,航天发展,C39计算机、通信和其他电子设备制造业,16.80432861,2020-07-10,18.86,12.08,2,再涨停→次日早盘卖,平淡期
2020-07-09,000506,招金黄金,B09有色金属矿采选业,2.92,2020-07-10,2.95,0.88,1,没涨停→尾盘卖,平淡期
2020-07-09,000650,仁和药业,C27医药制造业,6.3233863,2020-07-10,6.57,3.78,1,没涨停→尾盘卖,平淡期
2020-07-10,000005,ST星源,,3.18,2020-07-13,3.31,3.94,1,没涨停→尾盘卖,平淡期
2020-07-10,000025,特力A,F51批发业,22.20990792,2020-07-13,23.52,5.77,1,没涨停→尾盘卖,平淡期
2020-07-10,000014,沙河股份,K70房地产业,9.92266779,2020-07-14,11.2,12.68,2,再涨停→次日早盘卖,平淡期
2020-07-13,000529,广弘控股,C13农副食品加工业,7.8759616,2020-07-14,7.63,-3.24,1,没涨停→尾盘卖,平淡期
2020-07-13,000566,海南海药,C27医药制造业,9.11,2020-07-15,11.02,20.82,2,再涨停→次日早盘卖,平淡期
2020-07-14,000514,渝开发,K70房地产业,4.52718068,2020-07-15,4.25,-6.37,1,没涨停→尾盘卖,妖股期
2020-07-14,000540,*ST中天,,4.38,2020-07-16,5.0,14.01,2,再涨停→次日早盘卖,妖股期
2020-07-15,000510,新金路,C26化学原料和化学制品制造业,5.39,2020-07-16,4.85,-10.17,1,没涨停→尾盘卖,妖股期
2020-07-15,002092,中泰化学,C26化学原料和化学制品制造业,6.0770997,2020-07-16,5.56,-8.59,1,没涨停→尾盘卖,妖股期
2020-07-17,603227,雪峰科技,C26化学原料和化学制品制造业,4.08590904,2020-07-20,4.13,0.94,1,没涨停→尾盘卖,恐慌期
2020-07-20,000012,南玻A,C30非金属矿物制品业,5.23144364,2020-07-21,5.36,2.37,1,没涨停→尾盘卖,平淡期
2020-07-20,000401,金隅冀东,C30非金属矿物制品业,16.3379592,2020-07-21,16.26,-0.61,1,没涨停→尾盘卖,平淡期
2020-07-20,000488,ST晨鸣,C22造纸和纸制品业,5.49230628,2020-07-21,5.59,1.58,1,没涨停→尾盘卖,平淡期
2020-07-21,000718,苏宁环球,K70房地产业,3.34866548,2020-07-22,3.27,-2.51,1,没涨停→尾盘卖,平淡期
2020-07-21,002341,ST新纶,,5.5,2020-07-22,5.41,-1.79,1,没涨停→尾盘卖,平淡期
2020-07-21,600285,羚锐制药,C27医药制造业,8.28807876,2020-07-22,8.78,5.74,1,没涨停→尾盘卖,平淡期
2020-07-23,000756,新华制药,C27医药制造业,11.25110448,2020-07-24,10.95,-2.83,1,没涨停→尾盘卖,平淡期
2020-07-23,600587,新华医疗,C35专用设备制造业,13.08476022,2020-07-24,13.9,6.04,1,没涨停→尾盘卖,平淡期
2020-07-24,000822,山东海化,C26化学原料和化学制品制造业,3.93931581,2020-07-27,4.14,4.96,1,没涨停→尾盘卖,恐慌期
2020-07-24,603032,德新科技,C35专用设备制造业,13.60373586,2020-07-27,14.2,4.24,1,没涨停→尾盘卖,恐慌期
2020-07-27,600336,澳柯玛,C38电气机械和器材制造业,6.94775774,2020-07-28,6.57,-5.6,1,没涨停→尾盘卖,妖股期
2020-07-27,600537,*ST亿晶,C38电气机械和器材制造业,3.45,2020-07-28,3.36,-2.76,1,没涨停→尾盘卖,妖股期
2020-07-27,600764,中国海防,C39计算机、通信和其他电子设备制造业,35.3838034,2020-07-28,32.73,-7.66,1,没涨停→尾盘卖,妖股期
2020-07-28,603027,千禾味业,C14食品制造业,16.61834328,2020-07-29,16.57,-0.43,1,没涨停→尾盘卖,妖股期
2020-07-28,603043,广州酒家,C14食品制造业,23.3235072,2020-07-29,23.56,0.87,1,再涨停→次日早盘卖,妖股期
2020-07-29,002028,思源电气,C38电气机械和器材制造业,25.67749228,2020-07-30,26.84,4.4,1,没涨停→尾盘卖,平淡期
2020-07-29,002442,龙星科技,C26化学原料和化学制品制造业,4.5748536,2020-07-30,4.42,-3.63,1,没涨停→尾盘卖,平淡期
2020-07-29,002675,东诚药业,C27医药制造业,23.59243007,2020-07-30,23.53,-0.43,1,没涨停→尾盘卖,平淡期
2020-07-30,000791,甘肃能源,D44电力、热力生产和供应业,3.24739356,2020-07-31,3.48,6.95,1,没涨停→尾盘卖,妖股期
2020-07-30,002370,亚太药业,C27医药制造业,5.45,2020-07-31,5.79,6.09,1,没涨停→尾盘卖,妖股期
2020-07-30,002386,天原股份,C26化学原料和化学制品制造业,4.46805344,2020-08-03,4.91,9.78,2,再涨停→次日早盘卖,妖股期
2020-07-31,000712,锦龙股份,J67资本市场服务,18.60737564,2020-08-03,19.16,2.8,1,没涨停→尾盘卖,妖股期
2020-07-31,000790,华神科技,C27医药制造业,5.94636,2020-08-04,7.13,19.68,2,再涨停→次日早盘卖,妖股期
2020-08-03,000561,烽火电子,C39计算机、通信和其他电子设备制造业,9.3384247,2020-08-04,9.27,-0.9,1,没涨停→尾盘卖,平淡期
2020-08-03,000887,中鼎股份,C29橡胶和塑料制品业,9.54129408,2020-08-05,10.59,10.8,2,再涨停→次日早盘卖,平淡期
2020-08-04,002309,中利集团,C38电气机械和器材制造业,6.49,2020-08-05,6.28,-3.39,1,没涨停→尾盘卖,妖股期
2020-08-04,002645,华宏科技,C42废弃资源综合利用业,8.76541912,2020-08-05,8.94,1.79,1,没涨停→尾盘卖,妖股期
2020-08-05,002677,浙江美大,C38电气机械和器材制造业,12.14980935,2020-08-06,12.53,2.99,1,没涨停→尾盘卖,平淡期
2020-08-05,600562,国睿科技,C39计算机、通信和其他电子设备制造业,19.65030681,2020-08-06,20.45,3.91,1,没涨停→尾盘卖,平淡期
2020-08-05,000762,西藏矿业,B09有色金属矿采选业,9.65299328,2020-08-07,10.93,13.06,2,再涨停→次日早盘卖,平淡期
2020-08-06,002081,金螳螂,E50建筑装饰、装修和其他建筑业,9.2235462,2020-08-10,10.12,9.52,2,再涨停→次日早盘卖,妖股期
2020-08-06,002417,深南退,,8.54,2020-08-10,9.29,8.63,2,再涨停→次日早盘卖,妖股期
2020-08-07,000856,冀东装备,C35专用设备制造业,10.22050887,2020-08-11,10.95,6.96,2,再涨停→次日早盘卖,妖股期
2020-08-10,002482,广田集团,E50建筑装饰、装修和其他建筑业,4.22,2020-08-11,4.08,-3.47,1,没涨停→尾盘卖,妖股期
2020-08-10,002109,ST兴化,C26化学原料和化学制品制造业,3.33920168,2020-08-12,3.49,4.34,2,再涨停→次日早盘卖,妖股期
2020-08-13,000070,特发信息,C39计算机、通信和其他电子设备制造业,13.26,2020-08-14,13.46,1.36,1,再涨停→次日早盘卖,妖股期
2020-08-13,000523,红棉股份,C13农副食品加工业,6.7184994,2020-08-14,6.26,-6.97,1,没涨停→尾盘卖,妖股期
2020-08-13,002031,巨轮智能,C35专用设备制造业,2.23,2020-08-14,2.12,-5.08,1,没涨停→尾盘卖,妖股期
2020-08-14,603319,美湖股份,C36汽车制造业,10.17854052,2020-08-18,11.17,9.61,2,再涨停→次日早盘卖,平淡期
2020-08-17,002708,光洋股份,C36汽车制造业,7.34,2020-08-18,7.65,4.07,1,没涨停→尾盘卖,妖股期
2020-08-17,600330,天通股份,C39计算机、通信和其他电子设备制造业,11.23068682,2020-08-18,11.14,-1.01,1,再涨停→次日早盘卖,妖股期
2020-08-18,000016,*ST康佳A,C39计算机、通信和其他电子设备制造业,7.7635472,2020-08-19,7.35,-5.43,1,没涨停→尾盘卖,妖股期
2020-08-18,002424,ST百灵,C27医药制造业,10.1,2020-08-19,10.14,0.25,1,没涨停→尾盘卖,妖股期
2020-08-18,002459,晶澳科技,C38电气机械和器材制造业,11.0533214,2020-08-19,10.59,-4.3,1,没涨停→尾盘卖,妖股期
2020-08-19,000767,晋控电力,D44电力、热力生产和供应业,2.84,2020-08-20,2.74,-3.67,1,没涨停→尾盘卖,妖股期
2020-08-19,000869,张裕A,C15酒、饮料和精制茶制造业,32.93175969,2020-08-20,30.85,-6.46,1,没涨停→尾盘卖,妖股期
2020-08-19,000993,闽东电力,D44电力、热力生产和供应业,7.19746452,2020-08-21,8.19,13.64,2,再涨停→次日早盘卖,妖股期
2020-08-20,600979,广安爱众,D44电力、热力生产和供应业,3.8064812,2020-08-21,3.76,-1.37,1,没涨停→尾盘卖,恐慌期
2020-08-21,002507,涪陵榨菜,C14食品制造业,30.95633428,2020-08-24,31.3,0.97,1,没涨停→尾盘卖,平淡期
2020-08-21,600962,国投中鲁,C15酒、饮料和精制茶制造业,10.89,2020-08-24,10.83,-0.7,1,没涨停→尾盘卖,平淡期
2020-08-24,000823,超声电子,C39计算机、通信和其他电子设备制造业,12.80161248,2020-08-25,12.88,0.43,1,没涨停→尾盘卖,妖股期
2020-08-24,600396,华电辽能,D44电力、热力生产和供应业,3.14,2020-08-25,3.26,3.67,1,没涨停→尾盘卖,妖股期
2020-08-24,603025,大豪科技,C39计算机、通信和其他电子设备制造业,6.70955406,2020-08-25,6.55,-2.59,1,没涨停→尾盘卖,妖股期
2020-08-25,002855,捷荣技术,C39计算机、通信和其他电子设备制造业,12.75759342,2020-08-26,12.09,-5.36,1,没涨停→尾盘卖,平淡期
2020-08-25,603826,坤彩科技,C26化学原料和化学制品制造业,15.68436567,2020-08-26,15.24,-2.96,1,没涨停→尾盘卖,平淡期
2020-08-26,603980,吉华集团,C26化学原料和化学制品制造业,7.05107196,2020-08-27,6.71,-5.0,1,没涨停→尾盘卖,恐慌期
2020-08-28,002332,仙琚制药,C27医药制造业,13.80894723,2020-08-31,14.1,1.99,1,没涨停→尾盘卖,平淡期
2020-08-28,002614,奥佳华,C38电气机械和器材制造业,14.79560915,2020-08-31,14.23,-3.96,1,没涨停→尾盘卖,平淡期
2020-08-28,000838,*ST发展,K70房地产业,3.20749013,2020-09-01,3.69,15.02,2,再涨停→次日早盘卖,平淡期
2020-08-31,002408,齐翔腾达,C26化学原料和化学制品制造业,5.82616566,2020-09-01,5.89,0.98,1,没涨停→尾盘卖,妖股期
2020-08-31,002362,汉王科技,C39计算机、通信和其他电子设备制造业,21.29,2020-09-02,24.0,12.58,2,再涨停→次日早盘卖,妖股期
2020-09-01,002863,今飞凯达,C36汽车制造业,7.35363532,2020-09-02,7.34,-0.28,1,没涨停→尾盘卖,平淡期
2020-09-14,000970,中科三环,C39计算机、通信和其他电子设备制造业,9.13836924,2020-09-15,9.04,-1.22,1,没涨停→尾盘卖,平淡期
2020-09-14,002006,精工科技,C35专用设备制造业,5.5926468,2020-09-15,5.72,2.08,1,没涨停→尾盘卖,平淡期
2020-09-14,002358,森源电气,C38电气机械和器材制造业,5.75163314,2020-09-15,5.86,1.74,1,没涨停→尾盘卖,平淡期
2020-09-17,002463,沪电股份,C39计算机、通信和其他电子设备制造业,16.984485,2020-09-18,17.31,1.75,1,没涨停→尾盘卖,平淡期
2020-09-17,603678,火炬电子,C39计算机、通信和其他电子设备制造业,40.42452576,2020-09-18,41.66,2.91,1,没涨停→尾盘卖,平淡期
2020-09-18,002792,通宇通讯,C39计算机、通信和其他电子设备制造业,17.3211052,2020-09-21,16.84,-2.92,1,没涨停→尾盘卖,平淡期
2020-09-18,600699,均胜电子,C39计算机、通信和其他电子设备制造业,23.3960412,2020-09-21,23.68,1.07,1,没涨停→尾盘卖,平淡期
2020-09-18,600888,新疆众和,C39计算机、通信和其他电子设备制造业,4.520489,2020-09-21,4.63,2.28,1,没涨停→尾盘卖,平淡期
2020-09-23,600203,福日电子,C39计算机、通信和其他电子设备制造业,7.4859675,2020-09-24,7.32,-2.42,1,没涨停→尾盘卖,平淡期
2020-09-29,002194,武汉凡谷,C39计算机、通信和其他电子设备制造业,14.27786316,2020-09-30,13.95,-2.44,1,没涨停→尾盘卖,恐慌期
2020-10-09,000720,新能泰山,C38电气机械和器材制造业,4.06,2020-10-12,4.07,0.1,1,没涨停→尾盘卖,妖股期
2020-10-09,002518,科士达,C38电气机械和器材制造业,14.63078024,2020-10-12,15.25,4.1,1,没涨停→尾盘卖,妖股期
2020-10-09,002703,浙江世宝,C36汽车制造业,4.98966552,2020-10-12,5.15,3.02,1,没涨停→尾盘卖,妖股期
2020-10-12,000619,海螺新材,C29橡胶和塑料制品业,6.12136416,2020-10-13,6.16,0.5,1,没涨停→尾盘卖,妖股期
2020-10-12,000922,佳电股份,C38电气机械和器材制造业,5.75065647,2020-10-13,5.85,1.6,1,没涨停→尾盘卖,妖股期
2020-10-12,002355,兴民智通,C36汽车制造业,6.3,2020-10-13,6.27,-0.63,1,没涨停→尾盘卖,妖股期
2020-10-14,601678,滨化股份,C26化学原料和化学制品制造业,5.08985184,2020-10-15,4.98,-2.28,1,没涨停→尾盘卖,平淡期
2020-10-20,002434,万里扬,C36汽车制造业,9.50034972,2020-10-21,9.92,4.27,1,没涨停→尾盘卖,平淡期
2020-10-20,002590,万安科技,C36汽车制造业,8.746524,2020-10-21,8.5,-3.02,1,没涨停→尾盘卖,平淡期
2020-10-20,002881,美格智能,C39计算机、通信和其他电子设备制造业,17.61891796,2020-10-21,17.66,0.07,1,没涨停→尾盘卖,平淡期
2020-10-28,603605,珀莱雅,C26化学原料和化学制品制造业,81.8421758,2020-10-29,83.33,1.67,1,没涨停→尾盘卖,平淡期
2020-10-29,601636,旗滨集团,C30非金属矿物制品业,7.48836816,2020-10-30,7.54,0.51,1,没涨停→尾盘卖,平淡期
2020-11-02,002227,*ST特迅,C38电气机械和器材制造业,15.99,2020-11-03,15.4,-3.84,1,没涨停→尾盘卖,平淡期
2020-11-02,603198,迎驾贡酒,C15酒、饮料和精制茶制造业,21.78633528,2020-11-04,25.2,15.5,2,再涨停→次日早盘卖,平淡期
2020-11-03,600059,古越龙山,C15酒、饮料和精制茶制造业,9.2333016,2020-11-04,9.15,-1.07,1,没涨停→尾盘卖,平淡期
2020-11-03,600711,盛屯矿业,B09有色金属矿采选业,5.7211511,2020-11-04,6.01,4.89,1,没涨停→尾盘卖,平淡期
2020-11-04,600066,宇通客车,C36汽车制造业,12.15220088,2020-11-05,12.92,6.14,1,没涨停→尾盘卖,平淡期
2020-11-04,600418,江淮汽车,C36汽车制造业,9.4459735,2020-11-05,9.71,2.69,1,没涨停→尾盘卖,平淡期
2020-11-04,600686,金龙汽车,C36汽车制造业,7.10431663,2020-11-06,8.6,20.86,2,再涨停→次日早盘卖,平淡期
2020-11-05,002251,步步高,F52零售业,12.06093152,2020-11-06,12.68,5.01,1,没涨停→尾盘卖,平淡期
2020-11-05,002865,钧达股份,C38电气机械和器材制造业,12.28536855,2020-11-06,13.43,9.14,1,没涨停→尾盘卖,平淡期
2020-11-09,000918,*ST嘉凯,,4.9,2020-11-10,4.68,-4.64,1,没涨停→尾盘卖,妖股期
2020-11-09,002160,常铝股份,C32有色金属冶炼和压延加工业,4.14,2020-11-10,4.19,1.06,1,没涨停→尾盘卖,妖股期
2020-11-09,002384,东山精密,C39计算机、通信和其他电子设备制造业,28.2874275,2020-11-10,27.78,-1.96,1,没涨停→尾盘卖,妖股期
2020-11-11,002088,鲁阳节能,C30非金属矿物制品业,7.17155333,2020-11-12,7.49,4.28,1,没涨停→尾盘卖,恐慌期
2020-11-11,600293,三峡新材,C30非金属矿物制品业,2.85,2020-11-12,2.68,-6.11,1,没涨停→尾盘卖,恐慌期
2020-11-11,002646,天佑德酒,C15酒、饮料和精制茶制造业,12.1974625,2020-11-13,14.06,15.13,2,再涨停→次日早盘卖,恐慌期
2020-11-12,002618,丹邦退,,6.93,2020-11-13,7.06,1.73,1,没涨停→尾盘卖,平淡期
2020-11-12,600197,伊力特,C15酒、饮料和精制茶制造业,22.66765644,2020-11-13,20.4,-10.16,1,没涨停→尾盘卖,平淡期
2020-11-16,000630,铜陵有色,C32有色金属冶炼和压延加工业,2.33126656,2020-11-17,2.25,-3.53,1,没涨停→尾盘卖,妖股期
2020-11-16,000830,鲁西化工,C26化学原料和化学制品制造业,9.6258024,2020-11-17,9.37,-2.84,1,没涨停→尾盘卖,妖股期
2020-11-16,002284,亚太股份,C36汽车制造业,5.52486528,2020-11-17,5.71,3.15,1,没涨停→尾盘卖,妖股期
2020-11-17,600733,北汽蓝谷,C36汽车制造业,7.58,2020-11-18,7.66,0.91,1,没涨停→尾盘卖,平淡期
2020-11-17,601228,广州港,G55水上运输业,3.49029239,2020-11-18,3.37,-3.6,1,没涨停→尾盘卖,平淡期
2020-11-17,002553,南方精工,C36汽车制造业,7.19427039,2020-11-19,8.21,13.99,2,再涨停→次日早盘卖,平淡期
2020-11-18,000751,锌业股份,C32有色金属冶炼和压延加工业,3.4473522,2020-11-19,3.52,1.86,1,没涨停→尾盘卖,平淡期
2020-11-18,002211,ST宏达,C26化学原料和化学制品制造业,7.43,2020-11-19,7.19,-3.38,1,没涨停→尾盘卖,平淡期
2020-11-19,002383,合众思壮,C39计算机、通信和其他电子设备制造业,8.62,2020-11-20,8.53,-1.19,1,没涨停→尾盘卖,平淡期
2020-11-19,600933,爱柯迪,C36汽车制造业,14.883975,2020-11-20,15.19,1.9,1,没涨停→尾盘卖,平淡期
2020-11-19,603738,泰晶科技,C39计算机、通信和其他电子设备制造业,11.10550705,2020-11-20,11.0,-1.08,1,没涨停→尾盘卖,平淡期
2020-11-20,000559,万向钱潮,C36汽车制造业,5.569075,2020-11-23,5.77,3.42,1,没涨停→尾盘卖,平淡期
2020-11-20,600391,航发科技,C37铁路、船舶、航空航天和其他运输设备制造业,25.18,2020-11-23,25.58,1.56,1,再涨停→次日早盘卖,平淡期
2020-11-20,600609,金杯汽车,C36汽车制造业,5.57883084,2020-11-23,5.93,6.09,1,没涨停→尾盘卖,平淡期
2020-11-23,002326,永太科技,C26化学原料和化学制品制造业,9.40127799,2020-11-24,9.64,2.38,1,没涨停→尾盘卖,平淡期
2020-11-23,002756,永兴材料,C32有色金属冶炼和压延加工业,16.93554912,2020-11-24,18.19,7.26,1,没涨停→尾盘卖,平淡期
2020-11-23,600188,兖矿能源,B06煤炭开采和洗选业,3.78922608,2020-11-24,3.9,2.66,1,没涨停→尾盘卖,平淡期
2020-11-24,002363,隆基机械,C36汽车制造业,6.2276214,2020-11-25,6.1,-2.11,1,再涨停→次日早盘卖,平淡期
2020-11-24,002724,海洋王,C38电气机械和器材制造业,8.11350486,2020-11-25,8.4,3.4,1,没涨停→尾盘卖,平淡期
2020-11-24,603179,新泉股份,C36汽车制造业,16.01883285,2020-11-25,16.21,1.03,1,没涨停→尾盘卖,平淡期
2020-11-25,600731,湖南海利,C26化学原料和化学制品制造业,8.43533418,2020-11-26,8.97,6.19,1,没涨停→尾盘卖,恐慌期
2020-11-25,603083,剑桥科技,C39计算机、通信和其他电子设备制造业,16.00230933,2020-11-26,16.02,-0.03,1,没涨停→尾盘卖,恐慌期
2020-11-25,600707,彩虹股份,C39计算机、通信和其他电子设备制造业,4.8249061,2020-11-27,5.57,15.31,2,再涨停→次日早盘卖,恐慌期
2020-11-27,000798,中水渔业,A04渔业,6.7,2020-12-01,7.75,15.52,2,再涨停→次日早盘卖,平淡期
2020-12-01,000540,*ST中天,,3.52,2020-12-02,3.47,-1.57,1,再涨停→次日早盘卖,平淡期
2020-12-01,002429,兆驰股份,C39计算机、通信和其他电子设备制造业,5.79932896,2020-12-02,6.02,3.71,1,没涨停→尾盘卖,平淡期
2020-12-01,002948,青岛银行,J66货币金融服务,4.34878955,2020-12-03,5.27,21.03,2,再涨停→次日早盘卖,平淡期
2020-12-02,000413,ST旭电,,2.93,2020-12-03,2.79,-4.93,1,没涨停→尾盘卖,妖股期
2020-12-02,000861,海印股份,,2.7761895,2020-12-03,2.72,-2.3,1,没涨停→尾盘卖,妖股期
2020-12-03,002385,大北农,C13农副食品加工业,8.6761852,2020-12-04,8.73,0.51,1,没涨停→尾盘卖,妖股期
2020-12-03,002859,洁美科技,C39计算机、通信和其他电子设备制造业,26.114327,2020-12-04,25.98,-0.66,1,没涨停→尾盘卖,妖股期
2020-12-03,002636,金安国纪,C39计算机、通信和其他电子设备制造业,8.7818955,2020-12-07,10.63,20.94,2,再涨停→次日早盘卖,妖股期
2020-12-04,002453,华软科技,C26化学原料和化学制品制造业,5.77,2020-12-07,5.99,3.66,1,没涨停→尾盘卖,平淡期
2020-12-04,600360,华微电子,C39计算机、通信和其他电子设备制造业,9.000544,2020-12-07,9.64,6.92,1,没涨停→尾盘卖,平淡期
2020-12-07,002350,北京科锐,C38电气机械和器材制造业,6.04876152,2020-12-08,5.98,-1.28,1,没涨停→尾盘卖,平淡期
2020-12-07,600097,开创国际,A04渔业,10.1783913,2020-12-08,9.98,-2.11,1,没涨停→尾盘卖,平淡期
2020-12-09,000593,德龙汇能,D45燃气生产和供应业,6.3,2020-12-10,6.3,-0.15,1,没涨停→尾盘卖,平淡期
2020-12-09,002361,神剑股份,C26化学原料和化学制品制造业,4.63410365,2020-12-10,4.57,-1.5,1,没涨停→尾盘卖,平淡期
2020-12-09,600403,大有能源,B06煤炭开采和洗选业,3.73105692,2020-12-10,3.65,-2.44,1,没涨停→尾盘卖,平淡期
2020-12-14,600163,中闽能源,D44电力、热力生产和供应业,3.54225791,2020-12-15,3.59,1.19,1,没涨停→尾盘卖,妖股期
2020-12-14,600819,耀皮玻璃,C30非金属矿物制品业,5.20953408,2020-12-15,5.17,-0.9,1,没涨停→尾盘卖,妖股期
2020-12-15,002189,中光学,C39计算机、通信和其他电子设备制造业,17.4035709,2020-12-16,17.67,1.36,1,没涨停→尾盘卖,平淡期
2020-12-15,600089,特变电工,C38电气机械和器材制造业,5.80687861,2020-12-16,5.85,0.65,1,没涨停→尾盘卖,平淡期
2020-12-16,002721,金一文化,C24文教、工美、体育和娱乐用品制造业,3.65,2020-12-17,3.53,-3.44,1,没涨停→尾盘卖,恐慌期
2020-12-16,600300,维维股份,C15酒、饮料和精制茶制造业,4.0955712,2020-12-17,4.02,-2.09,1,没涨停→尾盘卖,恐慌期
2020-12-17,000404,长虹华意,C34通用设备制造业,4.1595623,2020-12-18,4.13,-0.93,1,没涨停→尾盘卖,妖股期
2020-12-17,000518,四环生物,C27医药制造业,5.25,2020-12-18,5.08,-3.39,1,没涨停→尾盘卖,妖股期
2020-12-17,002082,ST万邦,C27医药制造业,12.75561606,2020-12-18,12.32,-3.58,1,没涨停→尾盘卖,妖股期
2020-12-18,600508,上海能源,B06煤炭开采和洗选业,6.01264595,2020-12-21,6.41,6.5,1,没涨停→尾盘卖,平淡期
2020-12-18,601101,昊华能源,B06煤炭开采和洗选业,2.87167558,2020-12-21,2.92,1.68,1,没涨停→尾盘卖,平淡期
2020-12-18,601918,新集能源,B06煤炭开采和洗选业,2.78403438,2020-12-21,2.78,-0.15,1,没涨停→尾盘卖,平淡期
2020-12-21,000733,振华科技,C39计算机、通信和其他电子设备制造业,46.01486736,2020-12-22,47.6,3.3,1,没涨停→尾盘卖,平淡期
2020-12-21,002170,芭田股份,C26化学原料和化学制品制造业,3.90732389,2020-12-22,3.78,-3.34,1,没涨停→尾盘卖,平淡期
2020-12-21,002643,万润股份,C26化学原料和化学制品制造业,19.51028374,2020-12-22,18.58,-4.89,1,没涨停→尾盘卖,平淡期
2020-12-22,600267,海正药业,C27医药制造业,17.16546559,2020-12-23,17.21,0.12,1,没涨停→尾盘卖,平淡期
2020-12-22,603880,南卫股份,C27医药制造业,9.69221142,2020-12-23,10.03,3.37,1,没涨停→尾盘卖,平淡期
2020-12-23,000767,晋控电力,D44电力、热力生产和供应业,2.85,2020-12-24,2.92,2.31,1,没涨停→尾盘卖,平淡期
2020-12-23,000791,甘肃能源,D44电力、热力生产和供应业,3.97495168,2020-12-24,4.02,0.97,1,没涨停→尾盘卖,平淡期
2020-12-23,000049,德赛电池,C38电气机械和器材制造业,33.4942587,2020-12-25,36.96,10.19,2,再涨停→次日早盘卖,平淡期
2020-12-24,600379,宝光股份,C38电气机械和器材制造业,5.6455899,2020-12-28,6.84,20.97,2,再涨停→次日早盘卖,恐慌期
2020-12-25,000027,深圳能源,D44电力、热力生产和供应业,5.53946052,2020-12-28,5.65,1.89,1,没涨停→尾盘卖,妖股期
2020-12-25,000040,*ST旭蓝,,3.43,2020-12-28,3.47,1.02,1,没涨停→尾盘卖,妖股期
2020-12-28,000530,冰山冷热,C34通用设备制造业,4.23049212,2020-12-30,4.82,13.81,2,再涨停→次日早盘卖,妖股期
2020-12-28,000881,中广核技,C26化学原料和化学制品制造业,9.6398055,2020-12-30,11.0,14.0,2,再涨停→次日早盘卖,妖股期
2020-12-29,002168,ST惠程,C38电气机械和器材制造业,4.35,2020-12-30,4.23,-2.91,1,没涨停→尾盘卖,恐慌期
2020-12-30,000576,甘化科工,C39计算机、通信和其他电子设备制造业,10.19884824,2020-12-31,10.42,1.97,1,没涨停→尾盘卖,妖股期
2020-12-30,002167,东方锆业,C32有色金属冶炼和压延加工业,6.22,2020-12-31,6.15,-1.28,1,没涨停→尾盘卖,妖股期
2020-12-30,002587,奥拓电子,C39计算机、通信和其他电子设备制造业,5.4182935,2020-12-31,5.31,-2.1,1,没涨停→尾盘卖,妖股期
2020-12-31,000813,德展健康,C27医药制造业,4.25611364,2021-01-04,4.31,1.2,1,没涨停→尾盘卖,平淡期
2020-12-31,002500,山西证券,J67资本市场服务,8.01937005,2021-01-04,7.81,-2.72,1,没涨停→尾盘卖,平淡期
2020-12-31,600291,退市西水,,5.67,2021-01-04,5.42,-4.56,1,没涨停→尾盘卖,平淡期
2021-01-04,002124,天邦食品,A03畜牧业,10.89833206,2021-01-05,11.22,2.78,1,没涨停→尾盘卖,平淡期
2021-01-04,002157,正邦科技,A03畜牧业,17.74243232,2021-01-05,18.35,3.27,1,没涨停→尾盘卖,平淡期
2021-01-04,002505,鹏都农牧,,2.78,2021-01-06,3.3,18.55,2,再涨停→次日早盘卖,平淡期
2021-01-05,000716,黑芝麻,C14食品制造业,3.6108864,2021-01-06,3.5,-3.13,1,没涨停→尾盘卖,平淡期
2021-01-05,002329,皇氏集团,C14食品制造业,5.12,2021-01-06,5.19,1.22,1,没涨停→尾盘卖,平淡期
2021-01-06,000301,东方盛虹,C26化学原料和化学制品制造业,10.40267137,2021-01-07,11.03,5.87,1,没涨停→尾盘卖,平淡期
2021-01-06,000815,美利云,C22造纸和纸制品业,5.84,2021-01-07,5.84,-0.15,1,没涨停→尾盘卖,平淡期
2021-01-06,000822,山东海化,C26化学原料和化学制品制造业,4.01599349,2021-01-07,3.93,-2.3,1,没涨停→尾盘卖,平淡期
2021-01-07,603599,广信股份,C26化学原料和化学制品制造业,10.41632865,2021-01-08,10.17,-2.55,1,没涨停→尾盘卖,恐慌期
2021-01-08,000977,浪潮信息,C39计算机、通信和其他电子设备制造业,28.65725917,2021-01-11,29.6,3.14,1,没涨停→尾盘卖,平淡期
2021-01-08,002609,捷顺科技,I65软件和信息技术服务业,8.7667904,2021-01-11,8.78,-0.15,1,再涨停→次日早盘卖,平淡期
2021-01-08,002642,荣联科技,I65软件和信息技术服务业,4.79,2021-01-11,4.79,-0.15,1,再涨停→次日早盘卖,平淡期
2021-01-11,002036,联创电子,C39计算机、通信和其他电子设备制造业,11.47314498,2021-01-12,11.44,-0.41,1,没涨停→尾盘卖,恐慌期
2021-01-11,002708,光洋股份,C36汽车制造业,6.34,2021-01-12,6.25,-1.57,1,没涨停→尾盘卖,恐慌期
2021-01-12,000561,烽火电子,C39计算机、通信和其他电子设备制造业,7.43078928,2021-01-13,7.79,4.69,1,没涨停→尾盘卖,平淡期
2021-01-12,002028,思源电气,C38电气机械和器材制造业,20.0153255,2021-01-13,20.98,4.67,1,没涨停→尾盘卖,平淡期
2021-01-12,002067,景兴纸业,C22造纸和纸制品业,3.9020381,2021-01-13,3.84,-1.67,1,没涨停→尾盘卖,平淡期
2021-01-13,002975,博杰股份,C35专用设备制造业,96.42657728,2021-01-14,97.67,1.15,1,再涨停→次日早盘卖,平淡期
2021-01-13,600337,ST美克,F52零售业,5.250168,2021-01-14,5.25,-0.15,1,没涨停→尾盘卖,平淡期
2021-01-13,603303,得邦照明,C38电气机械和器材制造业,10.15293365,2021-01-14,10.16,-0.07,1,没涨停→尾盘卖,平淡期
2021-01-14,000620,盈新发展,K70房地产业,2.24,2021-01-15,2.21,-1.49,1,没涨停→尾盘卖,妖股期
2021-01-14,000732,ST泰禾,,2.97,2021-01-15,2.88,-3.18,1,没涨停→尾盘卖,妖股期
2021-01-14,002002,ST鸿达,,3.06243859,2021-01-15,3.0,-2.1,1,没涨停→尾盘卖,妖股期
2021-01-15,002776,*ST柏龙,,5.15,2021-01-18,5.25,1.79,1,没涨停→尾盘卖,妖股期
2021-01-15,002907,华森制药,C27医药制造业,11.87180443,2021-01-18,11.99,0.83,1,没涨停→尾盘卖,妖股期
2021-01-15,600370,*ST三房,C26化学原料和化学制品制造业,2.77553544,2021-01-18,2.8,0.8,1,再涨停→次日早盘卖,妖股期
2021-01-18,002099,海翔药业,C27医药制造业,8.46987906,2021-01-19,8.8,3.77,1,没涨停→尾盘卖,平淡期
2021-01-18,002156,通富微电,C39计算机、通信和其他电子设备制造业,29.31022755,2021-01-19,29.12,-0.79,1,没涨停→尾盘卖,平淡期
2021-01-18,600096,云天化,C26化学原料和化学制品制造业,5.2721029,2021-01-19,5.2,-1.54,1,没涨停→尾盘卖,平淡期
2021-01-19,002191,劲嘉股份,C23印刷和记录媒介复制业,8.80014057,2021-01-20,8.12,-7.84,1,没涨停→尾盘卖,妖股期
2021-01-19,002413,雷科防务,C39计算机、通信和其他电子设备制造业,7.45,2021-01-20,7.32,-1.9,1,没涨停→尾盘卖,妖股期
2021-01-19,002562,兄弟科技,C27医药制造业,5.26856085,2021-01-20,5.07,-3.98,1,没涨停→尾盘卖,妖股期
2021-01-20,000030,富奥股份,C36汽车制造业,5.49481632,2021-01-21,5.26,-4.39,1,没涨停→尾盘卖,妖股期
2021-01-20,002158,汉钟精机,C34通用设备制造业,15.500421,2021-01-21,16.51,6.35,1,没涨停→尾盘卖,妖股期
2021-01-20,000831,中国稀土,C32有色金属冶炼和压延加工业,15.93230744,2021-01-22,17.88,12.07,2,再涨停→次日早盘卖,妖股期
2021-01-21,000976,*ST华铁,,6.05677905,2021-01-22,5.98,-1.46,1,没涨停→尾盘卖,平淡期
2021-01-21,600549,厦门钨业,C32有色金属冶炼和压延加工业,16.52183944,2021-01-22,15.84,-4.28,1,没涨停→尾盘卖,平淡期
2021-01-22,002294,信立泰,C27医药制造业,32.77001545,2021-01-25,34.85,6.2,1,没涨停→尾盘卖,妖股期
2021-01-22,600645,中源协和,C27医药制造业,21.73,2021-01-25,21.51,-1.16,1,没涨停→尾盘卖,妖股期
2021-01-22,603718,*ST海利,C27医药制造业,12.14065336,2021-01-26,14.14,16.29,2,再涨停→次日早盘卖,妖股期
2021-01-25,002539,云图控股,C26化学原料和化学制品制造业,8.15747646,2021-01-26,7.91,-3.14,1,没涨停→尾盘卖,恐慌期
2021-01-25,600160,巨化股份,C26化学原料和化学制品制造业,8.34311147,2021-01-26,8.32,-0.49,1,没涨停→尾盘卖,恐慌期
2021-01-26,000723,美锦能源,C25石油、煤炭及其他燃料加工业,6.5309712,2021-01-27,6.78,3.62,1,没涨停→尾盘卖,妖股期
2021-01-26,002308,*ST威创,,4.84,2021-01-27,4.76,-1.8,1,没涨停→尾盘卖,妖股期
2021-01-26,603366,日出东方,C38电气机械和器材制造业,4.64694534,2021-01-28,5.62,20.81,2,再涨停→次日早盘卖,妖股期
2021-01-27,000818,航锦科技,C26化学原料和化学制品制造业,22.78203228,2021-01-28,20.51,-10.14,1,没涨停→尾盘卖,妖股期
2021-01-27,002068,黑猫股份,C26化学原料和化学制品制造业,7.40050176,2021-01-28,7.37,-0.54,1,没涨停→尾盘卖,妖股期
2021-01-29,002648,卫星化学,C26化学原料和化学制品制造业,11.5538156,2021-02-02,12.96,12.04,2,再涨停→次日早盘卖,恐慌期
2021-02-01,002309,中利集团,C38电气机械和器材制造业,4.38,2021-02-02,4.27,-2.66,1,没涨停→尾盘卖,妖股期
2021-02-01,002430,杭氧股份,C35专用设备制造业,25.90981495,2021-02-03,28.77,10.89,2,再涨停→次日早盘卖,妖股期
2021-02-02,002134,天津普林,C39计算机、通信和其他电子设备制造业,8.07,2021-02-03,8.69,7.53,1,没涨停→尾盘卖,恐慌期
2021-02-02,002611,东方精工,C35专用设备制造业,4.10561726,2021-02-03,4.06,-1.34,1,没涨停→尾盘卖,恐慌期
2021-02-03,000581,威孚高科,C36汽车制造业,19.03613969,2021-02-04,18.83,-1.23,1,没涨停→尾盘卖,妖股期
2021-02-03,600315,上海家化,C26化学原料和化学制品制造业,38.01207995,2021-02-05,42.92,12.75,2,再涨停→次日早盘卖,妖股期
2021-02-04,002184,海得控制,C38电气机械和器材制造业,11.65014435,2021-02-05,10.49,-10.14,1,没涨停→尾盘卖,恐慌期
2021-02-04,002715,登云股份,C36汽车制造业,19.42967439,2021-02-05,17.49,-10.13,1,没涨停→尾盘卖,恐慌期
2021-02-08,000802,北京文化,R87广播、电视、电影和录音制作业,5.47,2021-02-09,5.45,-0.52,1,没涨停→尾盘卖,恐慌期
2021-02-08,600141,兴发集团,C26化学原料和化学制品制造业,11.24515675,2021-02-09,11.78,4.56,1,没涨停→尾盘卖,恐慌期
2021-02-08,603023,威帝股份,C39计算机、通信和其他电子设备制造业,3.82170494,2021-02-10,4.31,12.54,2,再涨停→次日早盘卖,恐慌期
2021-02-09,000657,中钨高新,C33金属制品业,5.1362181,2021-02-10,5.25,2.13,1,没涨停→尾盘卖,平淡期
2021-02-09,002251,步步高,F52零售业,7.66807008,2021-02-10,7.53,-1.92,1,没涨停→尾盘卖,平淡期
2021-02-10,603983,丸美生物,C26化学原料和化学制品制造业,52.2145302,2021-02-18,50.99,-2.49,1,没涨停→尾盘卖,平淡期
2021-02-18,000021,深科技,C39计算机、通信和其他电子设备制造业,20.2473945,2021-02-19,20.61,1.63,1,没涨停→尾盘卖,平淡期
2021-02-18,000836,ST富通,,2.42,2021-02-19,2.47,1.92,1,没涨停→尾盘卖,平淡期
2021-02-18,002152,广电运通,C39计算机、通信和其他电子设备制造业,8.8169599,2021-02-19,8.77,-0.66,1,没涨停→尾盘卖,平淡期
2021-02-19,002234,民和股份,A03畜牧业,14.98378717,2021-02-22,15.52,3.45,1,没涨停→尾盘卖,妖股期
2021-02-19,002458,益生股份,A03畜牧业,7.9807517,2021-02-22,8.04,0.57,1,没涨停→尾盘卖,妖股期
2021-02-19,000683,博源化工,C26化学原料和化学制品制造业,2.04591312,2021-02-23,2.48,20.99,2,再涨停→次日早盘卖,妖股期
2021-02-22,000629,钒钛股份,C32有色金属冶炼和压延加工业,2.39,2021-02-23,2.31,-3.5,1,没涨停→尾盘卖,平淡期
2021-02-22,000898,鞍钢股份,C31黑色金属冶炼和压延加工业,3.10475184,2021-02-23,3.09,-0.74,1,没涨停→尾盘卖,平淡期
2021-02-23,600078,澄星股份,C26化学原料和化学制品制造业,4.02450384,2021-02-24,3.86,-4.32,1,没涨停→尾盘卖,平淡期
2021-02-23,601163,三角轮胎,C29橡胶和塑料制品业,16.13978928,2021-02-24,15.88,-1.76,1,没涨停→尾盘卖,平淡期
2021-02-23,600714,金瑞矿业,C26化学原料和化学制品制造业,5.76058032,2021-02-25,6.97,20.8,2,再涨停→次日早盘卖,平淡期
2021-02-24,002442,龙星科技,C26化学原料和化学制品制造业,4.8092211,2021-02-25,4.56,-5.41,1,没涨停→尾盘卖,平淡期
2021-02-25,000838,*ST发展,K70房地产业,2.74076556,2021-02-26,2.63,-4.14,1,没涨停→尾盘卖,平淡期
2021-02-25,600162,香江控股,K70房地产业,1.52935965,2021-02-26,1.44,-5.79,1,没涨停→尾盘卖,平淡期
2021-02-25,600340,*ST华幸,K70房地产业,7.79,2021-02-26,8.48,8.71,1,没涨停→尾盘卖,平淡期
2021-02-26,002689,ST远智,C34通用设备制造业,3.33652953,2021-03-02,3.66,9.58,2,再涨停→次日早盘卖,妖股期
2021-03-01,002408,齐翔腾达,C26化学原料和化学制品制造业,6.40085547,2021-03-02,6.35,-0.87,1,没涨停→尾盘卖,妖股期
2021-03-01,603186,华正新材,C39计算机、通信和其他电子设备制造业,34.95650802,2021-03-02,34.22,-2.27,1,没涨停→尾盘卖,妖股期
2021-03-02,600021,上海电力,D44电力、热力生产和供应业,6.7962092,2021-03-03,6.74,-0.95,1,没涨停→尾盘卖,平淡期
2021-03-02,600321,正源股份,,2.12,2021-03-03,2.05,-3.45,1,没涨停→尾盘卖,平淡期
2021-03-02,600505,西昌电力,D44电力、热力生产和供应业,6.31645182,2021-03-03,6.47,2.34,1,没涨停→尾盘卖,平淡期
2021-03-03,000911,*ST广糖,C13农副食品加工业,8.86,2021-03-04,8.84,-0.38,1,没涨停→尾盘卖,平淡期
2021-03-03,002110,三钢闽光,C31黑色金属冶炼和压延加工业,6.23328183,2021-03-04,6.23,-0.15,1,再涨停→次日早盘卖,平淡期
2021-03-03,002665,ST航高,,2.22,2021-03-04,2.18,-1.95,1,没涨停→尾盘卖,平淡期
2021-03-04,600172,黄河旋风,C30非金属矿物制品业,3.21,2021-03-05,3.24,0.78,1,没涨停→尾盘卖,平淡期
2021-03-04,601798,蓝科高新,C35专用设备制造业,6.04,2021-03-08,6.84,13.1,2,再涨停→次日早盘卖,平淡期
2021-03-05,000019,深粮控股,F51批发业,6.59132072,2021-03-08,6.29,-4.79,1,没涨停→尾盘卖,妖股期
2021-03-05,000852,石化机械,C35专用设备制造业,4.74,2021-03-08,4.79,0.9,1,没涨停→尾盘卖,妖股期
2021-03-08,600726,华电能源,D44电力、热力生产和供应业,2.21,2021-03-09,2.07,-6.48,1,没涨停→尾盘卖,妖股期
2021-03-09,000533,顺钠股份,C38电气机械和器材制造业,3.3,2021-03-10,3.31,0.15,1,没涨停→尾盘卖,恐慌期
2021-03-09,002150,正泰电源,C38电气机械和器材制造业,6.32157344,2021-03-10,5.74,-9.32,1,没涨停→尾盘卖,恐慌期
2021-03-11,002066,瑞泰科技,C30非金属矿物制品业,9.88024438,2021-03-12,9.87,-0.25,1,没涨停→尾盘卖,平淡期
2021-03-11,002941,新疆交建,E48土木工程建筑业,10.560711,2021-03-12,10.39,-1.74,1,没涨停→尾盘卖,平淡期
2021-03-11,600126,杭钢股份,C31黑色金属冶炼和压延加工业,5.28282516,2021-03-12,5.48,3.6,1,没涨停→尾盘卖,平淡期
2021-03-12,002039,黔源电力,D44电力、热力生产和供应业,10.5918416,2021-03-15,10.33,-2.59,1,没涨停→尾盘卖,平淡期
2021-03-12,002816,*ST和科,C34通用设备制造业,20.2,2021-03-15,21.3,5.3,1,没涨停→尾盘卖,平淡期
2021-03-12,600565,ST迪马,,2.74971573,2021-03-16,3.02,9.74,2,再涨停→次日早盘卖,平淡期
2021-03-15,002300,太阳电缆,C38电气机械和器材制造业,5.09925202,2021-03-16,5.2,1.77,1,没涨停→尾盘卖,妖股期
2021-03-15,002452,长高电气,C38电气机械和器材制造业,5.42299175,2021-03-17,6.32,16.37,2,再涨停→次日早盘卖,妖股期
2021-03-16,002498,汉缆股份,C38电气机械和器材制造业,3.89759886,2021-03-17,3.85,-1.36,1,没涨停→尾盘卖,妖股期
2021-03-16,603588,高能环境,N77生态保护和环境治理业,10.86500145,2021-03-17,10.67,-1.94,1,没涨停→尾盘卖,妖股期
2021-03-17,000540,*ST中天,,3.07,2021-03-18,3.01,-2.1,1,没涨停→尾盘卖,妖股期
2021-03-18,002094,青岛金王,C26化学原料和化学制品制造业,3.37,2021-03-19,3.26,-3.41,1,没涨停→尾盘卖,平淡期
2021-03-19,601991,大唐发电,D44电力、热力生产和供应业,2.58598188,2021-03-23,2.9,12.17,2,再涨停→次日早盘卖,妖股期
2021-03-22,002724,海洋王,C38电气机械和器材制造业,7.6674015,2021-03-23,7.61,-0.88,1,没涨停→尾盘卖,妖股期
2021-03-22,002474,榕基软件,I65软件和信息技术服务业,5.59234533,2021-03-24,6.15,9.83,2,再涨停→次日早盘卖,妖股期
2021-03-24,600578,京能电力,D44电力、热力生产和供应业,2.89207215,2021-03-25,2.71,-6.31,1,没涨停→尾盘卖,妖股期
2021-03-24,000005,ST星源,,2.56,2021-03-26,2.86,11.57,2,再涨停→次日早盘卖,妖股期
2021-03-26,000037,深南电A,D44电力、热力生产和供应业,11.40690408,2021-03-29,11.94,4.48,1,没涨停→尾盘卖,妖股期
2021-03-26,000922,佳电股份,C38电气机械和器材制造业,7.44248253,2021-03-29,7.57,1.52,1,没涨停→尾盘卖,妖股期
2021-03-26,002060,广东建工,E48土木工程建筑业,3.14932224,2021-03-30,3.51,11.41,2,再涨停→次日早盘卖,妖股期
2021-03-29,601199,江南水务,D46水的生产和供应业,3.77024866,2021-03-30,3.88,2.7,1,没涨停→尾盘卖,妖股期
2021-03-29,600339,中油工程,B11开采专业及辅助性活动,2.80767279,2021-03-31,3.4,20.92,2,再涨停→次日早盘卖,妖股期
2021-03-30,600326,西藏天路,C30非金属矿物制品业,5.93103456,2021-03-31,5.86,-1.29,1,没涨停→尾盘卖,妖股期
2021-03-30,600769,祥龙电业,D46水的生产和供应业,5.02,2021-04-01,5.55,10.41,2,再涨停→次日早盘卖,妖股期
2021-03-31,000544,中原环保,D46水的生产和供应业,5.89010726,2021-04-01,5.78,-1.97,1,没涨停→尾盘卖,妖股期
2021-03-31,000600,建投能源,D44电力、热力生产和供应业,5.91539613,2021-04-01,6.03,1.85,1,没涨停→尾盘卖,妖股期
2021-04-01,000525,红太阳,C26化学原料和化学制品制造业,5.9538726,2021-04-02,5.85,-1.96,1,没涨停→尾盘卖,妖股期
2021-04-01,000761,本钢板材,C31黑色金属冶炼和压延加工业,2.817936,2021-04-02,2.68,-4.98,1,没涨停→尾盘卖,妖股期
2021-04-01,002119,康强电子,C39计算机、通信和其他电子设备制造业,9.39889386,2021-04-06,11.37,20.81,2,再涨停→次日早盘卖,妖股期
2021-04-02,000797,中国武夷,K70房地产业,3.22143252,2021-04-06,3.27,1.36,1,没涨停→尾盘卖,妖股期
2021-04-02,600052,东望时代,L72商务服务业,3.00118475,2021-04-06,2.93,-2.45,1,没涨停→尾盘卖,妖股期
2021-04-06,000851,*ST高鸿,,6.27,2021-04-07,6.24,-0.63,1,没涨停→尾盘卖,妖股期
2021-04-06,002733,雄韬股份,C38电气机械和器材制造业,16.0639533,2021-04-07,16.4,1.95,1,没涨停→尾盘卖,妖股期
2021-04-06,002639,雪人集团,C34通用设备制造业,6.58,2021-04-08,7.96,20.82,2,再涨停→次日早盘卖,妖股期
2021-04-07,002913,奥士康,C39计算机、通信和其他电子设备制造业,29.59758035,2021-04-08,28.18,-4.95,1,没涨停→尾盘卖,妖股期
2021-04-07,002053,云南能投,D44电力、热力生产和供应业,7.3312107,2021-04-09,8.48,15.53,2,再涨停→次日早盘卖,妖股期
2021-04-08,603277,银都股份,C34通用设备制造业,9.0366705,2021-04-09,8.89,-1.76,1,没涨停→尾盘卖,恐慌期
2021-04-08,603227,雪峰科技,C26化学原料和化学制品制造业,4.7832852,2021-04-12,5.31,10.88,2,再涨停→次日早盘卖,恐慌期
2021-04-09,000790,华神科技,C27医药制造业,4.757088,2021-04-13,5.26,10.47,2,再涨停→次日早盘卖,妖股期
2021-04-12,600200,退市苏吴,,5.91,2021-04-14,6.86,15.92,2,再涨停→次日早盘卖,妖股期
2021-04-12,600814,杭州解百,F52零售业,5.35891752,2021-04-14,6.1,13.76,2,再涨停→次日早盘卖,妖股期
2021-04-13,002069,獐子岛,A04渔业,4.21,2021-04-14,4.04,-4.19,1,没涨停→尾盘卖,妖股期
2021-04-14,002850,科达利,C33金属制品业,62.17849656,2021-04-15,63.71,2.32,1,没涨停→尾盘卖,妖股期
2021-04-14,600828,茂业商业,F52零售业,3.68166888,2021-04-15,3.52,-4.5,1,没涨停→尾盘卖,妖股期
2021-04-14,002141,贤丰控股,C38电气机械和器材制造业,2.71,2021-04-16,3.0,10.55,2,再涨停→次日早盘卖,妖股期
2021-04-15,000919,金陵药业,C27医药制造业,7.04024832,2021-04-16,6.98,-1.06,1,没涨停→尾盘卖,妖股期
2021-04-15,002662,峰璟股份,C36汽车制造业,3.21610419,2021-04-16,3.29,2.13,1,没涨停→尾盘卖,妖股期
2021-04-16,002011,盾安环境,C34通用设备制造业,4.82326261,2021-04-19,4.71,-2.41,1,没涨停→尾盘卖,妖股期
2021-04-16,002055,ST得润,C39计算机、通信和其他电子设备制造业,11.33,2021-04-20,13.05,15.03,2,再涨停→次日早盘卖,妖股期
2021-04-16,002284,亚太股份,C36汽车制造业,5.96608716,2021-04-20,7.21,20.75,2,再涨停→次日早盘卖,妖股期
2021-04-19,002036,联创电子,C39计算机、通信和其他电子设备制造业,11.463177,2021-04-20,10.69,-6.93,1,没涨停→尾盘卖,妖股期
2021-04-20,605369,拱东医疗,C35专用设备制造业,30.61770516,2021-04-21,30.39,-0.88,1,没涨停→尾盘卖,平淡期
2021-04-21,600211,西藏药业,C27医药制造业,35.40473937,2021-04-22,34.77,-1.93,1,没涨停→尾盘卖,平淡期
2021-04-22,002137,实益达,C38电气机械和器材制造业,5.97596537,2021-04-23,6.02,0.52,1,没涨停→尾盘卖,平淡期
2021-04-22,603728,鸣志电器,C38电气机械和器材制造业,16.31845453,2021-04-23,16.26,-0.51,1,没涨停→尾盘卖,平淡期
2021-04-22,603538,美诺华,C27医药制造业,16.86947,2021-04-26,20.42,20.87,2,再涨停→次日早盘卖,平淡期
2021-04-23,600152,维科技术,C38电气机械和器材制造业,7.3,2021-04-27,7.76,6.15,2,再涨停→次日早盘卖,平淡期
2021-04-26,000756,新华制药,C27医药制造业,8.8588128,2021-04-27,8.93,0.68,1,没涨停→尾盘卖,平淡期
2021-04-26,603161,科华控股,C36汽车制造业,12.6419536,2021-04-27,11.38,-10.16,1,没涨停→尾盘卖,平淡期
2021-04-27,002038,双鹭药业,C27医药制造业,10.58810109,2021-04-28,11.04,4.14,1,没涨停→尾盘卖,恐慌期
2021-04-27,002433,太安退,,3.89,2021-04-29,4.5,15.53,2,再涨停→次日早盘卖,恐慌期
2021-04-27,603168,莎普爱思,C27医药制造业,7.7825328,2021-04-29,8.95,14.9,2,再涨停→次日早盘卖,恐慌期
2021-04-28,002508,老板电器,C38电气机械和器材制造业,30.7827531,2021-04-29,31.27,1.42,1,没涨停→尾盘卖,妖股期
2021-04-29,600774,汉商集团,C27医药制造业,17.48466999,2021-04-30,16.44,-6.13,1,没涨停→尾盘卖,恐慌期
2021-04-29,603195,公牛集团,C38电气机械和器材制造业,55.5453789,2021-04-30,55.88,0.45,1,没涨停→尾盘卖,恐慌期
2021-04-29,603489,八方股份,C38电气机械和器材制造业,98.92484552,2021-04-30,100.08,1.02,1,没涨停→尾盘卖,恐慌期
2021-04-30,000650,仁和药业,C27医药制造业,7.8162889,2021-05-06,7.44,-4.98,1,没涨停→尾盘卖,恐慌期
2021-04-30,600007,中国国贸,K70房地产业,10.6895405,2021-05-06,11.42,6.66,1,没涨停→尾盘卖,恐慌期
2021-04-30,600613,神奇制药,C27医药制造业,4.72850532,2021-05-07,5.59,18.07,2,再涨停→次日早盘卖,恐慌期
2021-05-06,000717,中南股份,C31黑色金属冶炼和压延加工业,4.9502781,2021-05-07,4.96,0.03,1,没涨停→尾盘卖,妖股期
2021-05-06,002404,嘉欣丝绸,C18纺织服装、服饰业,5.77919485,2021-05-07,6.05,4.47,1,没涨停→尾盘卖,妖股期
2021-05-07,601918,新集能源,B06煤炭开采和洗选业,3.6940262,2021-05-11,4.05,9.36,2,再涨停→次日早盘卖,妖股期
2021-05-10,000737,北方铜业,C32有色金属冶炼和压延加工业,6.8793675,2021-05-11,7.0,1.54,1,没涨停→尾盘卖,妖股期
2021-05-10,000766,通化金马,C27医药制造业,4.71,2021-05-11,4.9,3.88,1,没涨停→尾盘卖,妖股期
2021-05-11,002577,雷柏科技,C39计算机、通信和其他电子设备制造业,11.32,2021-05-12,11.58,2.15,1,没涨停→尾盘卖,妖股期
2021-05-11,600645,中源协和,C27医药制造业,22.09,2021-05-12,22.59,2.11,1,没涨停→尾盘卖,妖股期
2021-05-11,600848,上海临港,K70房地产业,15.60709122,2021-05-12,16.15,3.35,1,没涨停→尾盘卖,妖股期
2021-05-12,002030,达安基因,C27医药制造业,17.26773005,2021-05-13,17.47,1.01,1,没涨停→尾盘卖,妖股期
2021-05-12,600812,华北制药,C27医药制造业,10.5747572,2021-05-13,10.66,0.77,1,再涨停→次日早盘卖,妖股期
2021-05-12,600227,赤天化,C26化学原料和化学制品制造业,3.55,2021-05-14,4.09,15.06,2,再涨停→次日早盘卖,妖股期
2021-05-13,002022,科华生物,C27医药制造业,17.7262536,2021-05-14,17.62,-0.73,1,没涨停→尾盘卖,平淡期
2021-05-14,002676,顺威股份,C29橡胶和塑料制品业,3.51993528,2021-05-17,3.42,-2.97,1,没涨停→尾盘卖,妖股期
2021-05-14,002869,金溢科技,C39计算机、通信和其他电子设备制造业,19.24409979,2021-05-18,21.48,11.45,2,再涨停→次日早盘卖,妖股期
2021-05-14,002922,伊戈尔,C38电气机械和器材制造业,8.3955384,2021-05-18,9.44,12.24,2,再涨停→次日早盘卖,妖股期
2021-05-17,600775,南京熊猫,C39计算机、通信和其他电子设备制造业,7.05785526,2021-05-19,7.64,8.15,2,再涨停→次日早盘卖,恐慌期
2021-05-18,600572,康恩贝,C27医药制造业,4.16447004,2021-05-19,4.02,-3.61,1,没涨停→尾盘卖,妖股期
2021-05-19,000839,国安股份,I65软件和信息技术服务业,2.37,2021-05-20,2.25,-5.21,1,没涨停→尾盘卖,妖股期
2021-05-19,600525,长园集团,C38电气机械和器材制造业,5.93,2021-05-20,5.78,-2.68,1,没涨停→尾盘卖,妖股期
2021-05-19,600327,大东方,Q84卫生,4.15348139,2021-05-21,5.03,20.89,2,再涨停→次日早盘卖,妖股期
2021-05-20,002802,洪汇新材,C26化学原料和化学制品制造业,13.8650072,2021-05-21,14.15,1.94,1,没涨停→尾盘卖,妖股期
2021-05-20,002227,*ST特迅,C38电气机械和器材制造业,14.85,2021-05-24,16.32,9.75,2,再涨停→次日早盘卖,妖股期
2021-05-21,002451,摩恩电气,C38电气机械和器材制造业,6.22243125,2021-05-24,6.16,-1.11,1,没涨停→尾盘卖,妖股期
2021-05-21,000815,美利云,C22造纸和纸制品业,5.28,2021-05-25,5.69,7.62,2,再涨停→次日早盘卖,妖股期
2021-05-24,002970,锐明技术,I65软件和信息技术服务业,39.4993725,2021-05-25,39.81,0.64,1,没涨停→尾盘卖,妖股期
2021-05-24,002386,天原股份,C26化学原料和化学制品制造业,5.62509008,2021-05-26,6.8,20.81,2,再涨停→次日早盘卖,妖股期
2021-05-25,000153,丰原药业,C27医药制造业,5.711904,2021-05-26,5.82,1.7,1,没涨停→尾盘卖,妖股期
2021-05-25,600080,ST金花,C27医药制造业,6.73324175,2021-05-26,6.6,-2.19,1,没涨停→尾盘卖,妖股期
2021-05-26,000046,*ST泛海,,2.97,2021-05-27,2.88,-3.18,1,没涨停→尾盘卖,妖股期
2021-05-26,002279,久其软件,I65软件和信息技术服务业,5.21,2021-05-27,5.07,-2.84,1,没涨停→尾盘卖,妖股期
2021-05-26,002838,道恩股份,C29橡胶和塑料制品业,19.2662428,2021-05-27,18.97,-1.67,1,没涨停→尾盘卖,妖股期
2021-05-27,002354,天娱数科,I64互联网和相关服务,4.1,2021-05-28,4.23,3.02,1,没涨停→尾盘卖,妖股期
2021-05-27,002409,雅克科技,C26化学原料和化学制品制造业,66.88452291,2021-05-28,64.9,-3.11,1,没涨停→尾盘卖,妖股期
2021-05-27,600055,万东医疗,C35专用设备制造业,14.66501084,2021-05-28,15.0,2.16,1,没涨停→尾盘卖,妖股期
2021-05-28,000635,英力特,C26化学原料和化学制品制造业,11.57878857,2021-05-31,11.41,-1.6,1,没涨停→尾盘卖,妖股期
2021-05-28,002502,ST鼎龙,,3.92,2021-06-01,4.7,19.75,2,再涨停→次日早盘卖,妖股期
2021-05-28,002723,小崧股份,C38电气机械和器材制造业,12.3411591,2021-06-01,13.43,8.67,2,再涨停→次日早盘卖,妖股期
2021-05-31,002411,必康退,,5.25,2021-06-01,5.49,4.42,1,没涨停→尾盘卖,妖股期
2021-06-01,002198,ST嘉应,C27医药制造业,7.22866144,2021-06-02,7.26,0.26,1,没涨停→尾盘卖,妖股期
2021-06-01,600771,广誉远,C27医药制造业,23.46,2021-06-02,22.7,-3.39,1,没涨停→尾盘卖,妖股期
2021-06-01,601515,衢州东峰,C27医药制造业,5.153328,2021-06-02,5.04,-2.37,1,没涨停→尾盘卖,妖股期
2021-06-02,002923,润都股份,C27医药制造业,11.8645527,2021-06-03,11.5,-3.22,1,没涨停→尾盘卖,妖股期
2021-06-03,600478,科力远,C38电气机械和器材制造业,4.29785873,2021-06-04,4.41,2.4,1,没涨停→尾盘卖,妖股期
2021-06-03,600604,市北高新,K70房地产业,6.21608832,2021-06-04,5.9,-5.28,1,没涨停→尾盘卖,妖股期
2021-06-03,600639,浦东金桥,K70房地产业,11.36588017,2021-06-04,11.35,-0.29,1,没涨停→尾盘卖,妖股期
2021-06-04,002077,大港股份,C39计算机、通信和其他电子设备制造业,7.57,2021-06-08,8.53,12.53,2,再涨停→次日早盘卖,平淡期
2021-06-04,002136,安纳达,C26化学原料和化学制品制造业,11.45449014,2021-06-08,13.86,20.84,2,再涨停→次日早盘卖,平淡期
2021-06-04,002169,智光电气,C38电气机械和器材制造业,8.96176336,2021-06-08,10.46,16.59,2,再涨停→次日早盘卖,平淡期
2021-06-08,000572,海马汽车,C36汽车制造业,6.42,2021-06-09,6.8,5.77,1,没涨停→尾盘卖,妖股期
2021-06-08,600410,华胜天成,I65软件和信息技术服务业,7.467375,2021-06-09,7.82,4.52,1,没涨停→尾盘卖,妖股期
2021-06-08,603803,瑞斯康达,C39计算机、通信和其他电子设备制造业,8.36799586,2021-06-09,8.46,0.9,1,没涨停→尾盘卖,妖股期
2021-06-09,002506,协鑫集成,C38电气机械和器材制造业,3.16,2021-06-10,3.3,4.28,1,没涨停→尾盘卖,妖股期
2021-06-09,002553,南方精工,C36汽车制造业,9.90397238,2021-06-10,10.28,3.66,1,没涨停→尾盘卖,妖股期
2021-06-09,002892,科力尔,C38电气机械和器材制造业,4.59089298,2021-06-11,5.55,20.85,2,再涨停→次日早盘卖,妖股期
2021-06-10,002681,奋达科技,C39计算机、通信和其他电子设备制造业,4.9,2021-06-11,4.7,-4.23,1,没涨停→尾盘卖,平淡期
2021-06-10,603185,弘元绿能,C38电气机械和器材制造业,78.40673242,2021-06-11,78.49,-0.12,1,再涨停→次日早盘卖,平淡期
2021-06-11,000818,航锦科技,C26化学原料和化学制品制造业,29.18687229,2021-06-15,28.68,-1.88,1,没涨停→尾盘卖,妖股期
2021-06-15,000422,湖北宜化,C26化学原料和化学制品制造业,6.910564,2021-06-16,6.84,-1.23,1,没涨停→尾盘卖,恐慌期
2021-06-16,002935,天奥电子,C39计算机、通信和其他电子设备制造业,11.1852327,2021-06-17,11.41,1.88,1,没涨停→尾盘卖,恐慌期
2021-06-16,600776,东方通信,C39计算机、通信和其他电子设备制造业,13.26611154,2021-06-17,13.52,1.76,1,没涨停→尾盘卖,恐慌期
2021-06-16,603063,禾望电气,C38电气机械和器材制造业,14.39530897,2021-06-17,14.2,-1.51,1,没涨停→尾盘卖,恐慌期
2021-06-18,002446,盛路通信,C39计算机、通信和其他电子设备制造业,6.89,2021-06-21,7.01,1.45,1,再涨停→次日早盘卖,平淡期
2021-06-18,600110,诺德股份,C39计算机、通信和其他电子设备制造业,10.9083308,2021-06-21,11.45,4.8,1,没涨停→尾盘卖,平淡期
2021-06-18,600619,海立股份,C34通用设备制造业,8.89026778,2021-06-21,9.2,3.35,1,没涨停→尾盘卖,平淡期
2021-06-21,002167,东方锆业,C32有色金属冶炼和压延加工业,6.64,2021-06-23,7.42,11.6,2,再涨停→次日早盘卖,妖股期
2021-06-21,600203,福日电子,C39计算机、通信和其他电子设备制造业,9.17280551,2021-06-23,11.1,20.85,2,再涨停→次日早盘卖,妖股期
2021-06-21,600375,汉马科技,C36汽车制造业,7.54610417,2021-06-23,9.12,20.77,2,再涨停→次日早盘卖,妖股期
2021-06-23,002384,东山精密,C39计算机、通信和其他电子设备制造业,19.00290375,2021-06-24,20.54,7.92,1,没涨停→尾盘卖,平淡期
2021-06-23,002600,领益智造,C39计算机、通信和其他电子设备制造业,8.80159006,2021-06-24,9.14,3.69,1,没涨停→尾盘卖,平淡期
2021-06-23,002938,鹏鼎控股,C39计算机、通信和其他电子设备制造业,30.36941828,2021-06-24,32.31,6.24,1,没涨停→尾盘卖,平淡期
2021-06-24,002047,宝鹰股份,E50建筑装饰、装修和其他建筑业,3.56,2021-06-25,3.64,2.1,1,没涨停→尾盘卖,平淡期
2021-06-24,002309,中利集团,C38电气机械和器材制造业,5.82,2021-06-25,5.66,-2.9,1,没涨停→尾盘卖,平淡期
2021-06-24,002482,广田集团,E50建筑装饰、装修和其他建筑业,2.82,2021-06-28,3.13,10.84,2,再涨停→次日早盘卖,平淡期
2021-06-25,002258,利尔化学,C26化学原料和化学制品制造业,16.64031798,2021-06-28,16.61,-0.31,1,没涨停→尾盘卖,平淡期
2021-06-25,603768,常青股份,C36汽车制造业,16.05217995,2021-06-28,15.58,-3.08,1,没涨停→尾盘卖,平淡期
2021-06-28,002124,天邦食品,A03畜牧业,7.28,2021-06-29,7.07,-3.03,1,没涨停→尾盘卖,平淡期
2021-06-28,002157,正邦科技,A03畜牧业,12.28,2021-06-29,12.16,-1.13,1,没涨停→尾盘卖,平淡期
2021-06-28,002519,银河电子,C39计算机、通信和其他电子设备制造业,4.45080974,2021-06-29,4.12,-7.49,1,没涨停→尾盘卖,平淡期
2021-06-29,002009,天奇股份,C35专用设备制造业,12.90466215,2021-06-30,11.97,-7.43,1,没涨停→尾盘卖,平淡期
2021-06-29,600329,达仁堂,C27医药制造业,21.43272713,2021-06-30,22.19,3.39,1,没涨停→尾盘卖,平淡期
2021-06-29,603379,三美股份,C26化学原料和化学制品制造业,17.41423992,2021-06-30,17.63,1.09,1,没涨停→尾盘卖,平淡期
2021-06-30,002445,中南文化,C33金属制品业,2.76,2021-07-01,2.66,-3.77,1,没涨停→尾盘卖,妖股期
2021-06-30,600481,双良节能,C34通用设备制造业,6.43388016,2021-07-01,5.85,-9.16,1,没涨停→尾盘卖,妖股期
2021-06-30,601608,中信重工,C35专用设备制造业,3.62983082,2021-07-01,3.69,1.45,1,没涨停→尾盘卖,妖股期
2021-07-01,002118,*ST紫鑫,,2.95,2021-07-02,2.89,-2.18,1,没涨停→尾盘卖,妖股期
2021-07-01,002796,世嘉科技,C39计算机、通信和其他电子设备制造业,11.89,2021-07-02,11.59,-2.67,1,没涨停→尾盘卖,妖股期
2021-07-01,600557,康缘药业,C27医药制造业,11.95291104,2021-07-02,11.46,-4.28,1,没涨停→尾盘卖,妖股期
2021-07-02,000633,合金投资,C32有色金属冶炼和压延加工业,6.96,2021-07-05,7.39,6.03,1,没涨停→尾盘卖,恐慌期
2021-07-02,600980,北矿科技,C35专用设备制造业,15.34563808,2021-07-05,15.95,3.78,1,没涨停→尾盘卖,恐慌期
2021-07-05,603155,新亚强,C26化学原料和化学制品制造业,14.99245904,2021-07-06,14.96,-0.35,1,没涨停→尾盘卖,妖股期
2021-07-05,603229,奥翔药业,C27医药制造业,12.0415652,2021-07-06,12.19,1.08,1,没涨停→尾盘卖,妖股期
2021-07-05,603039,泛微网络,I65软件和信息技术服务业,57.7035008,2021-07-07,65.98,14.2,2,再涨停→次日早盘卖,妖股期
2021-07-06,600409,三友化工,C26化学原料和化学制品制造业,9.84076318,2021-07-07,9.55,-3.09,1,没涨停→尾盘卖,平淡期
2021-07-06,600961,株冶集团,C32有色金属冶炼和压延加工业,6.67,2021-07-07,6.56,-1.8,1,没涨停→尾盘卖,平淡期
2021-07-07,002182,宝武镁业,C32有色金属冶炼和压延加工业,9.15749232,2021-07-08,9.21,0.38,1,没涨停→尾盘卖,平淡期
2021-07-07,002469,三维化学,C26化学原料和化学制品制造业,4.58306604,2021-07-08,4.43,-3.44,1,没涨停→尾盘卖,平淡期
2021-07-07,002538,ST司特,C26化学原料和化学制品制造业,6.55771203,2021-07-08,6.61,0.64,1,没涨停→尾盘卖,平淡期
2021-07-08,002025,航天电器,C39计算机、通信和其他电子设备制造业,53.97655604,2021-07-09,56.8,5.08,1,没涨停→尾盘卖,平淡期
2021-07-08,000551,创元科技,C35专用设备制造业,7.7204505,2021-07-12,9.35,20.9,2,再涨停→次日早盘卖,平淡期
2021-07-08,002539,云图控股,C26化学原料和化学制品制造业,9.2541384,2021-07-12,10.18,9.85,2,再涨停→次日早盘卖,平淡期
2021-07-09,000050,深天马A,C39计算机、通信和其他电子设备制造业,15.71422745,2021-07-12,15.56,-1.16,1,没涨停→尾盘卖,平淡期
2021-07-12,002109,ST兴化,C26化学原料和化学制品制造业,5.5684377,2021-07-13,5.44,-2.52,1,没涨停→尾盘卖,平淡期
2021-07-12,002184,海得控制,C38电气机械和器材制造业,12.45023304,2021-07-13,12.65,1.48,1,没涨停→尾盘卖,平淡期
2021-07-12,002212,天融信,I65软件和信息技术服务业,20.11491423,2021-07-13,20.95,3.99,1,没涨停→尾盘卖,平淡期
2021-07-13,600293,三峡新材,C30非金属矿物制品业,3.85,2021-07-14,4.02,4.27,1,没涨停→尾盘卖,平淡期
2021-07-14,000837,秦川机床,C34通用设备制造业,8.21537122,2021-07-15,7.93,-3.66,1,没涨停→尾盘卖,平淡期
2021-07-14,002031,巨轮智能,C35专用设备制造业,2.05,2021-07-15,1.97,-4.05,1,没涨停→尾盘卖,平淡期
2021-07-14,002653,海思科,C27医药制造业,22.14650928,2021-07-15,21.31,-3.91,1,没涨停→尾盘卖,平淡期
2021-07-15,000595,新能股份,C34通用设备制造业,3.21,2021-07-16,2.96,-7.94,1,没涨停→尾盘卖,恐慌期
2021-07-15,603279,景津装备,C34通用设备制造业,15.8471472,2021-07-16,16.32,2.82,1,没涨停→尾盘卖,恐慌期
2021-07-16,002643,万润股份,C26化学原料和化学制品制造业,16.33665612,2021-07-19,17.42,6.49,1,没涨停→尾盘卖,平淡期
2021-07-16,600378,昊华科技,C26化学原料和化学制品制造业,26.38748761,2021-07-19,25.41,-3.85,1,没涨停→尾盘卖,平淡期
2021-07-19,000510,新金路,C26化学原料和化学制品制造业,5.9,2021-07-20,5.64,-4.56,1,没涨停→尾盘卖,妖股期
2021-07-19,002088,鲁阳节能,C30非金属矿物制品业,13.99904646,2021-07-20,12.79,-8.77,1,没涨停→尾盘卖,妖股期
2021-07-19,000561,烽火电子,C39计算机、通信和其他电子设备制造业,7.22104926,2021-07-21,8.66,19.77,2,再涨停→次日早盘卖,妖股期
2021-07-20,002518,科士达,C38电气机械和器材制造业,20.66961744,2021-07-21,21.03,1.58,1,没涨停→尾盘卖,平淡期
2021-07-20,600477,杭萧钢构,C33金属制品业,3.89524146,2021-07-21,3.83,-1.81,1,没涨停→尾盘卖,平淡期
2021-07-21,002374,中锐股份,C33金属制品业,2.84,2021-07-22,2.81,-1.21,1,没涨停→尾盘卖,平淡期
2021-07-21,002897,意华股份,C38电气机械和器材制造业,19.87446042,2021-07-23,24.04,20.82,2,再涨停→次日早盘卖,平淡期
2021-07-21,600114,东睦股份,C33金属制品业,9.2552474,2021-07-23,10.28,10.87,2,再涨停→次日早盘卖,平淡期
2021-07-22,002092,中泰化学,C26化学原料和化学制品制造业,12.0689429,2021-07-23,12.28,1.62,1,没涨停→尾盘卖,平淡期
2021-07-23,002002,ST鸿达,,4.94,2021-07-26,4.89,-1.16,1,没涨停→尾盘卖,平淡期
2021-07-23,002170,芭田股份,C26化学原料和化学制品制造业,4.23872425,2021-07-27,4.77,12.48,2,再涨停→次日早盘卖,平淡期
2021-07-23,002503,*ST搜特,,1.56,2021-07-27,1.73,10.75,2,再涨停→次日早盘卖,平淡期
2021-07-26,002436,兴森科技,C39计算机、通信和其他电子设备制造业,13.35303248,2021-07-27,13.63,1.9,1,没涨停→尾盘卖,恐慌期
2021-07-27,002463,沪电股份,C39计算机、通信和其他电子设备制造业,12.43836352,2021-07-28,12.21,-1.98,1,没涨停→尾盘卖,恐慌期
2021-07-28,002932,*ST明德,C27医药制造业,24.52041312,2021-07-29,24.8,0.99,1,没涨停→尾盘卖,恐慌期
2021-07-28,603976,正川股份,C27医药制造业,31.46860792,2021-07-29,31.85,1.07,1,没涨停→尾盘卖,恐慌期
2021-07-29,002296,辉煌科技,C38电气机械和器材制造业,6.98079928,2021-07-30,7.07,0.95,1,再涨停→次日早盘卖,平淡期
2021-07-29,600135,乐凯胶片,C26化学原料和化学制品制造业,6.8542668,2021-07-30,7.18,4.63,1,没涨停→尾盘卖,平淡期
2021-07-29,603236,移远通信,C39计算机、通信和其他电子设备制造业,52.00108967,2021-07-30,54.33,4.33,1,没涨停→尾盘卖,平淡期
2021-07-30,002735,王子新材,C29橡胶和塑料制品业,12.36370888,2021-08-02,12.42,0.31,1,没涨停→尾盘卖,平淡期
2021-07-30,600157,永泰能源,D44电力、热力生产和供应业,1.62962044,2021-08-02,1.65,1.07,1,没涨停→尾盘卖,平淡期
2021-07-30,601016,节能风电,D44电力、热力生产和供应业,3.36261354,2021-08-02,3.51,4.16,1,没涨停→尾盘卖,平淡期
2021-08-02,000540,*ST中天,,2.39,2021-08-03,2.34,-2.24,1,没涨停→尾盘卖,平淡期
2021-08-02,000584,工智退,,6.39,2021-08-03,6.52,1.88,1,没涨停→尾盘卖,平淡期
2021-08-02,000672,上峰材料,C30非金属矿物制品业,11.27179495,2021-08-03,11.36,0.61,1,没涨停→尾盘卖,平淡期
2021-08-03,002896,中大力德,C34通用设备制造业,13.24051575,2021-08-04,12.96,-2.28,1,没涨停→尾盘卖,恐慌期
2021-08-03,603387,基蛋生物,C27医药制造业,13.664937,2021-08-04,14.45,5.63,1,没涨停→尾盘卖,恐慌期
2021-08-03,603658,安图生物,C27医药制造业,61.5661497,2021-08-04,59.88,-2.89,1,没涨停→尾盘卖,恐慌期
2021-08-04,003021,兆威机电,C38电气机械和器材制造业,51.5143838,2021-08-05,52.42,1.61,1,没涨停→尾盘卖,平淡期
2021-08-04,603081,大丰实业,C35专用设备制造业,11.5618932,2021-08-05,11.95,3.23,1,没涨停→尾盘卖,平淡期
2021-08-05,002036,联创电子,C39计算机、通信和其他电子设备制造业,20.24809956,2021-08-06,20.32,0.2,1,没涨停→尾盘卖,平淡期
2021-08-05,002429,兆驰股份,C39计算机、通信和其他电子设备制造业,6.21889456,2021-08-06,5.9,-5.25,1,没涨停→尾盘卖,平淡期
2021-08-05,002730,电光科技,C35专用设备制造业,11.04978556,2021-08-06,11.18,1.05,1,没涨停→尾盘卖,平淡期
2021-08-06,000751,锌业股份,C32有色金属冶炼和压延加工业,3.7930752,2021-08-09,3.81,0.37,1,没涨停→尾盘卖,平淡期
2021-08-06,000970,中科三环,C39计算机、通信和其他电子设备制造业,11.0566998,2021-08-09,10.86,-1.93,1,没涨停→尾盘卖,平淡期
2021-08-06,002510,天汽模,C36汽车制造业,4.30453644,2021-08-09,4.5,4.44,1,没涨停→尾盘卖,平淡期
2021-08-09,002026,山东威达,C38电气机械和器材制造业,14.04398065,2021-08-10,14.22,1.07,1,没涨停→尾盘卖,妖股期
2021-08-09,002274,华昌化工,C26化学原料和化学制品制造业,9.73744695,2021-08-10,10.28,5.39,1,没涨停→尾盘卖,妖股期
2021-08-09,002515,金字火腿,C13农副食品加工业,5.05870024,2021-08-10,5.11,0.82,1,没涨停→尾盘卖,妖股期
2021-08-10,000576,甘化科工,C39计算机、通信和其他电子设备制造业,11.54,2021-08-11,11.93,3.23,1,没涨停→尾盘卖,平淡期
2021-08-10,600552,凯盛科技,C39计算机、通信和其他电子设备制造业,9.8823368,2021-08-11,8.97,-9.38,1,没涨停→尾盘卖,平淡期
2021-08-10,603779,威龙股份,C15酒、饮料和精制茶制造业,11.11477416,2021-08-11,11.49,3.26,1,没涨停→尾盘卖,平淡期
2021-08-11,002363,隆基机械,C36汽车制造业,4.96867764,2021-08-12,4.83,-2.89,1,没涨停→尾盘卖,平淡期
2021-08-11,002480,新筑股份,C34通用设备制造业,5.09,2021-08-12,4.91,-3.69,1,没涨停→尾盘卖,平淡期
2021-08-11,002498,汉缆股份,C38电气机械和器材制造业,4.04636975,2021-08-12,4.13,1.97,1,没涨停→尾盘卖,平淡期
2021-08-12,000868,安凯客车,C36汽车制造业,4.76,2021-08-13,4.55,-4.56,1,没涨停→尾盘卖,平淡期
2021-08-12,002350,北京科锐,C38电气机械和器材制造业,6.73702442,2021-08-13,6.65,-1.48,1,没涨停→尾盘卖,平淡期
2021-08-12,002637,赞宇科技,C26化学原料和化学制品制造业,17.4808158,2021-08-13,17.64,0.77,1,没涨停→尾盘卖,平淡期
2021-08-13,002545,东方铁塔,C26化学原料和化学制品制造业,8.15861382,2021-08-16,7.75,-5.12,1,没涨停→尾盘卖,平淡期
2021-08-13,603926,铁流股份,C36汽车制造业,12.326248,2021-08-16,11.09,-10.15,1,没涨停→尾盘卖,平淡期
2021-08-16,002610,ST爱康,,2.57,2021-08-17,2.43,-5.6,1,没涨停→尾盘卖,妖股期
2021-08-16,600130,波导股份,C39计算机、通信和其他电子设备制造业,4.15,2021-08-17,4.28,2.98,1,没涨停→尾盘卖,妖股期
2021-08-16,002986,宇新股份,C26化学原料和化学制品制造业,17.44929802,2021-08-18,20.19,15.57,2,再涨停→次日早盘卖,妖股期
2021-08-17,603227,雪峰科技,C26化学原料和化学制品制造业,5.73091945,2021-08-18,5.66,-1.41,1,没涨停→尾盘卖,恐慌期
2021-08-18,000922,佳电股份,C38电气机械和器材制造业,6.28836312,2021-08-19,5.89,-6.46,1,没涨停→尾盘卖,平淡期
2021-08-18,002437,誉衡药业,C27医药制造业,2.75,2021-08-19,2.76,0.21,1,没涨停→尾盘卖,平淡期
2021-08-18,000836,ST富通,,2.51,2021-08-20,2.61,3.83,2,再涨停→次日早盘卖,平淡期
2021-08-19,002397,梦洁股份,C17纺织业,4.73,2021-08-20,4.64,-2.05,1,没涨停→尾盘卖,平淡期
2021-08-19,002987,京北方,I65软件和信息技术服务业,5.9639,2021-08-20,5.81,-2.79,1,没涨停→尾盘卖,平淡期
2021-08-20,600075,新疆天业,C26化学原料和化学制品制造业,8.2097676,2021-08-23,8.41,2.3,1,没涨停→尾盘卖,平淡期
2021-08-20,600320,振华重工,C34通用设备制造业,3.5944656,2021-08-23,3.64,1.17,1,没涨停→尾盘卖,平淡期
2021-08-20,002248,华东数控,C34通用设备制造业,7.37,2021-08-24,8.92,20.88,2,再涨停→次日早盘卖,平淡期
2021-08-23,000037,深南电A,D44电力、热力生产和供应业,7.82728995,2021-08-24,7.9,0.74,1,没涨停→尾盘卖,妖股期
2021-08-23,002114,罗平锌电,C32有色金属冶炼和压延加工业,8.45,2021-08-24,8.47,0.09,1,没涨停→尾盘卖,妖股期
2021-08-24,000878,云南铜业,C32有色金属冶炼和压延加工业,13.33283511,2021-08-25,14.16,6.02,1,没涨停→尾盘卖,妖股期
2021-08-24,002272,川润股份,C34通用设备制造业,6.65757858,2021-08-25,6.04,-9.4,1,没涨停→尾盘卖,妖股期
2021-08-24,600333,长春燃气,D45燃气生产和供应业,5.59,2021-08-25,5.52,-1.4,1,没涨停→尾盘卖,妖股期
2021-08-25,600072,中船科技,E48土木工程建筑业,12.91421122,2021-08-26,12.94,0.08,1,没涨停→尾盘卖,妖股期
2021-08-25,603398,*ST沐邦,C38电气机械和器材制造业,10.1,2021-08-26,10.23,1.14,1,没涨停→尾盘卖,妖股期
2021-08-27,000635,英力特,C26化学原料和化学制品制造业,14.72,2021-08-30,14.57,-1.17,1,没涨停→尾盘卖,平淡期
2021-08-27,002057,中钢天源,C26化学原料和化学制品制造业,8.46433896,2021-08-30,8.47,-0.04,1,没涨停→尾盘卖,平淡期
2021-08-27,600960,渤海汽车,C36汽车制造业,4.41,2021-08-30,4.29,-2.87,1,没涨停→尾盘卖,平淡期
2021-08-30,002073,软控股份,C35专用设备制造业,5.7892208,2021-08-31,5.7,-1.64,1,没涨停→尾盘卖,平淡期
2021-08-30,002171,楚江新材,C32有色金属冶炼和压延加工业,12.21159646,2021-08-31,12.8,4.64,1,没涨停→尾盘卖,平淡期
2021-08-30,002199,东晶电子,C39计算机、通信和其他电子设备制造业,8.72,2021-08-31,8.43,-3.48,1,没涨停→尾盘卖,平淡期
2021-08-31,002798,帝欧水华,C30非金属矿物制品业,13.68191844,2021-09-01,14.05,2.57,1,没涨停→尾盘卖,恐慌期
2021-08-31,600529,山东药玻,C30非金属矿物制品业,31.16390145,2021-09-01,33.48,7.29,1,没涨停→尾盘卖,恐慌期
2021-08-31,002208,合肥城建,K70房地产业,8.83801381,2021-09-02,9.73,9.97,2,再涨停→次日早盘卖,恐慌期
2021-09-01,000681,视觉中国,I64互联网和相关服务,13.83998784,2021-09-02,14.19,2.36,1,没涨停→尾盘卖,恐慌期
2021-09-01,002353,杰瑞股份,C35专用设备制造业,38.031034,2021-09-02,37.32,-2.02,1,没涨停→尾盘卖,恐慌期
2021-09-02,002028,思源电气,C38电气机械和器材制造业,33.5652559,2021-09-03,34.74,3.35,1,没涨停→尾盘卖,平淡期
2021-09-02,002452,长高电气,C38电气机械和器材制造业,6.0918473,2021-09-03,6.09,-0.15,1,没涨停→尾盘卖,平淡期
2021-09-02,000791,甘肃能源,D44电力、热力生产和供应业,4.60075489,2021-09-06,5.12,11.18,2,再涨停→次日早盘卖,平淡期
2021-09-03,002153,石基信息,I65软件和信息技术服务业,10.62201183,2021-09-06,10.46,-1.69,1,没涨停→尾盘卖,恐慌期
2021-09-03,002451,摩恩电气,C38电气机械和器材制造业,7.70585886,2021-09-06,7.5,-2.86,1,没涨停→尾盘卖,恐慌期
2021-09-06,002039,黔源电力,D44电力、热力生产和供应业,11.0932764,2021-09-07,11.68,5.16,1,没涨停→尾盘卖,平淡期
2021-09-06,002053,云南能投,D44电力、热力生产和供应业,9.50795835,2021-09-07,10.0,5.0,1,没涨停→尾盘卖,平淡期
2021-09-06,600021,上海电力,D44电力、热力生产和供应业,7.8182273,2021-09-07,8.22,4.94,1,没涨停→尾盘卖,平淡期
2021-09-07,000698,ST沈化,C26化学原料和化学制品制造业,7.41,2021-09-08,7.49,1.06,1,再涨停→次日早盘卖,主线期
2021-09-07,002165,红宝丽,C26化学原料和化学制品制造业,5.1664578,2021-09-08,5.28,2.02,1,没涨停→尾盘卖,主线期
2021-09-07,002214,大立科技,C39计算机、通信和其他电子设备制造业,24.37567876,2021-09-08,24.19,-0.92,1,没涨停→尾盘卖,主线期
2021-09-08,002751,易尚退,,20.87,2021-09-09,19.68,-5.85,1,没涨停→尾盘卖,主线期
2021-09-08,002827,高争民爆,C26化学原料和化学制品制造业,10.84018912,2021-09-09,10.44,-3.85,1,没涨停→尾盘卖,主线期
2021-09-08,600186,莲花控股,C14食品制造业,3.87,2021-09-09,4.03,3.98,1,没涨停→尾盘卖,主线期
2021-09-09,000717,中南股份,C31黑色金属冶炼和压延加工业,6.1189365,2021-09-10,6.11,-0.3,1,没涨停→尾盘卖,平淡期
2021-09-09,002068,黑猫股份,C26化学原料和化学制品制造业,9.23758594,2021-09-10,8.88,-4.06,1,没涨停→尾盘卖,平淡期
2021-09-09,002110,三钢闽光,C31黑色金属冶炼和压延加工业,10.12197634,2021-09-10,9.61,-5.18,1,没涨停→尾盘卖,平淡期
2021-09-10,002606,大连电瓷,C38电气机械和器材制造业,8.60266752,2021-09-14,9.79,13.62,2,再涨停→次日早盘卖,妖股期
2021-09-10,603088,宁波精达,C34通用设备制造业,4.46602563,2021-09-14,5.01,12.09,2,再涨停→次日早盘卖,妖股期
2021-09-10,603861,白云电器,C38电气机械和器材制造业,10.1506403,2021-09-14,11.13,9.52,2,再涨停→次日早盘卖,妖股期
2021-09-14,002632,道明光学,C26化学原料和化学制品制造业,6.60674055,2021-09-15,6.78,2.53,1,没涨停→尾盘卖,平淡期
2021-09-14,600532,退市未来,,18.93,2021-09-15,19.3,1.8,1,没涨停→尾盘卖,平淡期
2021-09-15,000413,ST旭电,,2.45,2021-09-16,2.46,0.26,1,没涨停→尾盘卖,主线期
2021-09-15,002037,保利联合,C26化学原料和化学制品制造业,7.77559695,2021-09-16,7.54,-3.22,1,没涨停→尾盘卖,主线期
2021-09-15,002526,山东矿机,C35专用设备制造业,2.38365886,2021-09-16,2.37,-0.56,1,没涨停→尾盘卖,主线期
2021-09-16,600299,安迪苏,C14食品制造业,11.72461528,2021-09-17,11.52,-1.89,1,没涨停→尾盘卖,恐慌期
2021-09-16,603983,丸美生物,C26化学原料和化学制品制造业,34.07191717,2021-09-17,36.28,6.32,1,没涨停→尾盘卖,恐慌期
2021-09-16,603079,圣达生物,C14食品制造业,16.40573352,2021-09-22,19.39,18.05,2,再涨停→次日早盘卖,恐慌期
2021-09-22,000692,惠天热电,D44电力、热力生产和供应业,3.91,2021-09-23,4.05,3.43,1,没涨停→尾盘卖,主线期
2021-09-22,000883,湖北能源,D44电力、热力生产和供应业,5.11529706,2021-09-23,5.19,1.25,1,没涨停→尾盘卖,主线期
2021-09-22,002128,电投能源,B06煤炭开采和洗选业,14.92799176,2021-09-23,14.58,-2.48,1,没涨停→尾盘卖,主线期
2021-09-23,000150,*ST宜康,,3.21,2021-09-24,3.38,5.15,1,没涨停→尾盘卖,主线期
2021-09-23,000488,ST晨鸣,C22造纸和纸制品业,8.84,2021-09-24,8.79,-0.72,1,没涨停→尾盘卖,主线期
2021-09-23,002067,景兴纸业,C22造纸和纸制品业,4.6349082,2021-09-24,4.38,-5.71,1,没涨停→尾盘卖,主线期
2021-09-27,000860,顺鑫农业,C15酒、饮料和精制茶制造业,35.6570895,2021-09-28,35.84,0.35,1,没涨停→尾盘卖,恐慌期
2021-09-27,002646,天佑德酒,C15酒、饮料和精制茶制造业,21.63341949,2021-09-28,21.02,-2.99,1,没涨停→尾盘卖,恐慌期
2021-09-27,600101,明星电力,D44电力、热力生产和供应业,5.90985115,2021-09-28,5.84,-1.39,1,没涨停→尾盘卖,恐慌期
2021-09-28,000809,和展能源,C38电气机械和器材制造业,2.88,2021-09-29,2.9,0.54,1,没涨停→尾盘卖,主线期
2021-09-28,002554,惠博普,B11开采专业及辅助性活动,3.45504416,2021-09-29,3.27,-5.59,1,没涨停→尾盘卖,主线期
2021-09-28,600026,中远海能,G55水上运输业,6.21356162,2021-09-29,6.37,2.33,1,没涨停→尾盘卖,主线期
2021-09-29,000533,顺钠股份,C38电气机械和器材制造业,3.58,2021-09-30,3.5,-2.38,1,没涨停→尾盘卖,恐慌期
2021-09-29,002339,积成电子,C38电气机械和器材制造业,7.51838976,2021-09-30,7.51,-0.28,1,没涨停→尾盘卖,恐慌期
2021-09-29,601616,广电电气,C38电气机械和器材制造业,3.65291136,2021-09-30,3.68,0.62,1,没涨停→尾盘卖,恐慌期
2021-09-30,600505,西昌电力,D44电力、热力生产和供应业,8.7916158,2021-10-08,8.21,-6.78,1,没涨停→尾盘卖,平淡期
2021-09-30,600973,宝胜股份,C38电气机械和器材制造业,4.9,2021-10-08,4.9,-0.15,1,没涨停→尾盘卖,平淡期
2021-10-08,000819,岳阳兴长,C25石油、煤炭及其他燃料加工业,7.8292764,2021-10-11,8.01,2.12,1,没涨停→尾盘卖,妖股期
2021-10-08,000889,中嘉博创,I65软件和信息技术服务业,3.33,2021-10-11,3.34,0.15,1,没涨停→尾盘卖,妖股期
2021-10-08,002505,鹏都农牧,,2.72,2021-10-12,3.0,10.14,2,再涨停→次日早盘卖,妖股期
2021-10-11,600105,永鼎股份,C38电气机械和器材制造业,4.16838725,2021-10-12,4.11,-1.56,1,没涨停→尾盘卖,恐慌期
2021-10-11,600487,亨通光电,C38电气机械和器材制造业,14.3124894,2021-10-12,14.17,-1.16,1,没涨停→尾盘卖,恐慌期
2021-10-13,002469,三维化学,C26化学原料和化学制品制造业,5.05088766,2021-10-14,4.89,-3.29,1,没涨停→尾盘卖,恐慌期
2021-10-14,002011,盾安环境,C34通用设备制造业,6.59608398,2021-10-15,6.44,-2.55,1,没涨停→尾盘卖,妖股期
2021-10-14,603179,新泉股份,C36汽车制造业,19.69417164,2021-10-15,21.02,6.57,1,没涨停→尾盘卖,妖股期
2021-10-14,603358,华达科技,C36汽车制造业,18.3194199,2021-10-15,19.23,4.84,1,没涨停→尾盘卖,妖股期
2021-10-18,002360,ST同德,C26化学原料和化学制品制造业,9.19960712,2021-10-19,9.86,7.07,1,没涨停→尾盘卖,平淡期
2021-10-18,600877,电科芯片,C39计算机、通信和其他电子设备制造业,16.28,2021-10-19,16.48,1.08,1,没涨停→尾盘卖,平淡期
2021-10-18,600990,四创电子,C39计算机、通信和其他电子设备制造业,24.95776374,2021-10-19,26.67,6.72,1,没涨停→尾盘卖,平淡期
2021-10-19,002157,正邦科技,A03畜牧业,10.35,2021-10-20,10.35,-0.05,1,再涨停→次日早盘卖,妖股期
2021-10-19,002234,民和股份,A03畜牧业,17.02,2021-10-20,17.56,3.02,1,没涨停→尾盘卖,妖股期
2021-10-19,002458,益生股份,A03畜牧业,8.14552485,2021-10-20,8.21,0.64,1,没涨停→尾盘卖,妖股期
2021-10-20,002722,物产金轮,C33金属制品业,15.32463361,2021-10-21,14.79,-3.63,1,没涨停→尾盘卖,平淡期
2021-10-21,000049,德赛电池,C38电气机械和器材制造业,33.5566825,2021-10-22,32.91,-2.08,1,没涨停→尾盘卖,平淡期
2021-10-21,000416,*ST民控,,3.84912296,2021-10-25,4.38,13.77,2,再涨停→次日早盘卖,平淡期
2021-10-22,002032,苏泊尔,C38电气机械和器材制造业,38.18361734,2021-10-25,38.18,-0.07,1,再涨停→次日早盘卖,平淡期
2021-10-22,600536,中国软件,I65软件和信息技术服务业,31.2864606,2021-10-25,31.93,1.91,1,没涨停→尾盘卖,平淡期
2021-10-25,002909,集泰股份,C26化学原料和化学制品制造业,5.89077104,2021-10-26,6.16,4.4,1,没涨停→尾盘卖,平淡期
2021-10-25,002960,青鸟智控,C39计算机、通信和其他电子设备制造业,9.91560552,2021-10-26,10.2,2.71,1,没涨停→尾盘卖,平淡期
2021-10-25,600969,郴电国际,D44电力、热力生产和供应业,7.33926258,2021-10-26,7.48,1.71,1,再涨停→次日早盘卖,平淡期
2021-10-26,002384,东山精密,C39计算机、通信和其他电子设备制造业,20.65741704,2021-10-27,20.25,-2.12,1,没涨停→尾盘卖,平淡期
2021-10-27,000722,湖南发展,D44电力、热力生产和供应业,7.49200382,2021-10-28,7.48,-0.28,1,没涨停→尾盘卖,平淡期
2021-10-28,603043,广州酒家,C14食品制造业,19.43929194,2021-10-29,20.1,3.26,1,没涨停→尾盘卖,恐慌期
2021-10-29,002425,凯撒文化,I64互联网和相关服务,7.07,2021-11-01,7.35,3.81,1,没涨停→尾盘卖,妖股期
2021-10-29,002801,微光股份,C38电气机械和器材制造业,16.1130112,2021-11-01,17.31,7.29,1,没涨停→尾盘卖,妖股期
2021-10-29,600530,ST交昂,C14食品制造业,3.36571336,2021-11-01,3.4,0.74,1,没涨停→尾盘卖,妖股期
2021-11-01,000823,超声电子,C39计算机、通信和其他电子设备制造业,11.5902798,2021-11-02,11.5,-0.96,1,没涨停→尾盘卖,妖股期
2021-11-01,002463,沪电股份,C39计算机、通信和其他电子设备制造业,10.67499796,2021-11-02,11.14,4.2,1,没涨停→尾盘卖,妖股期
2021-11-01,002491,通鼎互联,C38电气机械和器材制造业,4.32,2021-11-03,4.9,13.28,2,再涨停→次日早盘卖,妖股期
2021-11-02,002661,克明食品,C14食品制造业,11.00310908,2021-11-03,10.92,-0.88,1,没涨停→尾盘卖,平淡期
2021-11-02,002870,香山股份,C36汽车制造业,32.26684492,2021-11-04,36.87,14.13,2,再涨停→次日早盘卖,平淡期
2021-11-03,603090,宏盛股份,C34通用设备制造业,18.77095704,2021-11-04,20.02,6.5,1,没涨停→尾盘卖,平淡期
2021-11-03,603333,福华尚纬,C38电气机械和器材制造业,7.1385954,2021-11-04,7.37,3.06,1,没涨停→尾盘卖,平淡期
2021-11-04,002937,兴瑞科技,C39计算机、通信和其他电子设备制造业,13.66490852,2021-11-05,14.68,7.29,1,没涨停→尾盘卖,主线期
2021-11-04,002164,宁波东力,C34通用设备制造业,4.71,2021-11-08,5.25,11.31,2,再涨停→次日早盘卖,主线期
2021-11-04,003019,宸展光电,C39计算机、通信和其他电子设备制造业,20.04617136,2021-11-08,21.69,8.05,2,再涨停→次日早盘卖,主线期
2021-11-05,000021,深科技,C39计算机、通信和其他电子设备制造业,16.005563,2021-11-08,15.28,-4.69,1,没涨停→尾盘卖,恐慌期
2021-11-08,600526,菲达环保,C35专用设备制造业,5.5044596,2021-11-09,5.6,1.61,1,没涨停→尾盘卖,妖股期
2021-11-08,605376,博迁新材,C39计算机、通信和其他电子设备制造业,73.48124652,2021-11-09,77.64,5.51,1,没涨停→尾盘卖,妖股期
2021-11-08,603192,汇得科技,C26化学原料和化学制品制造业,22.8050352,2021-11-10,27.59,20.85,2,再涨停→次日早盘卖,妖股期
2021-11-09,002319,乐通股份,C26化学原料和化学制品制造业,14.71,2021-11-10,14.47,-1.78,1,没涨停→尾盘卖,妖股期
2021-11-09,002536,飞龙股份,C36汽车制造业,7.39807156,2021-11-10,7.54,1.82,1,没涨停→尾盘卖,妖股期
2021-11-10,000566,海南海药,C27医药制造业,4.46,2021-11-11,4.65,4.11,1,没涨停→尾盘卖,平淡期
2021-11-10,000727,冠捷科技,C39计算机、通信和其他电子设备制造业,2.74,2021-11-11,2.9,5.69,1,没涨停→尾盘卖,平淡期
2021-11-10,603229,奥翔药业,C27医药制造业,10.93124514,2021-11-12,12.99,18.72,2,再涨停→次日早盘卖,平淡期
2021-11-11,000620,盈新发展,K70房地产业,1.93,2021-11-12,2.1,8.66,1,没涨停→尾盘卖,妖股期
2021-11-11,000671,ST阳光城,,2.99,2021-11-12,3.02,0.85,1,没涨停→尾盘卖,妖股期
2021-11-12,000030,富奥股份,C36汽车制造业,5.28244836,2021-11-15,5.4,2.15,1,没涨停→尾盘卖,平淡期
2021-11-12,002258,利尔化学,C26化学原料和化学制品制造业,17.81690612,2021-11-15,18.17,1.81,1,没涨停→尾盘卖,平淡期
2021-11-12,002262,恩华药业,C27医药制造业,14.79812965,2021-11-15,14.57,-1.72,1,没涨停→尾盘卖,平淡期
2021-11-15,000536,华映科技,C39计算机、通信和其他电子设备制造业,2.68,2021-11-16,2.61,-2.76,1,没涨停→尾盘卖,妖股期
2021-11-15,002317,众生药业,C27医药制造业,8.7299379,2021-11-16,8.77,0.28,1,没涨停→尾盘卖,妖股期
2021-11-15,002432,九安医疗,C35专用设备制造业,6.74410264,2021-11-17,8.16,20.84,2,再涨停→次日早盘卖,妖股期
2021-11-16,600989,宝丰能源,C26化学原料和化学制品制造业,13.34614425,2021-11-17,13.36,-0.02,1,没涨停→尾盘卖,妖股期
2021-11-16,601311,骆驼股份,C38电气机械和器材制造业,12.2080035,2021-11-17,12.75,4.27,1,没涨停→尾盘卖,妖股期
2021-11-17,002298,中电鑫龙,C38电气机械和器材制造业,7.46,2021-11-18,7.21,-3.5,1,没涨停→尾盘卖,妖股期
2021-11-17,002426,胜利精密,C39计算机、通信和其他电子设备制造业,2.61,2021-11-18,2.56,-2.07,1,没涨停→尾盘卖,妖股期
2021-11-17,600220,ST阳光,,2.45292141,2021-11-18,2.39,-2.56,1,没涨停→尾盘卖,妖股期
2021-11-18,600262,北方股份,C35专用设备制造业,10.17431883,2021-11-19,10.78,5.83,1,没涨停→尾盘卖,妖股期
2021-11-18,601369,陕鼓动力,C34通用设备制造业,11.16564625,2021-11-19,11.48,2.69,1,没涨停→尾盘卖,妖股期
2021-11-18,002418,康盛股份,C34通用设备制造业,3.83,2021-11-22,4.63,20.74,2,再涨停→次日早盘卖,妖股期
2021-11-19,000810,创维数字,C39计算机、通信和其他电子设备制造业,8.6351352,2021-11-22,8.57,-0.92,1,没涨停→尾盘卖,妖股期
2021-11-19,000861,海印股份,,2.4,2021-11-22,2.54,5.68,1,没涨停→尾盘卖,妖股期
2021-11-22,603005,晶方科技,C39计算机、通信和其他电子设备制造业,31.82696145,2021-11-23,33.72,5.81,1,没涨停→尾盘卖,平淡期
2021-11-22,603197,保隆科技,C36汽车制造业,41.37018452,2021-11-23,44.8,8.13,1,没涨停→尾盘卖,平淡期
2021-11-22,600843,上工申贝,C35专用设备制造业,6.2915493,2021-11-24,6.85,8.69,2,再涨停→次日早盘卖,平淡期
2021-11-23,600223,福瑞达,C26化学原料和化学制品制造业,13.5502653,2021-11-24,13.98,3.0,1,没涨停→尾盘卖,妖股期
2021-11-24,000967,盈峰环境,C35专用设备制造业,6.9953028,2021-11-25,7.05,0.62,1,没涨停→尾盘卖,妖股期
2021-11-24,600775,南京熊猫,C39计算机、通信和其他电子设备制造业,9.29246872,2021-11-25,9.09,-2.3,1,没涨停→尾盘卖,妖股期
2021-11-25,002038,双鹭药业,C27医药制造业,9.95831064,2021-11-26,10.25,2.73,1,没涨停→尾盘卖,妖股期
2021-11-25,600184,光电股份,C35专用设备制造业,12.94984796,2021-11-26,13.97,7.75,1,没涨停→尾盘卖,妖股期
2021-11-25,600479,千金药业,C27医药制造业,7.80176696,2021-11-29,8.79,12.49,2,再涨停→次日早盘卖,妖股期
2021-11-29,002752,昇兴股份,C33金属制品业,7.43151172,2021-11-30,7.68,3.24,1,没涨停→尾盘卖,平淡期
2021-11-29,600869,远东股份,C38电气机械和器材制造业,7.49504925,2021-11-30,7.64,1.81,1,没涨停→尾盘卖,平淡期
2021-11-30,002106,莱宝高科,C39计算机、通信和其他电子设备制造业,10.91676246,2021-12-01,10.65,-2.61,1,没涨停→尾盘卖,妖股期
2021-11-30,002361,神剑股份,C26化学原料和化学制品制造业,5.1441827,2021-12-01,5.27,2.34,1,再涨停→次日早盘卖,妖股期
2021-11-30,002551,尚荣医疗,C35专用设备制造业,5.47566561,2021-12-01,5.32,-3.06,1,没涨停→尾盘卖,妖股期
2021-12-01,002363,隆基机械,C36汽车制造业,5.7121659,2021-12-02,5.49,-4.12,1,没涨停→尾盘卖,妖股期
2021-12-01,002430,杭氧股份,C35专用设备制造业,25.6930723,2021-12-02,27.04,5.08,1,没涨停→尾盘卖,妖股期
2021-12-01,002490,山东墨龙,C35专用设备制造业,4.53,2021-12-03,5.08,11.99,2,再涨停→次日早盘卖,妖股期
2021-12-02,002445,中南文化,C33金属制品业,3.14,2021-12-03,3.07,-2.38,1,没涨停→尾盘卖,妖股期
2021-12-02,002855,捷荣技术,C39计算机、通信和其他电子设备制造业,9.82,2021-12-03,9.12,-7.28,1,没涨停→尾盘卖,妖股期
2021-12-03,002190,成飞集成,C36汽车制造业,31.41148703,2021-12-06,31.19,-0.85,1,没涨停→尾盘卖,平淡期
2021-12-03,002383,合众思壮,C39计算机、通信和其他电子设备制造业,6.79,2021-12-06,7.09,4.27,1,没涨停→尾盘卖,平淡期
2021-12-03,002609,捷顺科技,I65软件和信息技术服务业,9.5272353,2021-12-07,10.1,5.91,2,再涨停→次日早盘卖,平淡期
2021-12-06,000921,海信家电,C38电气机械和器材制造业,10.88884178,2021-12-07,11.71,7.42,1,没涨停→尾盘卖,平淡期
2021-12-06,002725,跃岭股份,C36汽车制造业,7.6957592,2021-12-08,8.82,14.49,2,再涨停→次日早盘卖,平淡期
2021-12-07,002508,老板电器,C38电气机械和器材制造业,28.73347344,2021-12-08,29.28,1.75,1,没涨停→尾盘卖,妖股期
2021-12-07,000599,青岛双星,C29橡胶和塑料制品业,4.29900519,2021-12-09,4.89,13.54,2,再涨停→次日早盘卖,妖股期
2021-12-08,000678,襄阳轴承,C36汽车制造业,4.95,2021-12-09,4.8,-3.18,1,没涨停→尾盘卖,妖股期
2021-12-08,000595,新能股份,C34通用设备制造业,2.86,2021-12-10,3.19,11.39,2,再涨停→次日早盘卖,妖股期
2021-12-09,002568,百润股份,C15酒、饮料和精制茶制造业,46.19694672,2021-12-10,46.43,0.35,1,没涨停→尾盘卖,妖股期
2021-12-09,003031,中瓷电子,C39计算机、通信和其他电子设备制造业,47.82484989,2021-12-10,49.41,3.15,1,没涨停→尾盘卖,妖股期
2021-12-10,002851,麦格米特,C38电气机械和器材制造业,34.52595972,2021-12-13,34.71,0.39,1,没涨停→尾盘卖,妖股期
2021-12-10,002863,今飞凯达,C36汽车制造业,6.10416522,2021-12-13,5.77,-5.65,1,没涨停→尾盘卖,妖股期
2021-12-10,002590,万安科技,C36汽车制造业,9.0430875,2021-12-14,10.7,18.13,2,再涨停→次日早盘卖,妖股期
2021-12-13,002605,姚记科技,I64互联网和相关服务,17.97274842,2021-12-14,18.2,1.09,1,没涨停→尾盘卖,妖股期
2021-12-13,002917,金奥博,C26化学原料和化学制品制造业,9.66099338,2021-12-14,9.81,1.44,1,没涨停→尾盘卖,妖股期
2021-12-14,000530,冰山冷热,C34通用设备制造业,4.0180356,2021-12-15,4.01,-0.39,1,没涨停→尾盘卖,妖股期
2021-12-14,002884,凌霄泵业,C34通用设备制造业,19.38918162,2021-12-15,18.89,-2.74,1,没涨停→尾盘卖,妖股期
2021-12-14,600288,大恒科技,C39计算机、通信和其他电子设备制造业,13.85339241,2021-12-15,13.61,-1.94,1,没涨停→尾盘卖,妖股期
2021-12-15,002305,*ST南置,K70房地产业,2.06,2021-12-16,2.02,-2.09,1,没涨停→尾盘卖,妖股期
2021-12-15,000409,云鼎科技,I65软件和信息技术服务业,5.82,2021-12-17,6.65,14.11,2,再涨停→次日早盘卖,妖股期
2021-12-15,002628,成都路桥,E48土木工程建筑业,3.58851328,2021-12-17,3.78,5.11,2,再涨停→次日早盘卖,妖股期
2021-12-16,000547,航天发展,C39计算机、通信和其他电子设备制造业,17.31053667,2021-12-17,17.28,-0.32,1,没涨停→尾盘卖,妖股期
2021-12-17,000668,荣丰控股,K70房地产业,14.88358599,2021-12-20,14.61,-2.02,1,没涨停→尾盘卖,妖股期
2021-12-17,002227,*ST特迅,C38电气机械和器材制造业,17.78,2021-12-20,17.51,-1.67,1,没涨停→尾盘卖,妖股期
2021-12-17,002471,中超控股,C38电气机械和器材制造业,3.12147998,2021-12-20,2.86,-8.67,1,没涨停→尾盘卖,妖股期
2021-12-20,000042,中洲控股,K70房地产业,8.18012478,2021-12-22,9.88,20.65,2,再涨停→次日早盘卖,妖股期
2021-12-20,000965,天保基建,K70房地产业,2.74120569,2021-12-22,3.32,21.0,2,再涨停→次日早盘卖,妖股期
2021-12-20,002082,ST万邦,C27医药制造业,11.22443864,2021-12-22,13.58,20.83,2,再涨停→次日早盘卖,妖股期
2021-12-22,000593,德龙汇能,D45燃气生产和供应业,6.49,2021-12-23,6.25,-3.85,1,没涨停→尾盘卖,妖股期
2021-12-22,002109,ST兴化,C26化学原料和化学制品制造业,5.67225603,2021-12-23,5.51,-2.98,1,没涨停→尾盘卖,妖股期
2021-12-22,002750,龙津退,,8.28,2021-12-24,9.17,10.6,2,再涨停→次日早盘卖,妖股期
2021-12-23,002413,雷科防务,C39计算机、通信和其他电子设备制造业,7.21,2021-12-24,7.16,-0.84,1,没涨停→尾盘卖,妖股期
2021-12-23,002562,兄弟科技,C27医药制造业,4.63518195,2021-12-24,4.42,-4.7,1,没涨停→尾盘卖,妖股期
2021-12-24,000766,通化金马,C27医药制造业,4.61,2021-12-27,4.82,4.41,1,没涨停→尾盘卖,妖股期
2021-12-24,000976,*ST华铁,,5.03,2021-12-27,5.28,4.82,1,没涨停→尾盘卖,妖股期
2021-12-24,002577,雷柏科技,C39计算机、通信和其他电子设备制造业,12.02,2021-12-27,11.92,-0.98,1,没涨停→尾盘卖,妖股期
2021-12-27,000915,华特达因,C27医药制造业,22.41739944,2021-12-28,22.93,2.15,1,没涨停→尾盘卖,妖股期
2021-12-27,002802,洪汇新材,C26化学原料和化学制品制造业,13.06753755,2021-12-28,13.59,3.82,1,没涨停→尾盘卖,妖股期
2021-12-27,600592,龙溪股份,C34通用设备制造业,9.74813103,2021-12-28,9.59,-1.82,1,没涨停→尾盘卖,妖股期
2021-12-28,000584,工智退,,5.94,2021-12-29,6.04,1.53,1,没涨停→尾盘卖,妖股期
2021-12-28,002197,证通电子,I65软件和信息技术服务业,8.46,2021-12-29,8.43,-0.5,1,没涨停→尾盘卖,妖股期
2021-12-28,603803,瑞斯康达,C39计算机、通信和其他电子设备制造业,7.21050132,2021-12-30,8.37,15.97,2,再涨停→次日早盘卖,妖股期
2021-12-29,002094,青岛金王,C26化学原料和化学制品制造业,4.68,2021-12-30,4.59,-2.07,1,没涨停→尾盘卖,妖股期
2021-12-29,002539,云图控股,C26化学原料和化学制品制造业,11.90580498,2021-12-30,11.65,-2.32,1,没涨停→尾盘卖,妖股期
2021-12-30,002343,慈文传媒,R87广播、电视、电影和录音制作业,5.93,2021-12-31,5.79,-2.51,1,没涨停→尾盘卖,妖股期
2021-12-30,002712,思美传媒,L72商务服务业,5.19,2021-12-31,5.04,-3.04,1,没涨停→尾盘卖,妖股期
2021-12-30,002950,奥美医疗,C27医药制造业,14.9616761,2021-12-31,15.58,3.99,1,没涨停→尾盘卖,妖股期
2021-12-31,000705,浙江震元,F51批发业,8.61292512,2022-01-04,9.46,9.65,1,没涨停→尾盘卖,妖股期
2021-12-31,603718,*ST海利,C27医药制造业,14.9679288,2022-01-04,15.46,3.12,1,没涨停→尾盘卖,妖股期
2021-12-31,600129,太极集团,C27医药制造业,22.2812184,2022-01-05,25.74,15.39,2,再涨停→次日早盘卖,妖股期
2022-01-04,002168,ST惠程,C38电气机械和器材制造业,4.72,2022-01-05,4.66,-1.42,1,没涨停→尾盘卖,妖股期
2022-01-04,002412,汉森制药,C27医药制造业,6.37873848,2022-01-05,6.57,2.85,1,没涨停→尾盘卖,妖股期
2022-01-06,000650,仁和药业,C27医药制造业,8.642205,2022-01-07,8.42,-2.78,1,没涨停→尾盘卖,妖股期
2022-01-06,002843,泰嘉股份,C34通用设备制造业,10.7842577,2022-01-07,10.57,-2.12,1,没涨停→尾盘卖,妖股期
2022-01-06,002370,亚太药业,C27医药制造业,5.25,2022-01-10,5.98,13.75,2,再涨停→次日早盘卖,妖股期
2022-01-07,002613,北玻股份,C35专用设备制造业,4.28131238,2022-01-11,5.1,18.98,2,再涨停→次日早盘卖,恐慌期
2022-01-10,000790,华神科技,C27医药制造业,6.44413517,2022-01-11,6.33,-1.84,1,没涨停→尾盘卖,妖股期
2022-01-10,002567,唐人神,C13农副食品加工业,8.4012942,2022-01-11,8.32,-1.1,1,没涨停→尾盘卖,妖股期
2022-01-11,002022,科华生物,C27医药制造业,16.02677676,2022-01-12,16.21,0.97,1,没涨停→尾盘卖,妖股期
2022-01-11,600422,昆药集团,C27医药制造业,11.61018265,2022-01-12,11.62,-0.07,1,没涨停→尾盘卖,妖股期
2022-01-11,603676,卫信康,C27医药制造业,8.8246131,2022-01-13,10.67,20.76,2,再涨停→次日早盘卖,妖股期
2022-01-12,000518,四环生物,C27医药制造业,4.04,2022-01-13,4.04,-0.15,1,没涨停→尾盘卖,妖股期
2022-01-12,000960,锡业股份,C32有色金属冶炼和压延加工业,22.20368256,2022-01-13,21.56,-3.03,1,没涨停→尾盘卖,妖股期
2022-01-13,002134,天津普林,C39计算机、通信和其他电子设备制造业,10.36,2022-01-14,10.76,3.71,1,没涨停→尾盘卖,妖股期
2022-01-13,002186,全聚德,H62餐饮业,12.3,2022-01-14,11.86,-3.73,1,没涨停→尾盘卖,妖股期
2022-01-13,600386,北巴传媒,F52零售业,4.72937984,2022-01-14,4.61,-2.77,1,没涨停→尾盘卖,妖股期
2022-01-14,600933,爱柯迪,C36汽车制造业,19.38536568,2022-01-17,20.08,3.43,1,没涨停→尾盘卖,妖股期
2022-01-17,000555,神州信息,I65软件和信息技术服务业,15.38614561,2022-01-18,15.27,-0.92,1,没涨停→尾盘卖,主线期
2022-01-17,002516,旷达科技,C17纺织业,6.01021572,2022-01-18,6.1,1.34,1,没涨停→尾盘卖,主线期
2022-01-17,002649,博彦科技,I65软件和信息技术服务业,12.91521964,2022-01-18,12.86,-0.58,1,没涨停→尾盘卖,主线期
2022-01-20,000590,古汉医药,C27医药制造业,10.77,2022-01-21,9.78,-9.34,1,没涨停→尾盘卖,平淡期
2022-01-21,002578,闽发铝业,C32有色金属冶炼和压延加工业,4.35685588,2022-01-24,4.22,-3.32,1,没涨停→尾盘卖,妖股期
2022-01-24,000038,大通退,,9.7,2022-01-25,8.82,-9.22,1,没涨停→尾盘卖,恐慌期
2022-01-24,002153,石基信息,I65软件和信息技术服务业,17.89286913,2022-01-25,18.05,0.71,1,没涨停→尾盘卖,恐慌期
2022-01-24,003029,吉大正元,I65软件和信息技术服务业,24.5289678,2022-01-26,26.77,8.98,2,再涨停→次日早盘卖,恐慌期
2022-01-25,000510,新金路,C26化学原料和化学制品制造业,5.87,2022-01-26,5.88,0.02,1,没涨停→尾盘卖,恐慌期
2022-01-26,600160,巨化股份,C26化学原料和化学制品制造业,12.59514376,2022-01-27,12.13,-3.83,1,没涨停→尾盘卖,妖股期
2022-01-26,600230,沧州大化,C26化学原料和化学制品制造业,15.45238152,2022-01-27,16.42,6.13,1,没涨停→尾盘卖,妖股期
2022-01-26,600055,万东医疗,C35专用设备制造业,22.07575722,2022-01-28,25.36,14.72,2,再涨停→次日早盘卖,妖股期
2022-01-28,000796,凯撒旅业,L72商务服务业,8.091174,2022-02-07,8.49,4.73,1,没涨停→尾盘卖,妖股期
2022-01-28,000978,桂林旅游,N78公共设施管理业,6.11,2022-02-07,6.0,-1.95,1,没涨停→尾盘卖,妖股期
2022-01-28,002411,必康退,,8.93,2022-02-07,9.19,2.76,1,没涨停→尾盘卖,妖股期
2022-02-07,000877,天山股份,C30非金属矿物制品业,13.9421612,2022-02-08,14.06,0.71,1,没涨停→尾盘卖,妖股期
2022-02-07,002307,北新路桥,E48土木工程建筑业,4.66352172,2022-02-08,4.79,2.63,1,没涨停→尾盘卖,妖股期
2022-02-07,002761,浙江建投,E48土木工程建筑业,8.28044364,2022-02-09,10.02,20.87,2,再涨停→次日早盘卖,妖股期
2022-02-08,000540,*ST中天,,2.52,2022-02-09,2.43,-3.72,1,没涨停→尾盘卖,妖股期
2022-02-08,002663,普邦股份,E48土木工程建筑业,2.01,2022-02-10,2.43,20.75,2,再涨停→次日早盘卖,妖股期
2022-02-09,000156,华数传媒,I63电信、广播电视和卫星传输服务,7.60581822,2022-02-10,7.71,1.23,1,没涨停→尾盘卖,主线期
2022-02-09,002065,东华软件,I65软件和信息技术服务业,7.71535248,2022-02-10,7.92,2.47,1,没涨停→尾盘卖,主线期
2022-02-10,002157,正邦科技,A03畜牧业,7.85,2022-02-11,7.5,-4.61,1,没涨停→尾盘卖,妖股期
2022-02-10,600916,中国黄金,F52零售业,11.39955369,2022-02-11,11.17,-2.18,1,没涨停→尾盘卖,妖股期
2022-02-10,600975,新五丰,A03畜牧业,7.63,2022-02-11,7.63,-0.02,1,再涨停→次日早盘卖,妖股期
2022-02-11,000656,金科股份,K70房地产业,5.08,2022-02-14,4.82,-5.27,1,没涨停→尾盘卖,妖股期
2022-02-14,002308,*ST威创,,4.5,2022-02-15,4.4,-2.37,1,没涨停→尾盘卖,妖股期
2022-02-14,600712,南宁百货,F52零售业,4.26,2022-02-15,4.22,-1.09,1,没涨停→尾盘卖,妖股期
2022-02-14,002542,*ST中岩,E48土木工程建筑业,3.25,2022-02-16,3.52,8.16,2,再涨停→次日早盘卖,妖股期
2022-02-15,600070,*ST富润,,6.74,2022-02-16,6.82,1.04,1,没涨停→尾盘卖,妖股期
2022-02-15,002231,*ST奥维,,6.56,2022-02-17,7.22,9.91,2,再涨停→次日早盘卖,妖股期
2022-02-16,000823,超声电子,C39计算机、通信和其他电子设备制造业,12.2830752,2022-02-17,12.28,-0.15,1,没涨停→尾盘卖,妖股期
2022-02-16,002774,快意电梯,C34通用设备制造业,7.11482352,2022-02-17,7.42,4.16,1,没涨停→尾盘卖,妖股期
2022-02-17,600321,正源股份,,2.38,2022-02-18,2.3,-3.51,1,没涨停→尾盘卖,平淡期
2022-02-17,603815,交建股份,E48土木工程建筑业,8.56151404,2022-02-18,8.54,-0.37,1,没涨停→尾盘卖,平淡期
2022-02-18,600602,云赛智联,I65软件和信息技术服务业,6.98837968,2022-02-22,8.45,20.78,2,再涨停→次日早盘卖,妖股期
2022-02-18,600797,浙大网新,I65软件和信息技术服务业,6.82603285,2022-02-22,8.27,21.0,2,再涨停→次日早盘卖,妖股期
2022-02-21,002435,ST长康,,4.86,2022-02-22,4.66,-4.27,1,没涨停→尾盘卖,妖股期
2022-02-23,002325,*ST洪涛,,3.14,2022-02-24,3.2,1.76,1,没涨停→尾盘卖,妖股期
2022-02-23,002326,永太科技,C26化学原料和化学制品制造业,37.0503474,2022-02-24,36.19,-2.48,1,没涨停→尾盘卖,妖股期
2022-02-23,002381,双箭股份,C29橡胶和塑料制品业,7.43444576,2022-02-24,7.44,-0.03,1,没涨停→尾盘卖,妖股期
2022-02-25,000416,*ST民控,,4.2657806,2022-02-28,4.27,-0.15,1,没涨停→尾盘卖,妖股期
2022-02-25,002114,罗平锌电,C32有色金属冶炼和压延加工业,8.72,2022-02-28,8.5,-2.67,1,没涨停→尾盘卖,妖股期
2022-02-25,002150,正泰电源,C38电气机械和器材制造业,7.23492406,2022-02-28,7.02,-3.07,1,没涨停→尾盘卖,妖股期
2022-02-28,000155,川能动力,D44电力、热力生产和供应业,24.64165242,2022-03-01,24.08,-2.43,1,没涨停→尾盘卖,平淡期
2022-02-28,002637,赞宇科技,C26化学原料和化学制品制造业,20.6196102,2022-03-01,19.84,-3.91,1,没涨停→尾盘卖,平淡期
2022-02-28,002724,海洋王,C38电气机械和器材制造业,14.93683395,2022-03-01,15.39,2.88,1,没涨停→尾盘卖,平淡期
2022-03-01,002552,宝鼎科技,C39计算机、通信和其他电子设备制造业,16.62585084,2022-03-02,16.72,0.44,1,没涨停→尾盘卖,妖股期
2022-03-01,002630,*ST华西,C34通用设备制造业,2.45,2022-03-02,2.44,-0.56,1,没涨停→尾盘卖,妖股期
2022-03-02,002279,久其软件,I65软件和信息技术服务业,5.57,2022-03-03,5.63,0.93,1,没涨停→尾盘卖,妖股期
2022-03-02,002331,皖通科技,I65软件和信息技术服务业,9.18499166,2022-03-03,9.46,2.89,1,没涨停→尾盘卖,妖股期
2022-03-02,600056,中国医药,F51批发业,8.19532758,2022-03-04,9.91,20.82,2,再涨停→次日早盘卖,妖股期
2022-03-03,002164,宁波东力,C34通用设备制造业,6.33,2022-03-04,6.25,-1.41,1,没涨停→尾盘卖,妖股期
2022-03-03,601598,中国外运,G58多式联运和运输代理业,3.73970828,2022-03-04,3.72,-0.56,1,没涨停→尾盘卖,妖股期
2022-03-04,600587,新华医疗,C35专用设备制造业,18.52166935,2022-03-07,18.22,-1.77,1,没涨停→尾盘卖,平淡期
2022-03-10,600058,五矿发展,F51批发业,9.8728047,2022-03-11,9.65,-2.37,1,没涨停→尾盘卖,妖股期
2022-03-10,600488,津药药业,C27医药制造业,4.5308757,2022-03-11,4.63,2.14,1,没涨停→尾盘卖,妖股期
2022-03-10,600713,南京医药,F51批发业,4.31250571,2022-03-11,4.37,1.24,1,没涨停→尾盘卖,妖股期
2022-03-11,002099,海翔药业,C27医药制造业,6.98328599,2022-03-14,6.97,-0.29,1,没涨停→尾盘卖,妖股期
2022-03-11,600080,ST金花,C27医药制造业,8.243361,2022-03-14,8.09,-1.96,1,没涨停→尾盘卖,妖股期
2022-03-14,000868,安凯客车,C36汽车制造业,4.52,2022-03-15,4.26,-5.9,1,没涨停→尾盘卖,恐慌期
2022-03-14,002301,齐心集团,C24文教、工美、体育和娱乐用品制造业,6.99482056,2022-03-15,6.51,-7.02,1,没涨停→尾盘卖,恐慌期
2022-03-14,603922,ST金鸿顺,C36汽车制造业,14.80568166,2022-03-15,14.3,-3.57,1,没涨停→尾盘卖,恐慌期
2022-03-16,000610,*ST西旅,L72商务服务业,8.91,2022-03-17,9.03,1.2,1,没涨停→尾盘卖,妖股期
2022-03-16,000888,峨眉山A,N78公共设施管理业,6.72875136,2022-03-17,6.8,0.96,1,没涨停→尾盘卖,妖股期
2022-03-16,000993,闽东电力,D44电力、热力生产和供应业,10.62758148,2022-03-17,10.88,2.3,1,再涨停→次日早盘卖,妖股期
2022-03-17,001914,招商积余,K70房地产业,13.8886332,2022-03-18,13.26,-4.67,1,没涨停→尾盘卖,妖股期
2022-03-17,002508,老板电器,C38电气机械和器材制造业,23.9169753,2022-03-18,23.83,-0.67,1,再涨停→次日早盘卖,妖股期
2022-03-17,002555,三七互娱,I64互联网和相关服务,17.04465924,2022-03-18,17.78,4.18,1,没涨停→尾盘卖,妖股期
2022-03-18,001896,豫能控股,D44电力、热力生产和供应业,6.16,2022-03-21,6.44,4.4,1,没涨停→尾盘卖,妖股期
2022-03-18,002165,红宝丽,C26化学原料和化学制品制造业,4.7125491,2022-03-21,4.88,3.46,1,没涨停→尾盘卖,妖股期
2022-03-18,002737,葵花药业,C27医药制造业,12.69110232,2022-03-21,13.29,4.58,1,没涨停→尾盘卖,妖股期
2022-03-21,000019,深粮控股,F51批发业,7.19754924,2022-03-22,7.15,-0.76,1,没涨停→尾盘卖,妖股期
2022-03-21,000919,金陵药业,C27医药制造业,7.8152004,2022-03-22,7.43,-5.03,1,没涨停→尾盘卖,妖股期
2022-03-21,002367,康力电梯,C34通用设备制造业,6.3670684,2022-03-22,6.23,-2.23,1,没涨停→尾盘卖,妖股期
2022-03-22,000025,特力A,F51批发业,14.06690832,2022-03-23,14.26,1.25,1,没涨停→尾盘卖,妖股期
2022-03-22,000697,炼石航空,C37铁路、船舶、航空航天和其他运输设备制造业,7.47365276,2022-03-23,7.51,0.36,1,没涨停→尾盘卖,妖股期
2022-03-22,000961,ST中南,,4.14,2022-03-23,4.53,9.27,1,没涨停→尾盘卖,妖股期
2022-03-23,002498,汉缆股份,C38电气机械和器材制造业,4.21774541,2022-03-24,4.04,-4.44,1,没涨停→尾盘卖,妖股期
2022-03-23,002194,武汉凡谷,C39计算机、通信和其他电子设备制造业,9.00992884,2022-03-25,10.11,12.02,2,再涨停→次日早盘卖,妖股期
2022-03-23,002476,新叶股份,C26化学原料和化学制品制造业,5.2842996,2022-03-25,5.94,12.28,2,再涨停→次日早盘卖,妖股期
2022-03-24,000635,英力特,C26化学原料和化学制品制造业,10.23,2022-03-25,10.65,3.96,1,没涨停→尾盘卖,妖股期
2022-03-25,002280,ST联络,,3.5,2022-03-28,3.46,-1.29,1,没涨停→尾盘卖,妖股期
2022-03-25,600665,天地源,K70房地产业,3.96021228,2022-03-28,3.84,-3.24,1,没涨停→尾盘卖,妖股期
2022-03-25,002424,ST百灵,C27医药制造业,7.48,2022-03-29,8.3,10.81,2,再涨停→次日早盘卖,妖股期
2022-03-28,600692,亚通股份,K70房地产业,7.80961216,2022-03-29,7.65,-2.19,1,没涨停→尾盘卖,妖股期
2022-03-29,002538,ST司特,C26化学原料和化学制品制造业,7.87614822,2022-03-30,7.6,-3.65,1,没涨停→尾盘卖,妖股期
2022-03-29,600097,开创国际,A04渔业,12.56294934,2022-03-30,12.82,1.91,1,没涨停→尾盘卖,妖股期
2022-03-29,600470,六国化工,C26化学原料和化学制品制造业,7.47,2022-03-30,7.79,4.13,1,没涨停→尾盘卖,妖股期
2022-03-30,000006,深振业A,K70房地产业,4.91821272,2022-03-31,4.91,-0.34,1,没涨停→尾盘卖,主线期
2022-03-30,000031,大悦城,K70房地产业,4.62,2022-03-31,4.69,1.37,1,没涨停→尾盘卖,主线期
2022-03-30,600708,光明地产,K70房地产业,3.12227055,2022-03-31,3.09,-1.1,1,没涨停→尾盘卖,主线期
2022-03-31,002502,ST鼎龙,,4.0,2022-04-06,4.4,9.85,2,再涨停→次日早盘卖,妖股期
2022-03-31,600647,退市同达,,18.89,2022-04-06,22.86,20.87,2,再涨停→次日早盘卖,妖股期
2022-04-01,000011,深物业A,K70房地产业,12.4673754,2022-04-06,13.01,4.2,1,没涨停→尾盘卖,妖股期
2022-04-06,600649,城投控股,K70房地产业,5.08317996,2022-04-07,4.58,-10.04,1,没涨停→尾盘卖,妖股期
2022-04-06,600675,中华企业,K70房地产业,3.68300127,2022-04-07,3.89,5.36,1,没涨停→尾盘卖,妖股期
2022-04-06,603998,方盛制药,C27医药制造业,6.14139602,2022-04-07,5.84,-5.02,1,没涨停→尾盘卖,妖股期
2022-04-08,600141,兴发集团,C26化学原料和化学制品制造业,32.22161778,2022-04-11,32.66,1.22,1,没涨停→尾盘卖,妖股期
2022-04-08,600331,宏达股份,C26化学原料和化学制品制造业,3.41,2022-04-11,3.59,5.13,1,没涨停→尾盘卖,妖股期
2022-04-08,600425,青松建化,C30非金属矿物制品业,4.3808649,2022-04-11,4.18,-4.7,1,没涨停→尾盘卖,妖股期
2022-04-11,600073,光明肉业,C13农副食品加工业,7.49418306,2022-04-12,7.35,-2.04,1,没涨停→尾盘卖,妖股期
2022-04-11,600785,新华百货,F52零售业,8.37732726,2022-04-12,8.63,2.83,1,没涨停→尾盘卖,妖股期
2022-04-11,002251,步步高,F52零售业,6.83532398,2022-04-13,8.26,20.74,2,再涨停→次日早盘卖,妖股期
2022-04-12,000882,华联股份,L72商务服务业,2.28,2022-04-13,2.17,-4.97,1,没涨停→尾盘卖,妖股期
2022-04-12,002561,徐家汇,F52零售业,8.79341232,2022-04-13,8.42,-4.37,1,没涨停→尾盘卖,妖股期
2022-04-13,002527,新时达,C34通用设备制造业,6.93260259,2022-04-14,7.01,0.99,1,没涨停→尾盘卖,妖股期
2022-04-13,600395,盘江股份,B06煤炭开采和洗选业,7.9520035,2022-04-14,8.56,7.53,1,没涨停→尾盘卖,妖股期
2022-04-13,002889,东方嘉盛,L72商务服务业,9.80003244,2022-04-15,10.03,2.15,2,再涨停→次日早盘卖,妖股期
2022-04-14,000683,博源化工,C26化学原料和化学制品制造业,8.5662216,2022-04-15,8.35,-2.67,1,没涨停→尾盘卖,妖股期
2022-04-14,000046,*ST泛海,,2.05,2022-04-18,2.2,7.17,2,再涨停→次日早盘卖,妖股期
2022-04-15,600858,银座股份,F52零售业,5.905188,2022-04-19,6.53,10.35,2,再涨停→次日早盘卖,恐慌期
2022-04-15,603035,常熟汽饰,C36汽车制造业,11.78049915,2022-04-19,13.6,15.26,2,再涨停→次日早盘卖,恐慌期
2022-04-18,000759,中百集团,F52零售业,6.15,2022-04-19,5.64,-8.44,1,没涨停→尾盘卖,妖股期
2022-04-19,002170,芭田股份,C26化学原料和化学制品制造业,5.67542868,2022-04-20,5.62,-1.09,1,没涨停→尾盘卖,妖股期
2022-04-19,002734,利民股份,C26化学原料和化学制品制造业,9.952399,2022-04-20,10.21,2.46,1,没涨停→尾盘卖,妖股期
2022-04-19,600389,江山股份,C26化学原料和化学制品制造业,35.30472916,2022-04-20,36.85,4.24,1,没涨停→尾盘卖,妖股期
2022-04-20,600538,国发股份,F51批发业,5.48,2022-04-21,5.48,-0.15,1,没涨停→尾盘卖,妖股期
2022-04-20,600628,新世界,F52零售业,7.9449165,2022-04-21,7.66,-3.7,1,没涨停→尾盘卖,妖股期
2022-04-20,600854,春兰股份,C38电气机械和器材制造业,4.79256996,2022-04-21,4.97,3.54,1,没涨停→尾盘卖,妖股期
2022-04-22,002187,广百股份,F52零售业,9.39348886,2022-04-25,9.59,1.96,1,没涨停→尾盘卖,妖股期
2022-04-22,600101,明星电力,D44电力、热力生产和供应业,5.91719258,2022-04-25,6.03,1.84,1,没涨停→尾盘卖,妖股期
2022-04-22,600483,福能股份,D44电力、热力生产和供应业,7.8993985,2022-04-25,7.97,0.77,1,没涨停→尾盘卖,妖股期
2022-04-26,002693,双成药业,C27医药制造业,4.7,2022-04-28,5.49,16.66,2,再涨停→次日早盘卖,恐慌期
2022-04-27,000657,中钨高新,C33金属制品业,6.8629239,2022-04-28,6.99,1.77,1,没涨停→尾盘卖,恐慌期
2022-04-27,000762,西藏矿业,B09有色金属矿采选业,29.11467328,2022-04-28,30.12,3.29,1,没涨停→尾盘卖,恐慌期
2022-04-28,000402,金融街,K70房地产业,6.01477422,2022-04-29,6.39,6.12,1,没涨停→尾盘卖,恐慌期
2022-04-28,000553,安道麦A,C26化学原料和化学制品制造业,8.74194748,2022-04-29,9.55,9.08,1,没涨停→尾盘卖,恐慌期
2022-04-28,000600,建投能源,D44电力、热力生产和供应业,3.79746225,2022-04-29,3.89,2.32,1,没涨停→尾盘卖,恐慌期
2022-04-29,000042,中洲控股,K70房地产业,7.78206518,2022-05-05,8.19,5.09,1,没涨停→尾盘卖,妖股期
2022-04-29,002003,伟星股份,C18纺织服装、服饰业,8.38340901,2022-05-05,8.75,4.25,1,没涨停→尾盘卖,妖股期
2022-04-29,000036,华联控股,K70房地产业,3.85986348,2022-05-06,4.12,6.67,2,再涨停→次日早盘卖,妖股期
2022-05-05,000982,中银绒业,,1.94,2022-05-06,1.89,-2.73,1,再涨停→次日早盘卖,妖股期
2022-05-05,002025,航天电器,C39计算机、通信和其他电子设备制造业,63.31150914,2022-05-06,62.51,-1.42,1,没涨停→尾盘卖,妖股期
2022-05-06,002094,青岛金王,C26化学原料和化学制品制造业,3.45,2022-05-09,3.38,-2.18,1,没涨停→尾盘卖,妖股期
2022-05-06,002418,康盛股份,C34通用设备制造业,2.87,2022-05-09,2.77,-3.63,1,没涨停→尾盘卖,妖股期
2022-05-06,600536,中国软件,I65软件和信息技术服务业,21.47214312,2022-05-09,22.44,4.34,1,没涨停→尾盘卖,妖股期
2022-05-09,000488,ST晨鸣,C22造纸和纸制品业,5.54,2022-05-10,5.62,1.29,1,再涨停→次日早盘卖,妖股期
2022-05-09,002067,景兴纸业,C22造纸和纸制品业,3.6841578,2022-05-10,3.61,-2.03,1,没涨停→尾盘卖,妖股期
2022-05-09,000926,福星股份,K70房地产业,3.13978596,2022-05-11,3.8,20.8,2,再涨停→次日早盘卖,妖股期
2022-05-10,000837,秦川机床,C34通用设备制造业,7.73796466,2022-05-11,7.63,-1.56,1,没涨停→尾盘卖,妖股期
2022-05-10,000068,华控赛格,F51批发业,2.95,2022-05-12,3.48,17.82,2,再涨停→次日早盘卖,妖股期
2022-05-11,000030,富奥股份,C36汽车制造业,4.1788954,2022-05-12,4.15,-0.73,1,没涨停→尾盘卖,妖股期
2022-05-11,000049,德赛电池,C38电气机械和器材制造业,29.960715,2022-05-12,31.69,5.62,1,没涨停→尾盘卖,妖股期
2022-05-12,000037,深南电A,D44电力、热力生产和供应业,6.17209233,2022-05-16,6.98,12.94,2,再涨停→次日早盘卖,妖股期
2022-05-12,603178,圣龙股份,C36汽车制造业,9.7073646,2022-05-16,11.7,20.33,2,再涨停→次日早盘卖,妖股期
2022-05-13,002141,贤丰控股,C38电气机械和器材制造业,4.42,2022-05-17,4.83,9.13,2,再涨停→次日早盘卖,妖股期
2022-05-16,002420,毅昌科技,C29橡胶和塑料制品业,5.76,2022-05-17,5.95,3.15,1,没涨停→尾盘卖,妖股期
2022-05-16,600543,*ST莫高,C15酒、饮料和精制茶制造业,6.18,2022-05-17,6.02,-2.74,1,没涨停→尾盘卖,妖股期
2022-05-17,002218,拓日新能,C38电气机械和器材制造业,4.5524802,2022-05-18,4.49,-1.44,1,没涨停→尾盘卖,妖股期
2022-05-17,002655,共达电声,C39计算机、通信和其他电子设备制造业,10.89022179,2022-05-18,11.19,2.58,1,没涨停→尾盘卖,妖股期
2022-05-17,002681,奋达科技,C39计算机、通信和其他电子设备制造业,3.31,2022-05-18,3.29,-0.75,1,没涨停→尾盘卖,妖股期
2022-05-18,002442,龙星科技,C26化学原料和化学制品制造业,4.8373452,2022-05-19,4.77,-1.51,1,没涨停→尾盘卖,妖股期
2022-05-18,002590,万安科技,C36汽车制造业,7.195575,2022-05-19,6.93,-3.8,1,没涨停→尾盘卖,妖股期
2022-05-18,002518,科士达,C38电气机械和器材制造业,17.56728891,2022-05-20,19.37,10.1,2,再涨停→次日早盘卖,妖股期
2022-05-19,000976,*ST华铁,,4.54,2022-05-20,4.68,2.93,1,没涨停→尾盘卖,妖股期
2022-05-19,002529,海源复材,C34通用设备制造业,14.11,2022-05-23,16.99,20.26,2,再涨停→次日早盘卖,妖股期
2022-05-20,000921,海信家电,C38电气机械和器材制造业,10.71212951,2022-05-23,10.62,-1.01,1,没涨停→尾盘卖,妖股期
2022-05-20,002221,东华能源,F51批发业,8.29255656,2022-05-23,8.07,-2.86,1,没涨停→尾盘卖,妖股期
2022-05-23,000719,中原传媒,R86新闻和出版业,6.09235968,2022-05-24,5.75,-5.75,1,没涨停→尾盘卖,妖股期
2022-05-23,002363,隆基机械,C36汽车制造业,6.2284266,2022-05-24,6.29,0.76,1,没涨停→尾盘卖,妖股期
2022-05-23,002137,实益达,C38电气机械和器材制造业,5.1705524,2022-05-25,6.23,20.43,2,再涨停→次日早盘卖,妖股期
2022-05-24,002007,华兰生物,C27医药制造业,17.02189602,2022-05-25,18.09,6.14,1,没涨停→尾盘卖,妖股期
2022-05-24,002406,远东传动,C36汽车制造业,4.94648863,2022-05-26,5.57,12.42,2,再涨停→次日早盘卖,妖股期
2022-05-25,000757,浩物股份,F52零售业,4.73,2022-05-26,4.39,-7.34,1,没涨停→尾盘卖,妖股期
2022-05-25,000404,长虹华意,C34通用设备制造业,4.00062621,2022-05-27,4.84,20.76,2,再涨停→次日早盘卖,妖股期
2022-05-26,000547,航天发展,C39计算机、通信和其他电子设备制造业,10.19144175,2022-05-27,10.84,6.19,1,没涨停→尾盘卖,妖股期
2022-05-26,600248,陕建股份,E48土木工程建筑业,5.03623713,2022-05-27,5.27,4.58,1,没涨停→尾盘卖,妖股期
2022-05-27,600178,东安动力,C36汽车制造业,7.14586475,2022-05-30,7.6,6.18,1,没涨停→尾盘卖,妖股期
2022-05-27,600501,航天晨光,C35专用设备制造业,11.54049596,2022-05-30,12.29,6.3,1,没涨停→尾盘卖,妖股期
2022-05-27,600495,晋西车轴,C37铁路、船舶、航空航天和其他运输设备制造业,3.91756424,2022-05-31,4.41,12.44,2,再涨停→次日早盘卖,妖股期
2022-05-30,000561,烽火电子,C39计算机、通信和其他电子设备制造业,7.46075214,2022-05-31,7.57,1.32,1,没涨停→尾盘卖,妖股期
2022-05-30,000678,襄阳轴承,C36汽车制造业,4.95,2022-05-31,4.79,-3.38,1,没涨停→尾盘卖,妖股期
2022-05-31,000626,远大控股,F51批发业,13.83,2022-06-01,13.42,-3.11,1,没涨停→尾盘卖,妖股期
2022-05-31,002329,皇氏集团,C14食品制造业,5.23,2022-06-01,5.26,0.42,1,没涨停→尾盘卖,妖股期
2022-05-31,000716,黑芝麻,C14食品制造业,3.4053888,2022-06-02,4.06,19.1,2,再涨停→次日早盘卖,妖股期
2022-06-01,002491,通鼎互联,C38电气机械和器材制造业,4.63,2022-06-02,4.92,6.11,1,没涨停→尾盘卖,妖股期
2022-06-01,002519,银河电子,C39计算机、通信和其他电子设备制造业,4.5661655,2022-06-06,5.53,20.9,2,再涨停→次日早盘卖,妖股期
2022-06-02,002455,百川股份,C26化学原料和化学制品制造业,10.690722,2022-06-06,10.96,2.34,1,没涨停→尾盘卖,妖股期
2022-06-02,600733,北汽蓝谷,C36汽车制造业,8.48,2022-06-06,8.36,-1.57,1,没涨停→尾盘卖,妖股期
2022-06-06,000153,丰原药业,C27医药制造业,5.9499,2022-06-07,5.73,-3.93,1,没涨停→尾盘卖,妖股期
2022-06-06,002057,中钢天源,C26化学原料和化学制品制造业,8.85824218,2022-06-07,8.81,-0.67,1,没涨停→尾盘卖,妖股期
2022-06-06,002339,积成电子,C38电气机械和器材制造业,6.03058176,2022-06-07,5.83,-3.44,1,没涨停→尾盘卖,妖股期
2022-06-07,002383,合众思壮,C39计算机、通信和其他电子设备制造业,6.44,2022-06-08,6.46,0.16,1,没涨停→尾盘卖,妖股期
2022-06-07,002876,三利谱,C39计算机、通信和其他电子设备制造业,33.52157952,2022-06-08,32.33,-3.7,1,没涨停→尾盘卖,妖股期
2022-06-07,600278,东方创业,F51批发业,8.09416036,2022-06-08,7.74,-4.56,1,没涨停→尾盘卖,妖股期
2022-06-08,000690,宝新能源,D44电力、热力生产和供应业,4.27757592,2022-06-09,4.09,-4.42,1,没涨停→尾盘卖,平淡期
2022-06-08,600123,兰花科创,B06煤炭开采和洗选业,11.22809526,2022-06-09,11.36,1.01,1,没涨停→尾盘卖,平淡期
2022-06-08,000633,合金投资,C32有色金属冶炼和压延加工业,6.06,2022-06-10,7.34,20.97,2,再涨停→次日早盘卖,平淡期
2022-06-09,002385,大北农,C13农副食品加工业,7.8702268,2022-06-10,7.77,-1.38,1,没涨停→尾盘卖,平淡期
2022-06-09,002539,云图控股,C26化学原料和化学制品制造业,16.69935784,2022-06-10,16.46,-1.57,1,没涨停→尾盘卖,平淡期
2022-06-10,000887,中鼎股份,C29橡胶和塑料制品业,16.08721007,2022-06-13,16.68,3.54,1,没涨停→尾盘卖,平淡期
2022-06-10,002108,沧州明珠,C29橡胶和塑料制品业,5.02301511,2022-06-13,5.22,3.86,1,没涨停→尾盘卖,平淡期
2022-06-10,002160,常铝股份,C32有色金属冶炼和压延加工业,4.85,2022-06-14,5.87,20.88,2,再涨停→次日早盘卖,平淡期
2022-06-13,002026,山东威达,C38电气机械和器材制造业,11.5052245,2022-06-14,11.36,-1.39,1,没涨停→尾盘卖,妖股期
2022-06-13,002638,勤上股份,C38电气机械和器材制造业,2.1,2022-06-14,2.1,-0.15,1,再涨停→次日早盘卖,妖股期
2022-06-14,600315,上海家化,C26化学原料和化学制品制造业,36.61144298,2022-06-15,36.69,0.06,1,没涨停→尾盘卖,妖股期
2022-06-14,000622,恒立退,,4.38,2022-06-16,4.86,10.81,2,再涨停→次日早盘卖,妖股期
2022-06-14,002666,德联集团,C26化学原料和化学制品制造业,5.21833389,2022-06-16,5.58,6.71,2,再涨停→次日早盘卖,妖股期
2022-06-15,000627,*ST天茂,,3.1900011,2022-06-17,3.34,4.4,2,再涨停→次日早盘卖,妖股期
2022-06-16,000070,特发信息,C39计算机、通信和其他电子设备制造业,6.44,2022-06-17,6.71,4.04,1,没涨停→尾盘卖,妖股期
2022-06-16,002927,泰永长征,C38电气机械和器材制造业,10.44852714,2022-06-20,12.24,16.98,2,再涨停→次日早盘卖,妖股期
2022-06-17,002388,新亚制程,C39计算机、通信和其他电子设备制造业,5.56,2022-06-20,5.67,1.83,1,没涨停→尾盘卖,妖股期
2022-06-17,002469,三维化学,C26化学原料和化学制品制造业,4.96495416,2022-06-20,4.89,-1.66,1,没涨停→尾盘卖,妖股期
2022-06-20,000536,华映科技,C39计算机、通信和其他电子设备制造业,2.18,2022-06-21,2.14,-1.98,1,没涨停→尾盘卖,妖股期
2022-06-20,002733,雄韬股份,C38电气机械和器材制造业,15.27360978,2022-06-21,15.39,0.61,1,没涨停→尾盘卖,妖股期
2022-06-20,002753,永东股份,C26化学原料和化学制品制造业,7.86597735,2022-06-21,8.09,2.73,1,没涨停→尾盘卖,妖股期
2022-06-21,603728,鸣志电器,C38电气机械和器材制造业,18.01400205,2022-06-22,18.66,3.43,1,没涨停→尾盘卖,妖股期
2022-06-21,603773,沃格光电,C39计算机、通信和其他电子设备制造业,12.37627795,2022-06-22,12.39,-0.03,1,没涨停→尾盘卖,妖股期
2022-06-22,002553,南方精工,C36汽车制造业,9.74377492,2022-06-23,9.66,-1.04,1,没涨停→尾盘卖,妖股期
2022-06-22,600066,宇通客车,C36汽车制造业,6.81310931,2022-06-23,7.05,3.34,1,没涨停→尾盘卖,妖股期
2022-06-22,600405,动力源,C39计算机、通信和其他电子设备制造业,6.18,2022-06-23,6.05,-2.25,1,没涨停→尾盘卖,妖股期
2022-06-23,002073,软控股份,C35专用设备制造业,6.29637568,2022-06-24,6.59,4.56,1,没涨停→尾盘卖,妖股期
2022-06-23,002119,康强电子,C39计算机、通信和其他电子设备制造业,11.46343932,2022-06-24,11.61,1.15,1,没涨停→尾盘卖,妖股期
2022-06-23,002253,川大智胜,I65软件和信息技术服务业,13.1,2022-06-24,12.64,-3.66,1,没涨停→尾盘卖,妖股期
2022-06-24,000888,峨眉山A,N78公共设施管理业,7.44098688,2022-06-27,7.78,4.38,1,没涨停→尾盘卖,妖股期
2022-06-24,000970,中科三环,C39计算机、通信和其他电子设备制造业,14.75456656,2022-06-27,15.32,3.71,1,没涨停→尾盘卖,妖股期
2022-06-24,002033,丽江股份,N78公共设施管理业,6.63924504,2022-06-27,7.07,6.41,1,没涨停→尾盘卖,妖股期
2022-06-27,002158,汉钟精机,C34通用设备制造业,21.15833888,2022-06-28,22.07,4.17,1,没涨停→尾盘卖,妖股期
2022-06-27,002503,*ST搜特,,1.4,2022-06-28,1.36,-3.01,1,没涨停→尾盘卖,妖股期
2022-06-27,002182,宝武镁业,C32有色金属冶炼和压延加工业,18.0545841,2022-06-29,20.21,11.8,2,再涨停→次日早盘卖,妖股期
2022-06-28,002379,宏桥控股,C32有色金属冶炼和压延加工业,3.5959869,2022-06-29,3.61,0.13,1,没涨停→尾盘卖,妖股期
2022-06-28,002428,云南锗业,C32有色金属冶炼和压延加工业,12.88126683,2022-06-29,12.05,-6.57,1,没涨停→尾盘卖,妖股期
2022-06-29,002611,东方精工,C35专用设备制造业,5.1685918,2022-06-30,5.07,-2.04,1,没涨停→尾盘卖,妖股期
2022-06-30,002169,智光电气,C38电气机械和器材制造业,8.00100184,2022-07-01,7.58,-5.36,1,没涨停→尾盘卖,妖股期
2022-06-30,002360,ST同德,C26化学原料和化学制品制造业,7.81389224,2022-07-01,7.53,-3.84,1,没涨停→尾盘卖,妖股期
2022-06-30,600576,祥源文旅,N78公共设施管理业,5.8,2022-07-01,5.57,-4.12,1,没涨停→尾盘卖,妖股期
2022-07-01,003031,中瓷电子,C39计算机、通信和其他电子设备制造业,49.8411287,2022-07-04,50.7,1.57,1,没涨停→尾盘卖,妖股期
2022-07-01,600310,广西能源,D44电力、热力生产和供应业,3.69250011,2022-07-04,3.83,3.56,1,没涨停→尾盘卖,妖股期
2022-07-01,002077,大港股份,C39计算机、通信和其他电子设备制造业,7.22,2022-07-05,8.7,20.35,2,再涨停→次日早盘卖,妖股期
2022-07-04,002124,天邦食品,A03畜牧业,7.57,2022-07-05,7.62,0.51,1,没涨停→尾盘卖,平淡期
2022-07-04,002567,唐人神,C13农副食品加工业,9.76339752,2022-07-05,9.93,1.58,1,没涨停→尾盘卖,平淡期
2022-07-05,000545,金浦钛业,C26化学原料和化学制品制造业,4.81,2022-07-06,5.01,4.01,1,没涨停→尾盘卖,平淡期
2022-07-05,000902,新洋丰,C26化学原料和化学制品制造业,17.7744931,2022-07-06,16.65,-6.5,1,没涨停→尾盘卖,平淡期
2022-07-05,600935,华塑股份,C26化学原料和化学制品制造业,5.68979175,2022-07-06,5.74,0.72,1,没涨停→尾盘卖,平淡期
2022-07-06,002577,雷柏科技,C39计算机、通信和其他电子设备制造业,12.01,2022-07-07,11.97,-0.48,1,没涨停→尾盘卖,平淡期
2022-07-06,002362,汉王科技,C39计算机、通信和其他电子设备制造业,14.89,2022-07-08,15.7,5.29,2,再涨停→次日早盘卖,平淡期
2022-07-06,002813,路畅科技,C39计算机、通信和其他电子设备制造业,28.94,2022-07-08,35.01,20.82,2,再涨停→次日早盘卖,平淡期
2022-07-07,000055,方大集团,C33金属制品业,4.53506724,2022-07-08,4.7,3.44,1,没涨停→尾盘卖,妖股期
2022-07-08,000539,粤电力A,D44电力、热力生产和供应业,4.90404128,2022-07-11,4.91,0.05,1,没涨停→尾盘卖,妖股期
2022-07-08,603003,退市龙宇,,7.78129512,2022-07-11,7.93,1.88,1,再涨停→次日早盘卖,妖股期
2022-07-08,600192,长城电工,C38电气机械和器材制造业,5.73,2022-07-12,6.5,13.29,2,再涨停→次日早盘卖,妖股期
2022-07-11,002118,*ST紫鑫,,2.88,2022-07-12,2.79,-3.28,1,没涨停→尾盘卖,妖股期
2022-07-11,600336,澳柯玛,C38电气机械和器材制造业,6.98706834,2022-07-12,6.97,-0.43,1,没涨停→尾盘卖,妖股期
2022-07-12,002452,长高电气,C38电气机械和器材制造业,7.46394113,2022-07-13,7.17,-4.03,1,没涨停→尾盘卖,平淡期
2022-07-12,002479,富春环保,D44电力、热力生产和供应业,4.7091984,2022-07-14,5.19,10.13,2,再涨停→次日早盘卖,平淡期
2022-07-12,002796,世嘉科技,C39计算机、通信和其他电子设备制造业,8.89,2022-07-14,9.29,4.35,2,再涨停→次日早盘卖,平淡期
2022-07-13,002112,三变科技,C38电气机械和器材制造业,7.2212478,2022-07-14,6.83,-5.64,1,没涨停→尾盘卖,妖股期
2022-07-14,002960,青鸟智控,C39计算机、通信和其他电子设备制造业,14.96537779,2022-07-15,15.13,0.95,1,没涨停→尾盘卖,妖股期
2022-07-14,601222,林洋能源,C38电气机械和器材制造业,8.67101976,2022-07-15,9.08,4.54,1,没涨停→尾盘卖,妖股期
2022-07-14,603529,爱玛科技,C37铁路、船舶、航空航天和其他运输设备制造业,35.0642296,2022-07-15,34.58,-1.54,1,没涨停→尾盘卖,妖股期
2022-07-15,002214,大立科技,C39计算机、通信和其他电子设备制造业,13.07380874,2022-07-18,12.81,-2.2,1,没涨停→尾盘卖,妖股期
2022-07-15,001696,宗申动力,C34通用设备制造业,6.18225822,2022-07-19,6.69,8.11,2,再涨停→次日早盘卖,妖股期
2022-07-15,002863,今飞凯达,C36汽车制造业,5.9871647,2022-07-19,7.25,21.01,2,再涨停→次日早盘卖,妖股期
2022-07-18,000040,*ST旭蓝,,3.66,2022-07-19,3.52,-3.98,1,没涨停→尾盘卖,妖股期
2022-07-19,002369,卓翼科技,C39计算机、通信和其他电子设备制造业,4.73,2022-07-20,4.6,-2.9,1,没涨停→尾盘卖,妖股期
2022-07-19,600955,维远股份,C26化学原料和化学制品制造业,28.8833404,2022-07-20,29.24,1.08,1,没涨停→尾盘卖,妖股期
2022-07-19,603379,三美股份,C26化学原料和化学制品制造业,26.48879067,2022-07-20,26.42,-0.4,1,没涨停→尾盘卖,妖股期
2022-07-20,000541,佛山照明,C38电气机械和器材制造业,5.4312863,2022-07-21,5.65,3.8,1,没涨停→尾盘卖,妖股期
2022-07-20,000576,甘化科工,C39计算机、通信和其他电子设备制造业,11.75,2022-07-21,11.28,-4.15,1,没涨停→尾盘卖,妖股期
2022-07-20,002300,太阳电缆,C38电气机械和器材制造业,7.6170605,2022-07-21,7.21,-5.5,1,没涨停→尾盘卖,妖股期
2022-07-21,002055,ST得润,C39计算机、通信和其他电子设备制造业,12.9,2022-07-22,12.3,-4.8,1,没涨停→尾盘卖,妖股期
2022-07-21,002298,中电鑫龙,C38电气机械和器材制造业,7.9,2022-07-22,7.42,-6.23,1,没涨停→尾盘卖,妖股期
2022-07-21,002617,露笑科技,C38电气机械和器材制造业,12.6,2022-07-25,13.97,10.72,2,再涨停→次日早盘卖,妖股期
2022-07-22,002009,天奇股份,C35专用设备制造业,21.17667333,2022-07-25,21.54,1.59,1,没涨停→尾盘卖,妖股期
2022-07-22,600505,西昌电力,D44电力、热力生产和供应业,9.94332074,2022-07-25,9.43,-5.33,1,没涨停→尾盘卖,妖股期
2022-07-25,600321,正源股份,,2.23,2022-07-26,2.18,-2.39,1,没涨停→尾盘卖,平淡期
2022-07-25,603712,七一二,C39计算机、通信和其他电子设备制造业,30.59460729,2022-07-26,30.35,-0.96,1,没涨停→尾盘卖,平淡期
2022-07-27,000593,德龙汇能,D45燃气生产和供应业,6.6,2022-07-28,6.68,1.06,1,没涨停→尾盘卖,妖股期
2022-07-27,002810,山东赫达,C26化学原料和化学制品制造业,32.97593112,2022-07-28,34.32,3.92,1,没涨停→尾盘卖,妖股期
2022-07-27,000421,南京公用,D45燃气生产和供应业,5.26282515,2022-07-29,5.7,8.23,2,再涨停→次日早盘卖,妖股期
2022-07-28,002156,通富微电,C39计算机、通信和其他电子设备制造业,16.45752354,2022-07-29,16.37,-0.69,1,没涨停→尾盘卖,妖股期
2022-07-28,601231,环旭电子,C39计算机、通信和其他电子设备制造业,16.68460988,2022-07-29,16.52,-1.15,1,没涨停→尾盘卖,妖股期
2022-07-29,600619,海立股份,C34通用设备制造业,7.83817059,2022-08-01,8.24,4.92,1,没涨停→尾盘卖,妖股期
2022-07-29,600819,耀皮玻璃,C30非金属矿物制品业,5.45919941,2022-08-01,5.55,1.48,1,没涨停→尾盘卖,妖股期
2022-07-29,603681,永冠新材,C26化学原料和化学制品制造业,29.0791782,2022-08-01,29.67,1.93,1,再涨停→次日早盘卖,妖股期
2022-08-01,002870,香山股份,C36汽车制造业,35.84766568,2022-08-02,34.97,-2.6,1,没涨停→尾盘卖,妖股期
2022-08-01,002947,恒铭达,C39计算机、通信和其他电子设备制造业,20.20460156,2022-08-02,19.64,-2.96,1,没涨停→尾盘卖,妖股期
2022-08-01,603757,大元泵业,C34通用设备制造业,17.08155419,2022-08-03,18.02,5.36,2,再涨停→次日早盘卖,妖股期
2022-08-02,601606,长城军工,C33金属制品业,13.33554551,2022-08-04,14.97,12.12,2,再涨停→次日早盘卖,妖股期
2022-08-04,002688,金河生物,C27医药制造业,4.5417218,2022-08-05,4.63,1.69,1,没涨停→尾盘卖,妖股期
2022-08-04,600195,中牧股份,C27医药制造业,11.93807552,2022-08-05,12.21,2.1,1,没涨停→尾盘卖,妖股期
2022-08-04,002471,中超控股,C38电气机械和器材制造业,2.77683708,2022-08-08,3.24,16.52,2,再涨停→次日早盘卖,妖股期
2022-08-05,002386,天原股份,C26化学原料和化学制品制造业,9.2720859,2022-08-08,9.4,1.21,1,没涨停→尾盘卖,平淡期
2022-08-05,002537,海联金汇,C36汽车制造业,7.8,2022-08-08,7.82,0.11,1,没涨停→尾盘卖,平淡期
2022-08-08,000566,海南海药,C27医药制造业,4.66,2022-08-09,4.55,-2.51,1,没涨停→尾盘卖,妖股期
2022-08-08,002275,桂林三金,C27医药制造业,11.89153,2022-08-09,11.63,-2.36,1,没涨停→尾盘卖,妖股期
2022-08-08,002437,誉衡药业,C27医药制造业,2.68,2022-08-09,2.64,-1.64,1,没涨停→尾盘卖,妖股期
2022-08-09,603031,安孚科技,C38电气机械和器材制造业,24.25691775,2022-08-10,23.59,-2.91,1,没涨停→尾盘卖,妖股期
2022-08-09,603657,春光科技,C29橡胶和塑料制品业,15.74730176,2022-08-10,15.91,0.9,1,没涨停→尾盘卖,妖股期
2022-08-10,000801,四川九洲,C39计算机、通信和其他电子设备制造业,7.3625228,2022-08-11,7.25,-1.73,1,没涨停→尾盘卖,妖股期
2022-08-10,002713,东易日盛,E50建筑装饰、装修和其他建筑业,4.7656,2022-08-11,4.7,-1.55,1,没涨停→尾盘卖,妖股期
2022-08-10,000551,创元科技,C35专用设备制造业,8.52500271,2022-08-12,9.57,12.05,2,再涨停→次日早盘卖,妖股期
2022-08-11,002387,维信诺,C39计算机、通信和其他电子设备制造业,7.18,2022-08-12,7.12,-0.99,1,没涨停→尾盘卖,平淡期
2022-08-11,000728,国元证券,J67资本市场服务,6.4565169,2022-08-15,6.97,7.79,2,再涨停→次日早盘卖,平淡期
2022-08-16,002743,富煌钢构,C33金属制品业,6.8577888,2022-08-17,6.57,-4.41,1,没涨停→尾盘卖,妖股期
2022-08-16,003012,东鹏控股,C30非金属矿物制品业,7.6207542,2022-08-17,7.61,-0.26,1,没涨停→尾盘卖,妖股期
2022-08-16,600537,*ST亿晶,C38电气机械和器材制造业,6.79,2022-08-18,7.53,10.75,2,再涨停→次日早盘卖,妖股期
2022-08-17,000810,创维数字,C39计算机、通信和其他电子设备制造业,21.6937393,2022-08-18,23.6,8.65,1,没涨停→尾盘卖,妖股期
2022-08-17,601869,长飞光纤,C39计算机、通信和其他电子设备制造业,35.7532125,2022-08-19,39.57,10.52,2,再涨停→次日早盘卖,妖股期
2022-08-18,002184,海得控制,C38电气机械和器材制造业,14.51616222,2022-08-19,13.95,-4.07,1,没涨停→尾盘卖,主线期
2022-08-18,002792,通宇通讯,C39计算机、通信和其他电子设备制造业,10.5651512,2022-08-19,9.95,-5.99,1,没涨停→尾盘卖,主线期
2022-08-19,002414,高德红外,C39计算机、通信和其他电子设备制造业,11.0964161,2022-08-22,11.37,2.31,1,没涨停→尾盘卖,妖股期
2022-08-19,603680,今创集团,C37铁路、船舶、航空航天和其他运输设备制造业,7.93898182,2022-08-22,8.56,7.64,1,没涨停→尾盘卖,妖股期
2022-08-19,000698,ST沈化,C26化学原料和化学制品制造业,4.82,2022-08-23,5.12,6.07,2,再涨停→次日早盘卖,妖股期
2022-08-22,002212,天融信,I65软件和信息技术服务业,9.5951301,2022-08-23,10.24,6.59,1,没涨停→尾盘卖,妖股期
2022-08-22,000520,凤凰航运,G55水上运输业,3.58,2022-08-24,3.96,10.46,2,再涨停→次日早盘卖,妖股期
2022-08-23,002319,乐通股份,C26化学原料和化学制品制造业,15.5,2022-08-24,14.83,-4.47,1,没涨停→尾盘卖,妖股期
2022-08-23,600333,长春燃气,D45燃气生产和供应业,6.25,2022-08-24,6.42,2.57,1,没涨停→尾盘卖,妖股期
2022-08-25,000802,北京文化,R87广播、电视、电影和录音制作业,4.87,2022-08-26,4.56,-6.52,1,没涨停→尾盘卖,妖股期
2022-08-25,601001,晋控煤业,B06煤炭开采和洗选业,15.79284903,2022-08-26,15.31,-3.22,1,没涨停→尾盘卖,妖股期
2022-08-25,603303,得邦照明,C38电气机械和器材制造业,14.10874993,2022-08-26,14.75,4.43,1,没涨停→尾盘卖,妖股期
2022-08-26,002686,亿利达,C34通用设备制造业,6.711736,2022-08-29,6.63,-1.33,1,没涨停→尾盘卖,平淡期
2022-08-26,600841,动力新科,C34通用设备制造业,7.84,2022-08-29,8.19,4.31,1,没涨停→尾盘卖,平淡期
2022-08-29,002702,海欣食品,C13农副食品加工业,6.06092448,2022-08-30,5.78,-4.8,1,没涨停→尾盘卖,平淡期
2022-08-29,002910,庄园牧场,C14食品制造业,12.26352897,2022-08-30,11.82,-3.8,1,没涨停→尾盘卖,平淡期
2022-08-29,603618,杭电股份,C38电气机械和器材制造业,6.9619266,2022-08-30,6.9,-0.99,1,没涨停→尾盘卖,平淡期
2022-08-30,600487,亨通光电,C38电气机械和器材制造业,17.62857291,2022-08-31,16.29,-7.73,1,没涨停→尾盘卖,平淡期
2022-09-01,603083,剑桥科技,C39计算机、通信和其他电子设备制造业,11.84111586,2022-09-02,11.56,-2.49,1,没涨停→尾盘卖,平淡期
2022-09-02,002488,金固股份,C36汽车制造业,7.7697438,2022-09-05,7.98,2.54,1,没涨停→尾盘卖,平淡期
2022-09-02,002491,通鼎互联,C38电气机械和器材制造业,5.65,2022-09-05,5.81,2.68,1,没涨停→尾盘卖,平淡期
2022-09-02,002583,海能达,C39计算机、通信和其他电子设备制造业,5.6,2022-09-05,5.5,-1.94,1,没涨停→尾盘卖,平淡期
2022-09-05,002498,汉缆股份,C38电气机械和器材制造业,4.48306446,2022-09-06,4.51,0.49,1,没涨停→尾盘卖,妖股期
2022-09-05,600803,新奥股份,D45燃气生产和供应业,17.53339214,2022-09-06,17.25,-1.74,1,没涨停→尾盘卖,妖股期
2022-09-05,603318,水发燃气,D45燃气生产和供应业,9.0248365,2022-09-06,9.11,0.82,1,没涨停→尾盘卖,妖股期
2022-09-06,000952,广济药业,C27医药制造业,8.33,2022-09-07,8.15,-2.31,1,没涨停→尾盘卖,妖股期
2022-09-06,002053,云南能投,D44电力、热力生产和供应业,12.96058453,2022-09-07,13.18,1.45,1,再涨停→次日早盘卖,妖股期
2022-09-06,002109,ST兴化,C26化学原料和化学制品制造业,6.1073228,2022-09-07,6.05,-1.1,1,没涨停→尾盘卖,妖股期
2022-09-07,002584,西陇科学,C26化学原料和化学制品制造业,7.75670456,2022-09-08,7.61,-2.07,1,没涨停→尾盘卖,妖股期
2022-09-08,600828,茂业商业,F52零售业,3.7624145,2022-09-09,3.58,-4.96,1,没涨停→尾盘卖,平淡期
2022-09-09,000797,中国武夷,K70房地产业,3.50409686,2022-09-13,3.28,-6.67,1,没涨停→尾盘卖,平淡期
2022-09-09,002314,南山控股,K70房地产业,4.352172,2022-09-13,4.17,-4.24,1,没涨停→尾盘卖,平淡期
2022-09-13,002750,龙津退,,11.0,2022-09-14,11.5,4.4,1,没涨停→尾盘卖,妖股期
2022-09-14,002561,徐家汇,F52零售业,10.04940801,2022-09-15,10.52,4.56,1,没涨停→尾盘卖,平淡期
2022-09-14,603045,福达合金,C38电气机械和器材制造业,19.237647,2022-09-15,18.2,-5.53,1,没涨停→尾盘卖,平淡期
2022-09-15,002305,*ST南置,K70房地产业,2.79,2022-09-16,2.59,-7.32,1,没涨停→尾盘卖,恐慌期
2022-09-19,600573,惠泉啤酒,C15酒、饮料和精制茶制造业,10.29756774,2022-09-20,10.19,-1.19,1,没涨停→尾盘卖,平淡期
2022-09-19,002568,百润股份,C15酒、饮料和精制茶制造业,22.25850605,2022-09-21,25.15,12.86,2,再涨停→次日早盘卖,平淡期
2022-09-20,600698,湖南天雁,C36汽车制造业,5.23,2022-09-21,5.36,2.34,1,没涨停→尾盘卖,妖股期
2022-09-20,600989,宝丰能源,C26化学原料和化学制品制造业,12.23975331,2022-09-21,13.09,6.78,1,没涨停→尾盘卖,妖股期
2022-09-21,000540,*ST中天,,1.64,2022-09-22,1.64,-0.15,1,再涨停→次日早盘卖,平淡期
2022-09-21,600604,市北高新,K70房地产业,5.40949604,2022-09-22,5.21,-3.84,1,没涨停→尾盘卖,平淡期
2022-09-22,002279,久其软件,I65软件和信息技术服务业,5.07,2022-09-23,4.85,-4.49,1,没涨停→尾盘卖,平淡期
2022-09-22,002783,凯龙股份,C26化学原料和化学制品制造业,9.6837678,2022-09-23,9.56,-1.42,1,没涨停→尾盘卖,平淡期
2022-09-22,002246,北化股份,C26化学原料和化学制品制造业,9.2176322,2022-09-26,10.14,9.87,2,再涨停→次日早盘卖,平淡期
2022-09-26,000036,华联控股,K70房地产业,4.14742944,2022-09-27,4.03,-3.02,1,没涨停→尾盘卖,平淡期
2022-09-26,002850,科达利,C33金属制品业,105.4068795,2022-09-27,101.46,-3.89,1,没涨停→尾盘卖,平淡期
2022-09-26,600322,津投城开,K70房地产业,2.55,2022-09-27,2.39,-6.42,1,没涨停→尾盘卖,平淡期
2022-09-27,002650,ST加加,C14食品制造业,4.34370972,2022-09-28,4.32,-0.6,1,没涨停→尾盘卖,妖股期
2022-09-27,002653,海思科,C27医药制造业,17.91342168,2022-09-28,18.18,1.31,1,没涨停→尾盘卖,妖股期
2022-09-27,002551,尚荣医疗,C35专用设备制造业,4.49822439,2022-09-29,4.66,3.4,2,再涨停→次日早盘卖,妖股期
2022-09-29,002197,证通电子,I65软件和信息技术服务业,10.13,2022-09-30,10.0,-1.43,1,没涨停→尾盘卖,恐慌期
2022-09-29,002723,小崧股份,C38电气机械和器材制造业,11.9485146,2022-09-30,11.07,-7.49,1,没涨停→尾盘卖,恐慌期
2022-09-30,000668,荣丰控股,K70房地产业,14.01976212,2022-10-10,13.18,-6.17,1,没涨停→尾盘卖,平淡期
2022-09-30,002907,华森制药,C27医药制造业,12.07056928,2022-10-10,12.23,1.15,1,没涨停→尾盘卖,平淡期
2022-10-10,002474,榕基软件,I65软件和信息技术服务业,6.05,2022-10-11,5.94,-1.97,1,没涨停→尾盘卖,恐慌期
2022-10-10,603776,永安行,I65软件和信息技术服务业,13.18556687,2022-10-11,13.59,2.94,1,没涨停→尾盘卖,恐慌期
2022-10-11,000638,*ST万方,,6.02,2022-10-13,6.84,13.47,2,再涨停→次日早盘卖,平淡期
2022-10-11,000851,*ST高鸿,,4.54,2022-10-13,5.3,16.59,2,再涨停→次日早盘卖,平淡期
2022-10-11,002496,辉丰股份,C26化学原料和化学制品制造业,2.56,2022-10-13,2.72,6.1,2,再涨停→次日早盘卖,平淡期
2022-10-13,000953,中哲精化,C27医药制造业,6.01,2022-10-14,6.24,3.68,1,没涨停→尾盘卖,主线期
2022-10-13,002178,延华智能,I65软件和信息技术服务业,4.38,2022-10-14,4.55,3.73,1,没涨停→尾盘卖,主线期
2022-10-13,002755,奥赛康,C27医药制造业,8.33639422,2022-10-14,8.65,3.63,1,没涨停→尾盘卖,主线期
2022-10-14,000518,四环生物,C27医药制造业,3.33,2022-10-17,3.42,2.55,1,没涨停→尾盘卖,妖股期
2022-10-14,002262,恩华药业,C27医药制造业,17.31544112,2022-10-17,17.84,3.02,1,再涨停→次日早盘卖,妖股期
2022-10-14,002332,仙琚制药,C27医药制造业,9.37327008,2022-10-17,9.61,2.43,1,没涨停→尾盘卖,妖股期
2022-10-17,000705,浙江震元,F51批发业,8.1493893,2022-10-18,8.15,-0.15,1,没涨停→尾盘卖,妖股期
2022-10-17,002105,信隆健康,C37铁路、船舶、航空航天和其他运输设备制造业,7.21606157,2022-10-18,7.17,-0.83,1,没涨停→尾盘卖,妖股期
2022-10-17,002189,中光学,C39计算机、通信和其他电子设备制造业,15.27,2022-10-18,15.3,0.05,1,没涨停→尾盘卖,妖股期
2022-10-18,000915,华特达因,C27医药制造业,38.16153748,2022-10-19,38.93,1.85,1,没涨停→尾盘卖,妖股期
2022-10-18,002294,信立泰,C27医药制造业,30.23166133,2022-10-19,29.06,-4.01,1,没涨停→尾盘卖,妖股期
2022-10-18,002864,盘龙药业,C27医药制造业,26.4174894,2022-10-19,27.18,2.75,1,没涨停→尾盘卖,妖股期
2022-10-19,000996,中期退,,6.86,2022-10-20,6.8,-1.02,1,没涨停→尾盘卖,平淡期
2022-10-19,002331,皖通科技,I65软件和信息技术服务业,7.16269957,2022-10-20,6.82,-4.88,1,没涨停→尾盘卖,平淡期
2022-10-19,000813,德展健康,C27医药制造业,3.63,2022-10-21,4.39,20.79,2,再涨停→次日早盘卖,平淡期
2022-10-20,000727,冠捷科技,C39计算机、通信和其他电子设备制造业,2.26,2022-10-21,2.15,-5.02,1,没涨停→尾盘卖,平淡期
2022-10-21,002317,众生药业,C27医药制造业,18.713376,2022-10-24,18.08,-3.55,1,没涨停→尾盘卖,妖股期
2022-10-21,000633,合金投资,C32有色金属冶炼和压延加工业,9.79,2022-10-25,10.72,9.35,2,再涨停→次日早盘卖,妖股期
2022-10-21,002333,罗普斯金,C32有色金属冶炼和压延加工业,5.8463336,2022-10-25,7.04,20.19,2,再涨停→次日早盘卖,妖股期
2022-10-25,002613,北玻股份,C35专用设备制造业,4.75918096,2022-10-26,4.83,1.28,1,没涨停→尾盘卖,妖股期
2022-10-25,603179,新泉股份,C36汽车制造业,28.57033784,2022-10-26,28.54,-0.42,1,再涨停→次日早盘卖,妖股期
2022-10-26,000766,通化金马,C27医药制造业,5.49,2022-10-27,5.55,0.94,1,没涨停→尾盘卖,主线期
2022-10-26,002082,ST万邦,C27医药制造业,9.44860312,2022-10-27,10.28,8.63,1,没涨停→尾盘卖,主线期
2022-10-26,002728,特一药业,C27医药制造业,6.09488577,2022-10-27,6.18,1.31,1,没涨停→尾盘卖,主线期
2022-10-27,600535,天士力,C27医药制造业,10.40502849,2022-10-28,10.03,-3.71,1,没涨停→尾盘卖,平淡期
2022-10-28,600613,神奇制药,C27医药制造业,5.9271066,2022-11-01,7.04,18.56,2,再涨停→次日早盘卖,恐慌期
2022-10-31,000919,金陵药业,C27医药制造业,7.67981324,2022-11-01,7.74,0.59,1,没涨停→尾盘卖,恐慌期
2022-10-31,002253,川大智胜,I65软件和信息技术服务业,13.19,2022-11-02,15.96,20.85,2,再涨停→次日早盘卖,恐慌期
2022-11-01,000626,远大控股,F51批发业,9.13,2022-11-02,9.37,2.48,1,没涨停→尾盘卖,妖股期
2022-11-01,000639,ST西王,C13农副食品加工业,4.04,2022-11-02,4.0,-1.14,1,没涨停→尾盘卖,妖股期
2022-11-02,600418,江淮汽车,C36汽车制造业,14.4363014,2022-11-03,14.49,0.2,1,没涨停→尾盘卖,主线期
2022-11-02,603197,保隆科技,C36汽车制造业,44.85649168,2022-11-03,45.29,0.82,1,没涨停→尾盘卖,主线期
2022-11-02,603309,维力医疗,C35专用设备制造业,19.6535427,2022-11-03,19.85,0.83,1,没涨停→尾盘卖,主线期
2022-11-03,002463,沪电股份,C39计算机、通信和其他电子设备制造业,11.6925288,2022-11-04,12.3,5.01,1,没涨停→尾盘卖,平淡期
2022-11-04,002153,石基信息,I65软件和信息技术服务业,11.52093087,2022-11-07,11.27,-2.35,1,没涨停→尾盘卖,平淡期
2022-11-04,601677,明泰铝业,C32有色金属冶炼和压延加工业,14.11230906,2022-11-07,14.23,0.65,1,没涨停→尾盘卖,平淡期
2022-11-04,603669,灵康药业,C27医药制造业,6.02,2022-11-07,6.14,1.84,1,没涨停→尾盘卖,平淡期
2022-11-08,002412,汉森制药,C27医药制造业,6.71638272,2022-11-09,6.87,2.16,1,没涨停→尾盘卖,平淡期
2022-11-08,002749,国光股份,C26化学原料和化学制品制造业,6.6017896,2022-11-09,6.47,-2.09,1,没涨停→尾盘卖,平淡期
2022-11-08,603189,*ST网达,I65软件和信息技术服务业,14.1637958,2022-11-10,15.57,9.75,2,再涨停→次日早盘卖,平淡期
2022-11-09,002651,利君股份,C35专用设备制造业,7.31290756,2022-11-10,7.6,3.71,1,没涨停→尾盘卖,平淡期
2022-11-09,603520,司太立,C27医药制造业,19.33664256,2022-11-10,19.66,1.51,1,没涨停→尾盘卖,平淡期
2022-11-10,603016,新宏泰,C38电气机械和器材制造业,20.37239757,2022-11-11,21.18,3.82,1,没涨停→尾盘卖,妖股期
2022-11-10,002593,日上集团,C36汽车制造业,4.06342464,2022-11-14,4.48,10.06,2,再涨停→次日早盘卖,妖股期
2022-11-10,600556,天下秀,I64互联网和相关服务,7.27813472,2022-11-14,8.21,12.62,2,再涨停→次日早盘卖,妖股期
2022-11-11,000517,荣安地产,K70房地产业,2.373963,2022-11-14,2.42,1.85,1,没涨停→尾盘卖,妖股期
2022-11-14,000650,仁和药业,C27医药制造业,6.46206288,2022-11-15,6.43,-0.7,1,没涨停→尾盘卖,平淡期
2022-11-14,002727,一心堂,F52零售业,30.3109016,2022-11-15,31.6,4.11,1,没涨停→尾盘卖,平淡期
2022-11-14,000153,丰原药业,C27医药制造业,6.66417624,2022-11-16,7.92,18.63,2,再涨停→次日早盘卖,平淡期
2022-11-15,000838,*ST发展,K70房地产业,5.86,2022-11-16,5.56,-5.27,1,没涨停→尾盘卖,主线期
2022-11-15,002655,共达电声,C39计算机、通信和其他电子设备制造业,12.34687566,2022-11-16,12.44,0.57,1,没涨停→尾盘卖,主线期
2022-11-16,000931,中关村,C27医药制造业,7.63174204,2022-11-17,7.3,-4.45,1,没涨停→尾盘卖,平淡期
2022-11-16,002194,武汉凡谷,C39计算机、通信和其他电子设备制造业,11.2222956,2022-11-17,10.73,-4.56,1,没涨停→尾盘卖,平淡期
2022-11-16,600080,ST金花,C27医药制造业,8.9402635,2022-11-18,9.97,11.32,2,再涨停→次日早盘卖,平淡期
2022-11-17,002555,三七互娱,I64互联网和相关服务,15.27829488,2022-11-18,15.24,-0.42,1,没涨停→尾盘卖,妖股期
2022-11-17,002095,生意宝,I64互联网和相关服务,14.77356848,2022-11-21,17.08,15.49,2,再涨停→次日早盘卖,妖股期
2022-11-18,002007,华兰生物,C27医药制造业,19.20281928,2022-11-21,19.12,-0.57,1,没涨停→尾盘卖,妖股期
2022-11-18,600071,凤凰光学,C40仪器仪表制造业,22.28,2022-11-21,21.61,-3.16,1,没涨停→尾盘卖,妖股期
2022-11-21,002263,大东南,C29橡胶和塑料制品业,3.36,2022-11-22,3.21,-4.61,1,没涨停→尾盘卖,妖股期
2022-11-21,002585,双星新材,C29橡胶和塑料制品业,13.46351672,2022-11-22,14.62,8.42,1,没涨停→尾盘卖,妖股期
2022-11-21,002932,*ST明德,C27医药制造业,41.44744452,2022-11-22,39.04,-5.97,1,没涨停→尾盘卖,妖股期
2022-11-22,000025,特力A,F51批发业,19.01031102,2022-11-23,19.56,2.75,1,没涨停→尾盘卖,平淡期
2022-11-22,000701,厦门信达,F51批发业,6.41,2022-11-23,6.3,-1.87,1,没涨停→尾盘卖,平淡期
2022-11-23,000635,英力特,C26化学原料和化学制品制造业,9.57,2022-11-24,9.46,-1.3,1,没涨停→尾盘卖,恐慌期
2022-11-23,002326,永太科技,C26化学原料和化学制品制造业,25.4984085,2022-11-24,26.74,4.72,1,没涨停→尾盘卖,恐慌期
2022-11-23,600328,中盐化工,C26化学原料和化学制品制造业,11.38739424,2022-11-24,11.02,-3.4,1,没涨停→尾盘卖,恐慌期
2022-11-24,600478,科力远,C38电气机械和器材制造业,11.61718195,2022-11-25,10.48,-9.94,1,没涨停→尾盘卖,妖股期
2022-11-24,600610,中毅达,C26化学原料和化学制品制造业,16.15,2022-11-25,16.68,3.13,1,没涨停→尾盘卖,妖股期
2022-11-24,603895,天永智能,C35专用设备制造业,27.07,2022-11-25,27.9,2.92,1,没涨停→尾盘卖,妖股期
2022-11-25,000918,*ST嘉凯,,2.39,2022-11-28,2.35,-1.82,1,没涨停→尾盘卖,平淡期
2022-11-25,600466,*ST蓝光,,1.39,2022-11-28,1.36,-2.31,1,没涨停→尾盘卖,平淡期
2022-11-25,600638,新黄浦,K70房地产业,5.99377856,2022-11-28,5.93,-1.29,1,再涨停→次日早盘卖,平淡期
2022-11-28,000006,深振业A,K70房地产业,4.73275278,2022-11-30,5.41,14.14,2,再涨停→次日早盘卖,平淡期
2022-11-28,600007,中国国贸,K70房地产业,13.42868261,2022-11-30,14.1,4.84,2,再涨停→次日早盘卖,平淡期
2022-11-28,600675,中华企业,K70房地产业,3.0513517,2022-11-30,3.69,20.82,2,再涨停→次日早盘卖,平淡期
2022-11-30,000666,经纬纺机,,9.5906139,2022-12-01,9.34,-2.74,1,没涨停→尾盘卖,妖股期
2022-11-30,002644,佛慈制药,C27医药制造业,12.12129328,2022-12-01,11.45,-5.69,1,没涨停→尾盘卖,妖股期
2022-11-30,600006,东风股份,C36汽车制造业,6.35036226,2022-12-01,6.36,0.01,1,没涨停→尾盘卖,妖股期
2022-12-01,000026,飞亚达,F52零售业,10.41141864,2022-12-02,10.13,-2.85,1,没涨停→尾盘卖,妖股期
2022-12-01,000584,工智退,,7.7,2022-12-02,7.76,0.63,1,没涨停→尾盘卖,妖股期
2022-12-01,002695,煌上煌,C13农副食品加工业,11.4940936,2022-12-02,11.77,2.27,1,没涨停→尾盘卖,妖股期
2022-12-02,002184,海得控制,C38电气机械和器材制造业,12.29650548,2022-12-05,12.48,1.37,1,没涨停→尾盘卖,妖股期
2022-12-02,002275,桂林三金,C27医药制造业,14.02374262,2022-12-05,14.11,0.47,1,没涨停→尾盘卖,妖股期
2022-12-02,600225,退市卓朗,,3.97,2022-12-06,4.81,21.01,2,再涨停→次日早盘卖,妖股期
2022-12-05,001914,招商积余,K70房地产业,15.98885418,2022-12-06,15.73,-1.78,1,没涨停→尾盘卖,平淡期
2022-12-05,600705,中航产融,,3.61634391,2022-12-06,3.67,1.21,1,没涨停→尾盘卖,平淡期
2022-12-06,002869,金溢科技,C39计算机、通信和其他电子设备制造业,24.60207225,2022-12-07,24.81,0.69,1,没涨停→尾盘卖,平淡期
2022-12-06,601116,三江购物,F52零售业,10.23495515,2022-12-07,10.6,3.41,1,没涨停→尾盘卖,平淡期
2022-12-06,601933,永辉超市,F52零售业,3.7,2022-12-07,3.85,3.9,1,没涨停→尾盘卖,平淡期
2022-12-07,002437,誉衡药业,C27医药制造业,2.93,2022-12-08,2.86,-2.54,1,没涨停→尾盘卖,平淡期
2022-12-08,002037,保利联合,C26化学原料和化学制品制造业,12.52,2022-12-09,12.22,-2.55,1,没涨停→尾盘卖,平淡期
2022-12-08,600844,金煤科技,C26化学原料和化学制品制造业,3.6,2022-12-09,3.46,-4.04,1,没涨停→尾盘卖,平淡期
2022-12-09,000790,华神科技,C27医药制造业,5.65181016,2022-12-12,5.64,-0.33,1,没涨停→尾盘卖,平淡期
2022-12-09,600435,北方导航,C39计算机、通信和其他电子设备制造业,11.11232484,2022-12-12,11.05,-0.68,1,没涨停→尾盘卖,平淡期
2022-12-09,002910,庄园牧场,C14食品制造业,13.2282997,2022-12-13,13.92,5.11,2,再涨停→次日早盘卖,平淡期
2022-12-12,002636,金安国纪,C39计算机、通信和其他电子设备制造业,8.43479208,2022-12-13,8.34,-1.3,1,没涨停→尾盘卖,平淡期
2022-12-12,600664,哈药股份,C27医药制造业,3.51,2022-12-14,3.94,12.1,2,再涨停→次日早盘卖,平淡期
2022-12-13,000548,湖南投资,G54道路运输业,5.02434256,2022-12-14,4.83,-3.97,1,没涨停→尾盘卖,妖股期
2022-12-13,002982,湘佳股份,A03畜牧业,23.3156812,2022-12-14,23.07,-1.19,1,没涨停→尾盘卖,妖股期
2022-12-14,002186,全聚德,H62餐饮业,11.83,2022-12-15,11.07,-6.57,1,没涨停→尾盘卖,妖股期
2022-12-14,002404,嘉欣丝绸,C18纺织服装、服饰业,6.07663825,2022-12-15,5.87,-3.6,1,没涨停→尾盘卖,妖股期
2022-12-14,603229,奥翔药业,C27医药制造业,14.34777344,2022-12-15,14.09,-1.97,1,没涨停→尾盘卖,妖股期
2022-12-15,603186,华正新材,C39计算机、通信和其他电子设备制造业,23.9422774,2022-12-16,25.49,6.3,1,没涨停→尾盘卖,平淡期
2022-12-16,000886,海南高速,G54道路运输业,5.10324049,2022-12-19,4.88,-4.55,1,没涨停→尾盘卖,平淡期
2022-12-16,600668,尖峰集团,C30非金属矿物制品业,10.98773316,2022-12-19,11.12,1.01,1,没涨停→尾盘卖,平淡期
2022-12-16,600724,宁波富达,C30非金属矿物制品业,3.59950656,2022-12-19,3.63,0.83,1,没涨停→尾盘卖,平淡期
2022-12-19,600716,凤凰股份,K70房地产业,4.54,2022-12-20,4.24,-6.76,1,没涨停→尾盘卖,恐慌期
2022-12-20,002733,雄韬股份,C38电气机械和器材制造业,16.8466071,2022-12-21,17.95,6.42,1,没涨停→尾盘卖,恐慌期
2022-12-20,600847,万里股份,C38电气机械和器材制造业,15.4,2022-12-21,15.58,1.02,1,没涨停→尾盘卖,恐慌期
2022-12-21,603217,元利科技,C26化学原料和化学制品制造业,30.17915472,2022-12-22,31.35,3.61,1,再涨停→次日早盘卖,平淡期
2022-12-22,000911,*ST广糖,C13农副食品加工业,8.47,2022-12-23,8.67,2.21,1,没涨停→尾盘卖,平淡期
2022-12-22,002548,金新农,C13农副食品加工业,6.13,2022-12-23,5.98,-2.6,1,没涨停→尾盘卖,平淡期
2022-12-22,600315,上海家化,C26化学原料和化学制品制造业,30.22504816,2022-12-23,30.23,0.04,1,再涨停→次日早盘卖,平淡期
2022-12-23,002515,金字火腿,C13农副食品加工业,4.76986345,2022-12-26,4.58,-4.07,1,没涨停→尾盘卖,平淡期
2022-12-26,001270,铖昌科技,C39计算机、通信和其他电子设备制造业,61.21804711,2022-12-27,64.32,4.92,1,没涨停→尾盘卖,妖股期
2022-12-26,002584,西陇科学,C26化学原料和化学制品制造业,7.30977536,2022-12-27,7.2,-1.64,1,没涨停→尾盘卖,妖股期
2022-12-26,002170,芭田股份,C26化学原料和化学制品制造业,5.17509042,2022-12-28,5.65,9.0,2,再涨停→次日早盘卖,妖股期
2022-12-27,000882,华联股份,L72商务服务业,1.94,2022-12-28,1.89,-2.73,1,没涨停→尾盘卖,平淡期
2022-12-27,002183,怡亚通,L72商务服务业,6.29896308,2022-12-28,6.26,-0.78,1,没涨停→尾盘卖,平淡期
2022-12-28,000607,华媒控股,L72商务服务业,5.28962244,2022-12-29,5.23,-1.27,1,没涨停→尾盘卖,平淡期
2022-12-28,002627,三峡旅游,N78公共设施管理业,5.76242478,2022-12-29,5.5,-4.63,1,没涨停→尾盘卖,平淡期
2022-12-28,600113,浙江东日,L72商务服务业,7.40236658,2022-12-30,7.9,6.53,2,再涨停→次日早盘卖,平淡期
2022-12-29,002880,卫光生物,C27医药制造业,30.43190536,2022-12-30,31.03,1.8,1,没涨停→尾盘卖,平淡期
2022-12-29,600572,康恩贝,C27医药制造业,4.26969458,2022-12-30,4.15,-3.02,1,没涨停→尾盘卖,平淡期
2022-12-30,600712,南宁百货,F52零售业,5.07,2023-01-03,4.78,-5.87,1,没涨停→尾盘卖,平淡期
2023-01-03,000921,海信家电,C38电气机械和器材制造业,12.37763331,2023-01-04,13.08,5.51,1,没涨停→尾盘卖,主线期
2023-01-03,002123,梦网科技,I65软件和信息技术服务业,12.30666385,2023-01-04,12.74,3.33,1,没涨停→尾盘卖,主线期
2023-01-03,002650,ST加加,C14食品制造业,5.08,2023-01-04,4.97,-2.32,1,没涨停→尾盘卖,主线期
2023-01-04,002798,帝欧水华,C30非金属矿物制品业,8.29,2023-01-05,8.28,-0.27,1,没涨停→尾盘卖,妖股期
2023-01-04,600963,岳阳林纸,C22造纸和纸制品业,5.950017,2023-01-05,5.77,-3.25,1,没涨停→尾盘卖,妖股期
2023-01-05,000836,ST富通,,3.16,2023-01-06,3.03,-4.26,1,没涨停→尾盘卖,平淡期
2023-01-05,002906,华阳集团,C39计算机、通信和其他电子设备制造业,34.44592365,2023-01-06,36.26,5.11,1,没涨停→尾盘卖,平淡期
2023-01-05,603390,通达电气,C39计算机、通信和其他电子设备制造业,7.162437,2023-01-09,7.72,7.64,2,再涨停→次日早盘卖,平淡期
2023-01-06,003022,联泓新科,C26化学原料和化学制品制造业,34.56279292,2023-01-09,35.6,2.86,1,没涨停→尾盘卖,平淡期
2023-01-09,002902,铭普光磁,C39计算机、通信和其他电子设备制造业,15.01566138,2023-01-10,14.89,-1.01,1,没涨停→尾盘卖,平淡期
2023-01-09,600961,株冶集团,C32有色金属冶炼和压延加工业,7.81,2023-01-10,7.83,0.11,1,没涨停→尾盘卖,平淡期
2023-01-09,601216,君正集团,C26化学原料和化学制品制造业,3.69259755,2023-01-10,3.48,-5.96,1,没涨停→尾盘卖,平淡期
2023-01-10,002713,东易日盛,E50建筑装饰、装修和其他建筑业,4.995,2023-01-11,4.89,-2.22,1,没涨停→尾盘卖,平淡期
2023-01-12,002952,亚世光电,C39计算机、通信和其他电子设备制造业,17.12753536,2023-01-13,16.64,-2.98,1,没涨停→尾盘卖,平淡期
2023-01-12,002217,ST合力泰,C39计算机、通信和其他电子设备制造业,2.77,2023-01-16,3.28,18.26,2,再涨停→次日早盘卖,平淡期
2023-01-13,002451,摩恩电气,C38电气机械和器材制造业,6.5708874,2023-01-16,6.79,3.18,1,没涨停→尾盘卖,平淡期
2023-01-16,000416,*ST民控,,4.27,2023-01-17,4.2,-1.79,1,没涨停→尾盘卖,平淡期
2023-01-16,002280,ST联络,,3.16,2023-01-17,3.16,-0.15,1,没涨停→尾盘卖,平淡期
2023-01-16,600128,苏豪弘业,F51批发业,8.84101984,2023-01-17,8.8,-0.58,1,没涨停→尾盘卖,平淡期
2023-01-17,600077,*ST宋都,,2.88,2023-01-18,2.82,-2.23,1,没涨停→尾盘卖,平淡期
2023-01-17,603803,瑞斯康达,C39计算机、通信和其他电子设备制造业,6.97213764,2023-01-18,6.96,-0.29,1,没涨停→尾盘卖,平淡期
2023-01-18,002290,禾盛新材,C38电气机械和器材制造业,10.0742854,2023-01-19,9.39,-6.98,1,没涨停→尾盘卖,平淡期
2023-01-18,600105,永鼎股份,C38电气机械和器材制造业,3.7270286,2023-01-19,3.74,0.11,1,没涨停→尾盘卖,平淡期
2023-01-19,002178,延华智能,I65软件和信息技术服务业,4.73,2023-01-20,4.78,0.91,1,没涨停→尾盘卖,平淡期
2023-01-19,002380,科远智慧,I65软件和信息技术服务业,16.07753206,2023-01-30,19.46,20.86,2,再涨停→次日早盘卖,平淡期
2023-01-19,002848,高斯贝尔,C39计算机、通信和其他电子设备制造业,10.29,2023-01-30,11.5,11.61,2,再涨停→次日早盘卖,平淡期
2023-01-20,600193,退市创兴,,6.64,2023-01-30,6.8,2.26,1,没涨停→尾盘卖,平淡期
2023-01-30,002384,东山精密,C39计算机、通信和其他电子设备制造业,28.4362872,2023-01-31,27.95,-1.87,1,没涨停→尾盘卖,妖股期
2023-01-30,002536,飞龙股份,C36汽车制造业,8.23369218,2023-01-31,8.45,2.43,1,没涨停→尾盘卖,妖股期
2023-01-30,002600,领益智造,C39计算机、通信和其他电子设备制造业,5.28481862,2023-01-31,5.18,-2.16,1,没涨停→尾盘卖,妖股期
2023-01-31,002527,新时达,C34通用设备制造业,7.37,2023-02-01,7.79,5.55,1,没涨停→尾盘卖,平淡期
2023-01-31,603218,日月股份,C34通用设备制造业,21.56171292,2023-02-01,21.86,1.23,1,没涨停→尾盘卖,平淡期
2023-02-01,600297,广汇汽车,,2.33,2023-02-02,2.34,0.28,1,没涨停→尾盘卖,妖股期
2023-02-01,600714,金瑞矿业,C26化学原料和化学制品制造业,10.50241698,2023-02-02,10.75,2.19,1,没涨停→尾盘卖,妖股期
2023-02-01,002842,翔鹭钨业,C32有色金属冶炼和压延加工业,9.3198556,2023-02-03,10.66,14.18,2,再涨停→次日早盘卖,妖股期
2023-02-02,000509,华塑控股,C39计算机、通信和其他电子设备制造业,4.35,2023-02-03,4.31,-1.07,1,没涨停→尾盘卖,平淡期
2023-02-02,002347,泰尔股份,C34通用设备制造业,5.83388325,2023-02-06,7.06,20.88,2,再涨停→次日早盘卖,平淡期
2023-02-03,002947,恒铭达,C39计算机、通信和其他电子设备制造业,22.76334566,2023-02-06,22.37,-1.9,1,没涨停→尾盘卖,平淡期
2023-02-06,002729,好利科技,C39计算机、通信和其他电子设备制造业,29.08215504,2023-02-07,30.17,3.61,1,没涨停→尾盘卖,恐慌期
2023-02-07,002218,拓日新能,C38电气机械和器材制造业,5.903442,2023-02-08,6.1,3.18,1,没涨停→尾盘卖,平淡期
2023-02-07,002792,通宇通讯,C39计算机、通信和其他电子设备制造业,10.3844216,2023-02-08,11.04,6.16,1,没涨停→尾盘卖,平淡期
2023-02-07,002577,雷柏科技,C39计算机、通信和其他电子设备制造业,14.37,2023-02-09,15.49,7.64,2,再涨停→次日早盘卖,平淡期
2023-02-08,002350,北京科锐,C38电气机械和器材制造业,8.1962265,2023-02-09,8.38,2.15,1,没涨停→尾盘卖,恐慌期
2023-02-08,002860,星帅尔,C38电气机械和器材制造业,15.38060576,2023-02-09,15.24,-1.09,1,没涨停→尾盘卖,恐慌期
2023-02-09,603083,剑桥科技,C39计算机、通信和其他电子设备制造业,15.54764211,2023-02-10,15.85,1.82,1,没涨停→尾盘卖,平淡期
2023-02-10,000536,华映科技,C39计算机、通信和其他电子设备制造业,2.2,2023-02-13,2.23,1.21,1,没涨停→尾盘卖,恐慌期
2023-02-10,002281,光迅科技,C39计算机、通信和其他电子设备制造业,22.02038588,2023-02-13,23.02,4.41,1,没涨停→尾盘卖,恐慌期
2023-02-10,002660,茂硕电源,C39计算机、通信和其他电子设备制造业,9.91957733,2023-02-14,12.01,20.88,2,再涨停→次日早盘卖,恐慌期
2023-02-13,603032,德新科技,C35专用设备制造业,62.09814013,2023-02-14,61.15,-1.68,1,没涨停→尾盘卖,平淡期
2023-02-13,603298,杭叉集团,C34通用设备制造业,14.67895692,2023-02-14,14.53,-1.13,1,没涨停→尾盘卖,平淡期
2023-02-14,002677,浙江美大,C38电气机械和器材制造业,10.9700735,2023-02-15,11.55,5.13,1,没涨停→尾盘卖,平淡期
2023-02-14,603868,飞科电器,C38电气机械和器材制造业,72.3538329,2023-02-15,70.96,-2.07,1,没涨停→尾盘卖,平淡期
2023-02-15,002724,海洋王,C38电气机械和器材制造业,10.2180786,2023-02-16,10.65,4.08,1,没涨停→尾盘卖,平淡期
2023-02-15,002971,和远气体,C26化学原料和化学制品制造业,19.61431578,2023-02-16,19.27,-1.89,1,没涨停→尾盘卖,平淡期
2023-02-15,002970,锐明技术,I65软件和信息技术服务业,24.90665062,2023-02-17,30.14,20.85,2,再涨停→次日早盘卖,平淡期
2023-02-20,002156,通富微电,C39计算机、通信和其他电子设备制造业,22.52238897,2023-02-21,22.14,-1.87,1,没涨停→尾盘卖,平淡期
2023-02-20,002955,鸿合科技,C39计算机、通信和其他电子设备制造业,27.8455275,2023-02-21,30.06,7.79,1,没涨停→尾盘卖,平淡期
2023-02-20,600320,振华重工,C34通用设备制造业,3.99337536,2023-02-21,4.04,1.05,1,没涨停→尾盘卖,平淡期
2023-02-21,603319,美湖股份,C36汽车制造业,12.4372656,2023-02-22,12.23,-1.79,1,没涨停→尾盘卖,平淡期
2023-02-22,600118,中国卫星,C39计算机、通信和其他电子设备制造业,27.55218687,2023-02-23,27.87,1.01,1,没涨停→尾盘卖,平淡期
2023-02-23,002590,万安科技,C36汽车制造业,10.1256228,2023-02-24,10.41,2.66,1,没涨停→尾盘卖,平淡期
2023-02-23,603730,岱美股份,C36汽车制造业,7.357389,2023-02-24,7.26,-1.47,1,没涨停→尾盘卖,平淡期
2023-02-24,002197,证通电子,I65软件和信息技术服务业,11.73,2023-02-27,11.96,1.81,1,没涨停→尾盘卖,恐慌期
2023-02-27,600869,远东股份,C38电气机械和器材制造业,5.8980649,2023-02-28,6.02,1.84,1,没涨停→尾盘卖,恐慌期
2023-02-27,603050,科林电气,C38电气机械和器材制造业,9.0913144,2023-02-28,9.03,-0.86,1,没涨停→尾盘卖,恐慌期
2023-02-28,000919,金陵药业,C27医药制造业,8.48175934,2023-03-01,8.59,1.18,1,没涨停→尾盘卖,平淡期
2023-02-28,003020,立方制药,C27医药制造业,22.56649758,2023-03-01,21.94,-2.94,1,没涨停→尾盘卖,平淡期
2023-02-28,603386,骏亚科技,C39计算机、通信和其他电子设备制造业,12.24318656,2023-03-01,12.0,-2.14,1,没涨停→尾盘卖,平淡期
2023-03-01,002908,德生科技,I65软件和信息技术服务业,12.67580706,2023-03-02,12.46,-1.86,1,没涨停→尾盘卖,平淡期
2023-03-03,002119,康强电子,C39计算机、通信和其他电子设备制造业,13.77397683,2023-03-06,13.9,0.79,1,没涨停→尾盘卖,平淡期
2023-03-03,002881,美格智能,C39计算机、通信和其他电子设备制造业,35.94231159,2023-03-06,34.7,-3.61,1,没涨停→尾盘卖,平淡期
2023-03-06,002189,中光学,C39计算机、通信和其他电子设备制造业,18.89,2023-03-07,17.7,-6.45,1,没涨停→尾盘卖,恐慌期
2023-03-06,002913,奥士康,C39计算机、通信和其他电子设备制造业,28.81990965,2023-03-07,28.15,-2.47,1,没涨停→尾盘卖,恐慌期
2023-03-07,002901,大博医疗,C35专用设备制造业,37.53069528,2023-03-08,38.28,1.86,1,没涨停→尾盘卖,恐慌期
2023-03-10,000050,深天马A,C39计算机、通信和其他电子设备制造业,10.73,2023-03-13,10.19,-5.18,1,没涨停→尾盘卖,平淡期
2023-03-10,000996,中期退,,7.92,2023-03-13,7.66,-3.43,1,没涨停→尾盘卖,平淡期
2023-03-10,603003,退市龙宇,,9.9241137,2023-03-13,10.12,1.84,1,没涨停→尾盘卖,平淡期
2023-03-14,603005,晶方科技,C39计算机、通信和其他电子设备制造业,23.23960606,2023-03-15,24.98,7.33,1,没涨停→尾盘卖,恐慌期
2023-03-15,002879,长缆科技,C38电气机械和器材制造业,14.71430016,2023-03-16,14.31,-2.89,1,没涨停→尾盘卖,平淡期
2023-03-15,601179,中国西电,C38电气机械和器材制造业,5.18774025,2023-03-16,5.25,0.96,1,没涨停→尾盘卖,平淡期
2023-03-20,600988,赤峰黄金,B09有色金属矿采选业,21.0260778,2023-03-21,20.33,-3.47,1,没涨停→尾盘卖,恐慌期
2023-03-21,000697,炼石航空,C37铁路、船舶、航空航天和其他运输设备制造业,5.68791272,2023-03-22,5.69,-0.15,1,再涨停→次日早盘卖,平淡期
2023-03-21,600391,航发科技,C37铁路、船舶、航空航天和其他运输设备制造业,22.32,2023-03-22,22.72,1.64,1,没涨停→尾盘卖,平淡期
2023-03-22,002949,华阳国际,M74专业技术服务业,15.06933216,2023-03-23,15.57,3.18,1,没涨停→尾盘卖,平淡期
2023-03-23,601231,环旭电子,C39计算机、通信和其他电子设备制造业,16.8049761,2023-03-24,17.31,2.88,1,没涨停→尾盘卖,平淡期
2023-03-24,600100,同方股份,C39计算机、通信和其他电子设备制造业,7.01883314,2023-03-27,7.53,7.07,1,没涨停→尾盘卖,平淡期
2023-03-24,600839,四川长虹,C39计算机、通信和其他电子设备制造业,3.52175096,2023-03-28,3.87,9.74,2,再涨停→次日早盘卖,平淡期
2023-03-27,603477,巨星农牧,A03畜牧业,26.24309732,2023-03-28,26.92,2.42,1,没涨停→尾盘卖,恐慌期
2023-03-29,605358,立昂微,C39计算机、通信和其他电子设备制造业,51.45851788,2023-03-30,52.28,1.45,1,没涨停→尾盘卖,平淡期
2023-03-30,000021,深科技,C39计算机、通信和其他电子设备制造业,15.1452286,2023-03-31,16.19,6.76,1,没涨停→尾盘卖,平淡期
2023-03-30,002876,三利谱,C39计算机、通信和其他电子设备制造业,46.62117504,2023-03-31,46.62,-0.15,1,没涨停→尾盘卖,平淡期
2023-03-30,603109,神驰机电,C38电气机械和器材制造业,15.64542261,2023-03-31,15.49,-1.17,1,没涨停→尾盘卖,平淡期
2023-03-31,000566,海南海药,C27医药制造业,5.16,2023-04-03,5.27,1.98,1,没涨停→尾盘卖,恐慌期
2023-03-31,002690,美亚光电,C35专用设备制造业,27.8751261,2023-04-03,28.21,1.06,1,没涨停→尾盘卖,恐慌期
2023-03-31,002866,传艺科技,C39计算机、通信和其他电子设备制造业,31.88615327,2023-04-03,32.35,1.32,1,没涨停→尾盘卖,恐慌期
2023-04-03,002151,北斗星通,C39计算机、通信和其他电子设备制造业,34.9033347,2023-04-04,36.08,3.21,1,没涨停→尾盘卖,平淡期
2023-04-03,002919,名臣健康,I64互联网和相关服务,25.7475119,2023-04-04,26.89,4.27,1,没涨停→尾盘卖,平淡期
2023-04-03,600271,航天信息,I65软件和信息技术服务业,15.17785974,2023-04-04,16.16,6.34,1,没涨停→尾盘卖,平淡期
2023-04-04,002222,福晶科技,C39计算机、通信和其他电子设备制造业,24.05558106,2023-04-07,27.02,12.19,2,再涨停→次日早盘卖,平淡期
2023-04-06,000810,创维数字,C39计算机、通信和其他电子设备制造业,18.706436,2023-04-10,20.62,10.05,2,再涨停→次日早盘卖,平淡期
2023-04-07,003031,中瓷电子,C39计算机、通信和其他电子设备制造业,65.55939065,2023-04-10,68.17,3.83,1,没涨停→尾盘卖,平淡期
2023-04-07,002534,西子洁能,C34通用设备制造业,15.2285772,2023-04-11,17.37,13.9,2,再涨停→次日早盘卖,平淡期
2023-04-11,600633,浙数文化,I64互联网和相关服务,14.66336872,2023-04-12,15.02,2.28,1,没涨停→尾盘卖,恐慌期
2023-04-11,603096,新经典,R86新闻和出版业,19.6042552,2023-04-13,21.63,10.19,2,再涨停→次日早盘卖,恐慌期
2023-04-12,000922,佳电股份,C38电气机械和器材制造业,9.91192566,2023-04-13,9.8,-1.28,1,没涨停→尾盘卖,平淡期
2023-04-12,002174,游族网络,I64互联网和相关服务,15.4090299,2023-04-13,15.8,2.36,1,没涨停→尾盘卖,平淡期
2023-04-13,600749,西藏旅游,N78公共设施管理业,14.92,2023-04-14,14.76,-1.22,1,没涨停→尾盘卖,平淡期
2023-04-13,601949,中国出版,R86新闻和出版业,7.20143988,2023-04-14,6.89,-4.42,1,没涨停→尾盘卖,平淡期
2023-04-14,603690,至纯科技,C35专用设备制造业,37.23554648,2023-04-17,36.75,-1.45,1,没涨停→尾盘卖,平淡期
2023-04-17,000972,中基健康,C13农副食品加工业,3.86,2023-04-18,3.82,-1.19,1,没涨停→尾盘卖,平淡期
2023-04-17,002330,得利斯,C13农副食品加工业,6.6614964,2023-04-18,6.53,-2.1,1,没涨停→尾盘卖,平淡期
2023-04-17,600060,海信视像,C39计算机、通信和其他电子设备制造业,18.49952332,2023-04-18,18.52,-0.06,1,没涨停→尾盘卖,平淡期
2023-04-19,000802,北京文化,R87广播、电视、电影和录音制作业,6.36,2023-04-20,6.08,-4.55,1,没涨停→尾盘卖,恐慌期
2023-04-19,002194,武汉凡谷,C39计算机、通信和其他电子设备制造业,11.38397274,2023-04-20,11.62,1.94,1,没涨停→尾盘卖,恐慌期
2023-04-19,603920,世运电路,C39计算机、通信和其他电子设备制造业,18.61103013,2023-04-20,18.28,-1.92,1,没涨停→尾盘卖,恐慌期
2023-04-24,600651,飞乐音响,C38电气机械和器材制造业,4.42,2023-04-25,4.49,1.43,1,没涨停→尾盘卖,恐慌期
2023-04-24,601999,出版传媒,R86新闻和出版业,7.4529266,2023-04-25,7.23,-3.13,1,没涨停→尾盘卖,恐慌期
2023-04-24,601811,新华文轩,R86新闻和出版业,12.54413628,2023-04-26,14.02,11.65,2,再涨停→次日早盘卖,恐慌期
2023-04-26,002892,科力尔,C38电气机械和器材制造业,4.97620431,2023-04-27,5.17,3.69,1,没涨停→尾盘卖,恐慌期
2023-04-26,600699,均胜电子,C39计算机、通信和其他电子设备制造业,14.5966478,2023-04-27,14.93,2.14,1,没涨停→尾盘卖,恐慌期
2023-04-26,600732,爱旭股份,C38电气机械和器材制造业,22.0082878,2023-04-27,21.77,-1.24,1,没涨停→尾盘卖,恐慌期
2023-04-27,600479,千金药业,C27医药制造业,11.89839274,2023-04-28,11.64,-2.35,1,没涨停→尾盘卖,恐慌期
2023-04-27,600592,龙溪股份,C34通用设备制造业,7.8253084,2023-04-28,7.88,0.6,1,没涨停→尾盘卖,恐慌期
2023-04-27,600833,第一医药,F52零售业,11.56915776,2023-04-28,11.89,2.65,1,没涨停→尾盘卖,恐慌期
2023-04-28,002077,大港股份,C39计算机、通信和其他电子设备制造业,14.69,2023-05-04,15.05,2.3,1,没涨停→尾盘卖,平淡期
2023-04-28,002345,潮宏基,C24文教、工美、体育和娱乐用品制造业,6.6292842,2023-05-04,7.06,6.34,1,没涨停→尾盘卖,平淡期
2023-04-28,002436,兴森科技,C39计算机、通信和其他电子设备制造业,14.57117532,2023-05-04,14.43,-1.1,1,没涨停→尾盘卖,平淡期
2023-05-04,000517,荣安地产,K70房地产业,2.44518189,2023-05-05,2.52,2.76,1,没涨停→尾盘卖,主线期
2023-05-04,002269,美邦服饰,C18纺织服装、服饰业,1.78,2023-05-05,1.79,0.41,1,没涨停→尾盘卖,主线期
2023-05-04,002527,新时达,C34通用设备制造业,7.04,2023-05-05,7.27,3.12,1,没涨停→尾盘卖,主线期
2023-05-05,600340,*ST华幸,K70房地产业,2.5,2023-05-08,2.5,-0.15,1,再涨停→次日早盘卖,平淡期
2023-05-05,603138,海量数据,I65软件和信息技术服务业,20.63,2023-05-08,21.62,4.65,1,没涨停→尾盘卖,平淡期
2023-05-08,600482,中国动力,C37铁路、船舶、航空航天和其他运输设备制造业,18.72339714,2023-05-09,17.95,-4.3,1,没涨停→尾盘卖,平淡期
2023-05-08,600685,中船防务,C37铁路、船舶、航空航天和其他运输设备制造业,28.17637598,2023-05-09,27.45,-2.75,1,没涨停→尾盘卖,平淡期
2023-05-08,600730,*ST高科,P83教育,6.92902092,2023-05-09,6.6,-4.91,1,没涨停→尾盘卖,平淡期
2023-05-09,600710,苏美达,F51批发业,6.94105254,2023-05-10,7.07,1.7,1,没涨停→尾盘卖,恐慌期
2023-05-10,000868,安凯客车,C36汽车制造业,5.68,2023-05-11,5.79,1.79,1,没涨停→尾盘卖,恐慌期
2023-05-10,002227,*ST特迅,C38电气机械和器材制造业,13.86,2023-05-11,13.72,-1.16,1,没涨停→尾盘卖,恐慌期
2023-05-10,600537,*ST亿晶,C38电气机械和器材制造业,6.93,2023-05-11,7.05,1.58,1,没涨停→尾盘卖,恐慌期
2023-05-11,000837,秦川机床,C34通用设备制造业,11.54727117,2023-05-12,11.27,-2.56,1,没涨停→尾盘卖,平淡期
2023-05-11,001330,博纳影业,R87广播、电视、电影和录音制作业,10.38,2023-05-12,9.78,-5.93,1,没涨停→尾盘卖,平淡期
2023-05-11,002248,华东数控,C34通用设备制造业,8.97,2023-05-12,8.77,-2.38,1,没涨停→尾盘卖,平淡期
2023-05-12,000539,粤电力A,D44电力、热力生产和供应业,6.49587726,2023-05-15,6.94,6.7,1,没涨停→尾盘卖,恐慌期
2023-05-12,605011,杭州热电,D44电力、热力生产和供应业,16.34687775,2023-05-16,18.11,10.66,2,再涨停→次日早盘卖,恐慌期
2023-05-15,002240,盛新锂能,C32有色金属冶炼和压延加工业,33.925796,2023-05-16,34.14,0.49,1,没涨停→尾盘卖,平淡期
2023-05-15,002738,中矿资源,C32有色金属冶炼和压延加工业,57.32232102,2023-05-16,56.11,-2.27,1,没涨停→尾盘卖,平淡期
2023-05-16,002317,众生药业,C27医药制造业,17.48732382,2023-05-17,17.95,2.49,1,没涨停→尾盘卖,恐慌期
2023-05-16,002882,金龙羽,C38电气机械和器材制造业,15.6242437,2023-05-17,16.25,3.85,1,没涨停→尾盘卖,恐慌期
2023-05-16,002953,日丰股份,C38电气机械和器材制造业,9.5976258,2023-05-17,9.55,-0.62,1,没涨停→尾盘卖,恐慌期
2023-05-17,002579,中京电子,C39计算机、通信和其他电子设备制造业,9.48315955,2023-05-18,9.57,0.79,1,没涨停→尾盘卖,平淡期
2023-05-17,002845,同兴达,C39计算机、通信和其他电子设备制造业,14.14526328,2023-05-18,13.9,-1.9,1,没涨停→尾盘卖,平淡期
2023-05-17,603728,鸣志电器,C38电气机械和器材制造业,43.99377268,2023-05-19,53.23,20.84,2,再涨停→次日早盘卖,平淡期
2023-05-18,002369,卓翼科技,C39计算机、通信和其他电子设备制造业,5.27,2023-05-19,5.14,-2.81,1,再涨停→次日早盘卖,平淡期
2023-05-18,002217,ST合力泰,C39计算机、通信和其他电子设备制造业,3.22,2023-05-22,3.65,13.2,2,再涨停→次日早盘卖,平淡期
2023-05-19,603236,移远通信,C39计算机、通信和其他电子设备制造业,39.21646113,2023-05-22,38.93,-0.87,1,没涨停→尾盘卖,恐慌期
2023-05-19,603933,睿能科技,C39计算机、通信和其他电子设备制造业,13.132067,2023-05-23,15.4,17.09,2,再涨停→次日早盘卖,恐慌期
2023-05-22,000722,湖南发展,D44电力、热力生产和供应业,12.61373351,2023-05-23,12.88,1.96,1,没涨停→尾盘卖,平淡期
2023-05-22,000993,闽东电力,D44电力、热力生产和供应业,10.86846048,2023-05-23,10.99,1.0,1,没涨停→尾盘卖,平淡期
2023-05-24,002529,海源复材,C34通用设备制造业,16.16,2023-05-25,16.7,3.19,1,没涨停→尾盘卖,恐慌期
2023-05-24,600367,红星发展,C26化学原料和化学制品制造业,13.32582924,2023-05-25,13.24,-0.82,1,没涨停→尾盘卖,恐慌期
2023-05-24,000410,沈阳机床,C34通用设备制造业,8.02,2023-05-26,8.82,9.83,2,再涨停→次日早盘卖,恐慌期
2023-05-25,002358,森源电气,C38电气机械和器材制造业,4.90319326,2023-05-26,4.74,-3.57,1,没涨停→尾盘卖,平淡期
2023-05-25,002843,泰嘉股份,C34通用设备制造业,18.39821656,2023-05-26,17.27,-6.3,1,没涨停→尾盘卖,平淡期
2023-05-26,002659,凯文教育,P83教育,4.92,2023-05-29,5.04,2.29,1,没涨停→尾盘卖,平淡期
2023-05-26,603869,ST智知,I65软件和信息技术服务业,10.0588425,2023-05-30,12.17,20.84,2,再涨停→次日早盘卖,平淡期
2023-05-29,600509,天富能源,D44电力、热力生产和供应业,7.56079506,2023-05-30,7.35,-2.92,1,没涨停→尾盘卖,平淡期
2023-05-30,002902,铭普光磁,C39计算机、通信和其他电子设备制造业,17.3334481,2023-05-31,18.1,4.29,1,没涨停→尾盘卖,平淡期
2023-05-30,600505,西昌电力,D44电力、热力生产和供应业,9.17997508,2023-05-31,8.82,-4.04,1,没涨停→尾盘卖,平淡期
2023-05-31,002528,*ST英飞,C39计算机、通信和其他电子设备制造业,9.01,2023-06-01,9.76,8.17,1,没涨停→尾盘卖,平淡期
2023-05-31,000888,峨眉山A,N78公共设施管理业,10.54329598,2023-06-02,11.71,10.95,2,再涨停→次日早盘卖,平淡期
2023-06-01,002805,丰元股份,C39计算机、通信和其他电子设备制造业,21.33,2023-06-02,22.05,3.23,1,没涨停→尾盘卖,平淡期
2023-06-01,600775,南京熊猫,C39计算机、通信和其他电子设备制造业,11.1289488,2023-06-02,10.45,-6.25,1,没涨停→尾盘卖,平淡期
2023-06-02,000797,中国武夷,K70房地产业,3.1268853,2023-06-05,3.09,-1.42,1,没涨停→尾盘卖,妖股期
2023-06-02,002571,德力股份,C30非金属矿物制品业,6.34,2023-06-05,6.07,-4.41,1,没涨停→尾盘卖,妖股期
2023-06-02,002853,皮阿诺,C21家具制造业,17.22142475,2023-06-05,17.06,-1.11,1,没涨停→尾盘卖,妖股期
2023-06-06,000809,和展能源,C38电气机械和器材制造业,4.15,2023-06-07,4.05,-2.56,1,没涨停→尾盘卖,平淡期
2023-06-07,600791,京能置业,K70房地产业,4.65002294,2023-06-08,5.08,9.08,1,没涨停→尾盘卖,平淡期
2023-06-07,002587,奥拓电子,C39计算机、通信和其他电子设备制造业,7.2171462,2023-06-09,8.18,13.15,2,再涨停→次日早盘卖,平淡期
2023-06-08,002047,宝鹰股份,E50建筑装饰、装修和其他建筑业,3.52,2023-06-09,3.48,-1.29,1,没涨停→尾盘卖,平淡期
2023-06-09,002766,索菱股份,C39计算机、通信和其他电子设备制造业,5.59,2023-06-12,5.64,0.74,1,没涨停→尾盘卖,妖股期
2023-06-09,002703,浙江世宝,C36汽车制造业,8.13790686,2023-06-13,9.59,17.73,2,再涨停→次日早盘卖,妖股期
2023-06-09,600602,云赛智联,I65软件和信息技术服务业,11.42966055,2023-06-13,12.82,12.06,2,再涨停→次日早盘卖,妖股期
2023-06-12,002355,兴民智通,C36汽车制造业,4.47,2023-06-14,5.41,20.88,2,再涨停→次日早盘卖,平淡期
2023-06-13,600268,国电南自,C38电气机械和器材制造业,5.858244,2023-06-14,5.98,1.88,1,没涨停→尾盘卖,平淡期
2023-06-13,603009,北特科技,C36汽车制造业,7.28226356,2023-06-14,7.49,2.71,1,再涨停→次日早盘卖,平淡期
2023-06-14,000757,浩物股份,F52零售业,4.51,2023-06-15,4.31,-4.58,1,没涨停→尾盘卖,妖股期
2023-06-14,002456,欧菲光,C39计算机、通信和其他电子设备制造业,5.68,2023-06-15,5.48,-3.67,1,没涨停→尾盘卖,妖股期
2023-06-14,600059,古越龙山,C15酒、饮料和精制茶制造业,11.094349,2023-06-15,10.53,-5.19,1,没涨停→尾盘卖,妖股期
2023-06-15,002164,宁波东力,C34通用设备制造业,6.04,2023-06-16,6.23,3.0,1,没涨停→尾盘卖,平淡期
2023-06-15,002184,海得控制,C38电气机械和器材制造业,14.91884331,2023-06-16,15.47,3.54,1,没涨停→尾盘卖,平淡期
2023-06-15,002730,电光科技,C35专用设备制造业,9.6195429,2023-06-16,9.37,-2.78,1,没涨停→尾盘卖,平淡期
2023-06-16,002520,日发精机,C34通用设备制造业,6.27,2023-06-19,6.1,-2.86,1,没涨停→尾盘卖,妖股期
2023-06-16,603767,中马传动,C36汽车制造业,8.15481991,2023-06-19,7.94,-2.77,1,没涨停→尾盘卖,妖股期
2023-06-16,600148,长春一东,C36汽车制造业,15.60098848,2023-06-20,18.38,17.64,2,再涨停→次日早盘卖,妖股期
2023-06-19,002771,真视通,I65软件和信息技术服务业,15.8410473,2023-06-20,15.63,-1.47,1,没涨停→尾盘卖,平淡期
2023-06-20,603267,鸿远电子,C39计算机、通信和其他电子设备制造业,61.34797665,2023-06-21,63.34,3.1,1,没涨停→尾盘卖,平淡期
2023-06-20,603319,美湖股份,C36汽车制造业,11.98959605,2023-06-21,11.7,-2.57,1,没涨停→尾盘卖,平淡期
2023-06-20,603489,八方股份,C38电气机械和器材制造业,42.31559178,2023-06-21,44.76,5.62,1,没涨停→尾盘卖,平淡期
2023-06-21,002490,山东墨龙,C35专用设备制造业,4.37,2023-06-26,4.43,1.22,1,没涨停→尾盘卖,平淡期
2023-06-21,002590,万安科技,C36汽车制造业,9.95882475,2023-06-26,9.71,-2.61,1,没涨停→尾盘卖,平淡期
2023-06-21,002199,东晶电子,C39计算机、通信和其他电子设备制造业,8.37,2023-06-27,9.23,10.12,2,再涨停→次日早盘卖,平淡期
2023-06-26,000020,深华发A,C39计算机、通信和其他电子设备制造业,11.96,2023-06-27,11.76,-1.82,1,没涨停→尾盘卖,恐慌期
2023-06-26,001896,豫能控股,D44电力、热力生产和供应业,4.96,2023-06-27,5.02,1.06,1,没涨停→尾盘卖,恐慌期
2023-06-27,600992,贵绳股份,C33金属制品业,17.29886955,2023-06-28,18.09,4.4,1,没涨停→尾盘卖,妖股期
2023-06-27,601155,新城控股,K70房地产业,14.75,2023-06-28,15.02,1.68,1,没涨停→尾盘卖,妖股期
2023-06-27,600776,东方通信,C39计算机、通信和其他电子设备制造业,11.533326,2023-06-29,13.14,13.8,2,再涨停→次日早盘卖,妖股期
2023-06-28,000561,烽火电子,C39计算机、通信和其他电子设备制造业,11.11622106,2023-06-29,11.56,3.8,1,没涨停→尾盘卖,平淡期
2023-06-28,000816,智慧农业,C34通用设备制造业,3.42,2023-06-29,3.32,-3.07,1,没涨停→尾盘卖,平淡期
2023-06-29,000595,新能股份,C34通用设备制造业,6.09,2023-06-30,5.88,-3.6,1,再涨停→次日早盘卖,妖股期
2023-06-29,002290,禾盛新材,C38电气机械和器材制造业,12.95692746,2023-06-30,13.32,2.62,1,没涨停→尾盘卖,妖股期
2023-06-29,002614,奥佳华,C38电气机械和器材制造业,7.69412945,2023-06-30,7.52,-2.43,1,没涨停→尾盘卖,妖股期
2023-06-30,002006,精工科技,C35专用设备制造业,20.86265499,2023-07-03,20.8,-0.43,1,没涨停→尾盘卖,平淡期
2023-06-30,002426,胜利精密,C39计算机、通信和其他电子设备制造业,2.21,2023-07-03,2.32,4.83,1,没涨停→尾盘卖,平淡期
2023-06-30,002931,锋龙股份,C35专用设备制造业,12.8668563,2023-07-03,12.36,-4.06,1,没涨停→尾盘卖,平淡期
2023-07-03,002623,亚玛顿,C30非金属矿物制品业,28.38527027,2023-07-04,27.23,-4.09,1,再涨停→次日早盘卖,平淡期
2023-07-03,600165,宁科生物,C26化学原料和化学制品制造业,3.1914838,2023-07-04,3.42,7.12,1,没涨停→尾盘卖,平淡期
2023-07-03,000980,众泰汽车,C36汽车制造业,2.71,2023-07-05,3.28,20.88,2,再涨停→次日早盘卖,平淡期
2023-07-04,002036,联创电子,C39计算机、通信和其他电子设备制造业,10.57097526,2023-07-05,10.57,-0.15,1,没涨停→尾盘卖,平淡期
2023-07-04,002284,亚太股份,C36汽车制造业,9.563607,2023-07-05,9.62,0.46,1,没涨停→尾盘卖,平淡期
2023-07-05,000831,中国稀土,C32有色金属冶炼和压延加工业,33.55194864,2023-07-06,33.2,-1.19,1,没涨停→尾盘卖,平淡期
2023-07-05,002114,罗平锌电,C32有色金属冶炼和压延加工业,7.6,2023-07-06,7.83,2.88,1,没涨停→尾盘卖,平淡期
2023-07-05,600497,驰宏锌锗,C32有色金属冶炼和压延加工业,5.58084978,2023-07-06,5.59,0.02,1,没涨停→尾盘卖,平淡期
2023-07-06,002134,天津普林,C39计算机、通信和其他电子设备制造业,11.13,2023-07-07,10.78,-3.29,1,没涨停→尾盘卖,平淡期
2023-07-06,002636,金安国纪,C39计算机、通信和其他电子设备制造业,10.30171,2023-07-07,10.15,-1.58,1,没涨停→尾盘卖,平淡期
2023-07-06,002818,富森美,L72商务服务业,12.0778359,2023-07-07,11.8,-2.42,1,没涨停→尾盘卖,平淡期
2023-07-07,000767,晋控电力,D44电力、热力生产和供应业,3.49,2023-07-11,3.76,7.59,2,再涨停→次日早盘卖,平淡期
2023-07-11,002383,合众思壮,C39计算机、通信和其他电子设备制造业,7.81,2023-07-12,7.98,2.03,1,没涨停→尾盘卖,平淡期
2023-07-11,002977,*ST天箭,C39计算机、通信和其他电子设备制造业,35.44710146,2023-07-12,34.86,-1.8,1,没涨停→尾盘卖,平淡期
2023-07-12,002112,三变科技,C38电气机械和器材制造业,12.65080482,2023-07-13,12.96,2.28,1,没涨停→尾盘卖,平淡期
2023-07-12,603161,科华控股,C36汽车制造业,11.12668731,2023-07-13,10.82,-2.88,1,没涨停→尾盘卖,平淡期
2023-07-13,002655,共达电声,C39计算机、通信和其他电子设备制造业,13.66838,2023-07-14,13.55,-1.02,1,没涨停→尾盘卖,平淡期
2023-07-14,000948,南天信息,I65软件和信息技术服务业,18.08047791,2023-07-17,18.4,1.64,1,没涨停→尾盘卖,平淡期
2023-07-14,002474,榕基软件,I65软件和信息技术服务业,8.05,2023-07-18,8.85,9.79,2,再涨停→次日早盘卖,平淡期
2023-07-17,002339,积成电子,C38电气机械和器材制造业,8.0837568,2023-07-18,8.38,3.53,1,没涨停→尾盘卖,恐慌期
2023-07-17,603160,汇顶科技,C39计算机、通信和其他电子设备制造业,52.80119004,2023-07-18,53.67,1.49,1,没涨停→尾盘卖,恐慌期
2023-07-18,002119,康强电子,C39计算机、通信和其他电子设备制造业,14.63163584,2023-07-19,14.47,-1.24,1,没涨停→尾盘卖,平淡期
2023-07-18,603005,晶方科技,C39计算机、通信和其他电子设备制造业,23.64745999,2023-07-19,23.57,-0.49,1,没涨停→尾盘卖,平淡期
2023-07-20,000679,大连友谊,F52零售业,6.07,2023-07-21,5.95,-2.13,1,没涨停→尾盘卖,平淡期
2023-07-21,000413,ST旭电,,1.86,2023-07-24,1.8,-3.38,1,没涨停→尾盘卖,平淡期
2023-07-21,002968,新大正,K70房地产业,15.80518776,2023-07-24,15.76,-0.44,1,没涨停→尾盘卖,平淡期
2023-07-21,000638,*ST万方,,6.93,2023-07-25,8.38,20.77,2,再涨停→次日早盘卖,平淡期
2023-07-25,002325,*ST洪涛,,1.74,2023-07-26,1.78,2.15,1,再涨停→次日早盘卖,平淡期
2023-07-25,600095,湘财股份,J67资本市场服务,8.4618265,2023-07-26,8.29,-2.15,1,没涨停→尾盘卖,平淡期
2023-07-25,600321,正源股份,,1.93,2023-07-26,2.04,5.55,1,没涨停→尾盘卖,平淡期
2023-07-26,002305,*ST南置,K70房地产业,2.7,2023-07-27,2.55,-5.71,1,没涨停→尾盘卖,平淡期
2023-07-27,002363,隆基机械,C36汽车制造业,7.62070878,2023-07-28,7.54,-1.16,1,没涨停→尾盘卖,平淡期
2023-07-28,002488,金固股份,C36汽车制造业,7.84943348,2023-07-31,7.53,-4.21,1,没涨停→尾盘卖,平淡期
2023-07-28,600155,华创云信,J67资本市场服务,7.52,2023-07-31,8.18,8.63,1,没涨停→尾盘卖,平淡期
2023-07-28,002961,瑞达期货,J67资本市场服务,15.51060774,2023-08-01,17.78,14.45,2,再涨停→次日早盘卖,平淡期
2023-07-31,000419,通程控股,F52零售业,5.88680153,2023-08-01,5.69,-3.52,1,没涨停→尾盘卖,妖股期
2023-07-31,002208,合肥城建,K70房地产业,7.74007422,2023-08-01,7.41,-4.46,1,没涨停→尾盘卖,妖股期
2023-08-01,002471,中超控股,C38电气机械和器材制造业,3.13132692,2023-08-02,3.12,-0.46,1,没涨停→尾盘卖,恐慌期
2023-08-01,600361,创新新材,C32有色金属冶炼和压延加工业,5.48940728,2023-08-02,5.75,4.64,1,没涨停→尾盘卖,恐慌期
2023-08-01,600531,豫光金铅,C32有色金属冶炼和压延加工业,7.14039525,2023-08-02,7.52,5.21,1,没涨停→尾盘卖,恐慌期
2023-08-03,600621,华鑫股份,J67资本市场服务,13.03380927,2023-08-04,12.94,-0.9,1,没涨停→尾盘卖,平淡期
2023-08-07,002787,华源控股,C33金属制品业,8.51126052,2023-08-09,10.3,20.87,2,再涨停→次日早盘卖,恐慌期
2023-08-08,600191,华资实业,C13农副食品加工业,7.1363149,2023-08-09,6.76,-5.46,1,没涨停→尾盘卖,平淡期
2023-08-08,002907,华森制药,C27医药制造业,15.994095,2023-08-10,17.91,11.85,2,再涨停→次日早盘卖,平淡期
2023-08-09,000518,四环生物,C27医药制造业,3.05,2023-08-10,3.1,1.49,1,没涨停→尾盘卖,平淡期
2023-08-09,000813,德展健康,C27医药制造业,3.4,2023-08-10,3.58,5.14,1,没涨停→尾盘卖,平淡期
2023-08-10,600681,百川能源,D45燃气生产和供应业,3.99324843,2023-08-11,3.78,-5.39,1,没涨停→尾盘卖,平淡期
2023-08-10,601236,红塔证券,J67资本市场服务,9.42493013,2023-08-11,8.48,-10.18,1,没涨停→尾盘卖,平淡期
2023-08-11,000705,浙江震元,F51批发业,9.09670608,2023-08-14,9.19,0.82,1,没涨停→尾盘卖,恐慌期
2023-08-11,600622,光大嘉宝,K70房地产业,3.54,2023-08-14,3.47,-2.13,1,没涨停→尾盘卖,恐慌期
2023-08-15,600829,人民同泰,F51批发业,8.12212485,2023-08-16,8.66,6.45,1,没涨停→尾盘卖,平淡期
2023-08-16,000514,渝开发,K70房地产业,5.37789706,2023-08-18,6.03,12.05,2,再涨停→次日早盘卖,平淡期
2023-08-21,603078,江化微,C26化学原料和化学制品制造业,15.80279078,2023-08-22,15.77,-0.34,1,没涨停→尾盘卖,恐慌期
2023-08-21,002279,久其软件,I65软件和信息技术服务业,7.44,2023-08-23,8.93,19.88,2,再涨停→次日早盘卖,恐慌期
2023-08-22,000509,华塑控股,C39计算机、通信和其他电子设备制造业,3.66,2023-08-23,3.76,2.58,1,没涨停→尾盘卖,平淡期
2023-08-22,002123,梦网科技,I65软件和信息技术服务业,15.60504906,2023-08-23,15.29,-2.19,1,没涨停→尾盘卖,平淡期
2023-08-23,603299,苏盐井神,C26化学原料和化学制品制造业,9.83622048,2023-08-24,10.26,4.2,1,没涨停→尾盘卖,恐慌期
2023-08-24,000798,中水渔业,A04渔业,11.72,2023-08-25,11.05,-5.87,1,没涨停→尾盘卖,恐慌期
2023-08-24,600097,开创国际,A04渔业,10.48415437,2023-08-25,10.09,-3.9,1,没涨停→尾盘卖,恐慌期
2023-08-24,600467,好当家,A04渔业,2.77621386,2023-08-25,2.77,-0.5,1,没涨停→尾盘卖,恐慌期
2023-08-28,002314,南山控股,K70房地产业,3.83,2023-08-29,4.07,6.12,1,没涨停→尾盘卖,平淡期
2023-08-29,000011,深物业A,K70房地产业,11.2233537,2023-08-30,11.04,-1.77,1,没涨停→尾盘卖,妖股期
2023-08-29,002073,软控股份,C35专用设备制造业,6.87035856,2023-08-30,6.87,-0.15,1,没涨停→尾盘卖,妖股期
2023-08-29,002483,润邦股份,C34通用设备制造业,5.14718955,2023-08-30,5.08,-1.39,1,没涨停→尾盘卖,妖股期
2023-08-30,002362,汉王科技,C39计算机、通信和其他电子设备制造业,24.26,2023-08-31,24.3,0.01,1,没涨停→尾盘卖,恐慌期
2023-08-30,600877,电科芯片,C39计算机、通信和其他电子设备制造业,13.67,2023-08-31,13.49,-1.47,1,没涨停→尾盘卖,恐慌期
2023-08-31,000536,华映科技,C39计算机、通信和其他电子设备制造业,2.08,2023-09-01,1.98,-4.96,1,没涨停→尾盘卖,平淡期
2023-08-31,603931,格林达,C26化学原料和化学制品制造业,29.20912625,2023-09-01,27.92,-4.57,1,没涨停→尾盘卖,平淡期
2023-09-01,600814,杭州解百,F52零售业,8.17708449,2023-09-04,8.37,2.16,1,没涨停→尾盘卖,平淡期
2023-09-04,000830,鲁西化工,C26化学原料和化学制品制造业,11.07659112,2023-09-05,11.11,0.19,1,没涨停→尾盘卖,妖股期
2023-09-04,000863,三湘印象,K70房地产业,4.0,2023-09-05,3.8,-5.15,1,没涨停→尾盘卖,妖股期
2023-09-04,002285,世联行,K70房地产业,3.14,2023-09-05,2.99,-4.93,1,没涨停→尾盘卖,妖股期
2023-09-05,002217,ST合力泰,C39计算机、通信和其他电子设备制造业,3.29,2023-09-06,3.39,2.89,1,没涨停→尾盘卖,恐慌期
2023-09-06,600360,华微电子,C39计算机、通信和其他电子设备制造业,7.2806756,2023-09-07,7.35,0.8,1,没涨停→尾盘卖,平淡期
2023-09-08,000801,四川九洲,C39计算机、通信和其他电子设备制造业,8.17197056,2023-09-11,8.45,3.22,1,没涨停→尾盘卖,平淡期
2023-09-08,003015,日久光电,C39计算机、通信和其他电子设备制造业,9.85333706,2023-09-11,8.96,-9.25,1,没涨停→尾盘卖,平淡期
2023-09-08,600202,哈空调,C34通用设备制造业,6.38389207,2023-09-11,6.03,-5.77,1,没涨停→尾盘卖,平淡期
2023-09-11,600100,同方股份,C39计算机、通信和其他电子设备制造业,7.53580102,2023-09-12,7.8,3.41,1,没涨停→尾盘卖,平淡期
2023-09-11,600353,旭光电子,C39计算机、通信和其他电子设备制造业,8.54172735,2023-09-12,8.47,-0.96,1,没涨停→尾盘卖,平淡期
2023-09-12,002957,科瑞技术,C35专用设备制造业,17.23434482,2023-09-13,16.5,-4.38,1,没涨停→尾盘卖,平淡期
2023-09-12,600839,四川长虹,C39计算机、通信和其他电子设备制造业,4.48486146,2023-09-13,4.52,0.72,1,没涨停→尾盘卖,平淡期
2023-09-12,603917,合力科技,C35专用设备制造业,20.86038409,2023-09-13,20.17,-3.46,1,没涨停→尾盘卖,平淡期
2023-09-13,603909,建发合诚,E48土木工程建筑业,13.55462151,2023-09-14,13.85,2.06,1,没涨停→尾盘卖,平淡期
2023-09-15,002102,ST能特,C27医药制造业,3.29,2023-09-18,3.21,-2.58,1,没涨停→尾盘卖,平淡期
2023-09-15,002826,易明医药,C27医药制造业,11.53843594,2023-09-18,11.51,-0.41,1,没涨停→尾盘卖,平淡期
2023-09-15,600203,福日电子,C39计算机、通信和其他电子设备制造业,7.13662235,2023-09-19,7.52,5.16,2,再涨停→次日早盘卖,平淡期
2023-09-18,002885,京泉华,C39计算机、通信和其他电子设备制造业,17.3978245,2023-09-19,17.33,-0.55,1,没涨停→尾盘卖,平淡期
2023-09-18,002906,华阳集团,C39计算机、通信和其他电子设备制造业,30.4349115,2023-09-19,30.68,0.67,1,没涨停→尾盘卖,平淡期
2023-09-19,002248,华东数控,C34通用设备制造业,10.26,2023-09-20,9.89,-3.76,1,没涨停→尾盘卖,平淡期
2023-09-19,002685,华东重机,C34通用设备制造业,3.94,2023-09-20,4.2,6.45,1,没涨停→尾盘卖,平淡期
2023-09-19,603666,亿嘉和,C34通用设备制造业,33.12,2023-09-20,34.04,2.63,1,没涨停→尾盘卖,平淡期
2023-09-20,002552,宝鼎科技,C39计算机、通信和其他电子设备制造业,17.81759808,2023-09-21,17.58,-1.47,1,没涨停→尾盘卖,平淡期
2023-09-21,002369,卓翼科技,C39计算机、通信和其他电子设备制造业,5.51,2023-09-22,5.52,0.03,1,没涨停→尾盘卖,平淡期
2023-09-22,000586,汇源通信,C38电气机械和器材制造业,15.4,2023-09-25,15.2,-1.45,1,没涨停→尾盘卖,平淡期
2023-09-22,002953,日丰股份,C38电气机械和器材制造业,9.28358982,2023-09-25,9.41,1.22,1,没涨停→尾盘卖,平淡期
2023-09-22,603083,剑桥科技,C39计算机、通信和其他电子设备制造业,47.5423767,2023-09-26,53.57,12.53,2,再涨停→次日早盘卖,平淡期
2023-09-26,002122,ST汇洲,C34通用设备制造业,3.37,2023-09-27,3.58,6.08,1,没涨停→尾盘卖,平淡期
2023-09-26,600243,*ST海华,C34通用设备制造业,5.2,2023-09-27,5.33,2.35,1,没涨停→尾盘卖,平淡期
2023-09-26,600545,卓郎智能,C35专用设备制造业,2.81,2023-09-28,3.4,20.85,2,再涨停→次日早盘卖,平淡期
2023-09-27,002617,露笑科技,C38电气机械和器材制造业,6.97,2023-09-28,6.91,-1.01,1,没涨停→尾盘卖,平淡期
2023-09-27,002805,丰元股份,C39计算机、通信和其他电子设备制造业,16.97,2023-09-28,16.81,-1.09,1,没涨停→尾盘卖,平淡期
2023-09-28,000727,冠捷科技,C39计算机、通信和其他电子设备制造业,2.56,2023-10-09,2.68,4.54,1,没涨停→尾盘卖,平淡期
2023-09-28,002388,新亚制程,C39计算机、通信和其他电子设备制造业,6.25,2023-10-09,6.38,1.93,1,没涨停→尾盘卖,平淡期
2023-09-28,002456,欧菲光,C39计算机、通信和其他电子设备制造业,6.4,2023-10-10,7.74,20.79,2,再涨停→次日早盘卖,平淡期
2023-10-09,002536,飞龙股份,C36汽车制造业,13.03084608,2023-10-10,13.46,3.15,1,没涨停→尾盘卖,平淡期
2023-10-09,600418,江淮汽车,C36汽车制造业,14.40632984,2023-10-10,14.64,1.44,1,没涨停→尾盘卖,平淡期
2023-10-10,002869,金溢科技,C39计算机、通信和其他电子设备制造业,18.81520839,2023-10-11,18.34,-2.67,1,没涨停→尾盘卖,平淡期
2023-10-10,002947,恒铭达,C39计算机、通信和其他电子设备制造业,20.58689052,2023-10-12,21.43,3.96,2,再涨停→次日早盘卖,平淡期
2023-10-11,000066,中国长城,C39计算机、通信和其他电子设备制造业,11.83,2023-10-12,12.1,2.13,1,没涨停→尾盘卖,平淡期
2023-10-11,002782,可立克,C39计算机、通信和其他电子设备制造业,13.79269541,2023-10-12,13.15,-4.81,1,没涨停→尾盘卖,平淡期
2023-10-12,002738,中矿资源,C32有色金属冶炼和压延加工业,37.65484866,2023-10-13,37.2,-1.36,1,没涨停→尾盘卖,平淡期
2023-10-12,002756,永兴材料,C32有色金属冶炼和压延加工业,46.00820664,2023-10-13,45.1,-2.12,1,没涨停→尾盘卖,平淡期
2023-10-12,002176,江特电机,C32有色金属冶炼和压延加工业,9.99,2023-10-16,10.73,7.26,2,再涨停→次日早盘卖,平淡期
2023-10-13,002099,海翔药业,C27医药制造业,9.63,2023-10-16,9.9,2.65,1,没涨停→尾盘卖,平淡期
2023-10-13,002317,众生药业,C27医药制造业,19.28607495,2023-10-16,19.28,-0.2,1,没涨停→尾盘卖,平淡期
2023-10-16,002420,毅昌科技,C29橡胶和塑料制品业,6.61,2023-10-17,6.38,-3.63,1,没涨停→尾盘卖,妖股期
2023-10-16,600733,北汽蓝谷,C36汽车制造业,6.15,2023-10-17,6.21,0.83,1,没涨停→尾盘卖,妖股期
2023-10-16,002657,中科金财,I65软件和信息技术服务业,16.08,2023-10-18,17.0,5.57,2,再涨停→次日早盘卖,妖股期
2023-10-18,600410,华胜天成,I65软件和信息技术服务业,7.3875828,2023-10-19,7.25,-2.04,1,没涨停→尾盘卖,平淡期
2023-10-18,600960,渤海汽车,C36汽车制造业,4.3,2023-10-19,4.14,-3.87,1,没涨停→尾盘卖,平淡期
2023-10-18,601028,玉龙股份,,11.04734786,2023-10-19,11.11,0.39,1,没涨停→尾盘卖,平淡期
2023-10-19,002383,合众思壮,C39计算机、通信和其他电子设备制造业,8.04,2023-10-20,8.22,2.09,1,没涨停→尾盘卖,恐慌期
2023-10-19,603009,北特科技,C36汽车制造业,9.08794744,2023-10-20,8.63,-5.17,1,没涨停→尾盘卖,恐慌期
2023-10-19,603893,瑞芯微,C39计算机、通信和其他电子设备制造业,67.8495953,2023-10-20,65.6,-3.47,1,没涨停→尾盘卖,恐慌期
2023-10-20,002490,山东墨龙,C35专用设备制造业,4.72,2023-10-23,4.59,-2.9,1,没涨停→尾盘卖,平淡期
2023-10-20,002931,锋龙股份,C35专用设备制造业,12.43303126,2023-10-23,13.1,5.24,1,没涨停→尾盘卖,平淡期
2023-10-20,600503,华丽家族,K70房地产业,2.75,2023-10-23,2.73,-0.88,1,没涨停→尾盘卖,平淡期
2023-10-23,002977,*ST天箭,C39计算机、通信和其他电子设备制造业,35.70446662,2023-10-24,35.83,0.21,1,没涨停→尾盘卖,平淡期
2023-10-23,003026,中晶科技,C39计算机、通信和其他电子设备制造业,20.66137054,2023-10-24,20.29,-1.96,1,没涨停→尾盘卖,平淡期
2023-10-23,600006,东风股份,C36汽车制造业,6.2127936,2023-10-24,6.14,-1.27,1,没涨停→尾盘卖,平淡期
2023-10-24,002783,凯龙股份,C26化学原料和化学制品制造业,8.81325032,2023-10-25,8.95,1.38,1,没涨停→尾盘卖,妖股期
2023-10-24,002895,川恒股份,C26化学原料和化学制品制造业,15.320178,2023-10-25,15.71,2.41,1,没涨停→尾盘卖,妖股期
2023-10-24,002971,和远气体,C26化学原料和化学制品制造业,17.78091894,2023-10-25,18.24,2.41,1,没涨停→尾盘卖,妖股期
2023-10-25,002707,众信旅游,L72商务服务业,6.92,2023-10-26,6.7,-3.33,1,没涨停→尾盘卖,妖股期
2023-10-25,601789,宁波建工,E48土木工程建筑业,4.18270854,2023-10-26,4.2,0.3,1,没涨停→尾盘卖,妖股期
2023-10-25,603003,退市龙宇,,11.08933302,2023-10-26,10.37,-6.65,1,没涨停→尾盘卖,妖股期
2023-10-26,000555,神州信息,I65软件和信息技术服务业,12.42826291,2023-10-27,12.21,-1.91,1,没涨停→尾盘卖,平淡期
2023-10-26,002253,川大智胜,I65软件和信息技术服务业,15.73,2023-10-27,15.57,-1.17,1,没涨停→尾盘卖,平淡期
2023-10-26,002580,圣阳股份,C38电气机械和器材制造业,8.70402239,2023-10-30,10.44,19.78,2,再涨停→次日早盘卖,平淡期
2023-10-27,000818,航锦科技,C26化学原料和化学制品制造业,35.7080822,2023-10-30,36.93,3.26,1,没涨停→尾盘卖,妖股期
2023-10-27,000868,安凯客车,C36汽车制造业,5.98,2023-10-30,6.0,0.18,1,没涨停→尾盘卖,妖股期
2023-10-30,002436,兴森科技,C39计算机、通信和其他电子设备制造业,14.72620688,2023-10-31,14.65,-0.76,1,再涨停→次日早盘卖,平淡期
2023-10-30,002519,银河电子,C39计算机、通信和其他电子设备制造业,5.79721356,2023-10-31,5.69,-2.01,1,没涨停→尾盘卖,平淡期
2023-10-30,002755,奥赛康,C27医药制造业,10.04894746,2023-10-31,10.32,2.59,1,没涨停→尾盘卖,平淡期
2023-10-31,600641,先导基电,K70房地产业,17.9555439,2023-11-01,17.12,-4.79,1,没涨停→尾盘卖,平淡期
2023-11-01,603803,瑞斯康达,C39计算机、通信和其他电子设备制造业,8.77,2023-11-02,8.54,-2.77,1,没涨停→尾盘卖,平淡期
2023-11-01,603390,通达电气,C39计算机、通信和其他电子设备制造业,9.2172345,2023-11-03,11.15,20.87,2,再涨停→次日早盘卖,平淡期
2023-11-03,002119,康强电子,C39计算机、通信和其他电子设备制造业,13.87619812,2023-11-06,14.65,5.44,1,没涨停→尾盘卖,平淡期
2023-11-03,002151,北斗星通,C39计算机、通信和其他电子设备制造业,38.09534907,2023-11-06,36.68,-3.86,1,没涨停→尾盘卖,平淡期
2023-11-03,002845,同兴达,C39计算机、通信和其他电子设备制造业,18.82081152,2023-11-06,19.11,1.37,1,没涨停→尾盘卖,平淡期
2023-11-06,000070,特发信息,C39计算机、通信和其他电子设备制造业,9.21,2023-11-07,9.33,1.15,1,没涨停→尾盘卖,妖股期
2023-11-06,000892,欢瑞世纪,R87广播、电视、电影和录音制作业,4.24,2023-11-07,4.13,-2.74,1,没涨停→尾盘卖,妖股期
2023-11-06,002291,遥望科技,I64互联网和相关服务,9.81,2023-11-07,10.08,2.6,1,没涨停→尾盘卖,妖股期
2023-11-07,002055,ST得润,C39计算机、通信和其他电子设备制造业,10.76,2023-11-08,10.46,-2.94,1,没涨停→尾盘卖,平淡期
2023-11-07,000056,*ST皇庭,L72商务服务业,3.4,2023-11-09,4.11,20.73,2,再涨停→次日早盘卖,平淡期
2023-11-07,002712,思美传媒,L72商务服务业,6.9,2023-11-09,7.21,4.34,2,再涨停→次日早盘卖,平淡期
2023-11-10,002263,大东南,C29橡胶和塑料制品业,2.83,2023-11-13,2.78,-1.92,1,没涨停→尾盘卖,平淡期
2023-11-10,002824,和胜股份,C36汽车制造业,18.9585308,2023-11-13,20.43,7.61,1,没涨停→尾盘卖,平淡期
2023-11-10,000572,海马汽车,C36汽车制造业,4.91,2023-11-14,5.34,8.61,2,再涨停→次日早盘卖,平淡期
2023-11-13,002593,日上集团,C36汽车制造业,4.30472064,2023-11-14,4.15,-3.74,1,没涨停→尾盘卖,平淡期
2023-11-13,603926,铁流股份,C36汽车制造业,11.70357132,2023-11-14,11.26,-3.98,1,没涨停→尾盘卖,平淡期
2023-11-14,003029,吉大正元,I65软件和信息技术服务业,23.84,2023-11-15,23.75,-0.53,1,没涨停→尾盘卖,平淡期
2023-11-14,600817,宇通重工,C35专用设备制造业,8.8274736,2023-11-15,9.34,5.68,1,没涨停→尾盘卖,平淡期
2023-11-14,002881,美格智能,C39计算机、通信和其他电子设备制造业,29.52158763,2023-11-16,31.21,5.58,2,再涨停→次日早盘卖,平淡期
2023-11-15,002141,贤丰控股,C38电气机械和器材制造业,3.41,2023-11-16,3.41,-0.15,1,没涨停→尾盘卖,平淡期
2023-11-15,002150,正泰电源,C38电气机械和器材制造业,15.16620872,2023-11-16,14.69,-3.26,1,没涨停→尾盘卖,平淡期
2023-11-17,002741,光华科技,C39计算机、通信和其他电子设备制造业,16.63691046,2023-11-20,16.45,-1.29,1,没涨停→尾盘卖,平淡期
2023-11-17,002813,路畅科技,C39计算机、通信和其他电子设备制造业,37.94,2023-11-20,38.05,0.14,1,没涨停→尾盘卖,平淡期
2023-11-17,002983,芯瑞达,C39计算机、通信和其他电子设备制造业,25.817616,2023-11-20,26.65,3.09,1,没涨停→尾盘卖,平淡期
2023-11-20,002470,金正大,C26化学原料和化学制品制造业,1.88,2023-11-21,1.88,-0.15,1,没涨停→尾盘卖,妖股期
2023-11-20,002520,日发精机,C34通用设备制造业,6.71,2023-11-21,6.91,2.83,1,没涨停→尾盘卖,妖股期
2023-11-20,600152,维科技术,C38电气机械和器材制造业,8.59,2023-11-21,8.8,2.29,1,没涨停→尾盘卖,妖股期
2023-11-21,600113,浙江东日,L72商务服务业,8.59436305,2023-11-22,9.03,4.91,1,没涨停→尾盘卖,妖股期
2023-11-21,603992,松霖科技,C29橡胶和塑料制品业,17.86103828,2023-11-22,17.19,-3.93,1,没涨停→尾盘卖,妖股期
2023-11-21,000006,深振业A,K70房地产业,4.96,2023-11-23,5.3,6.7,2,再涨停→次日早盘卖,妖股期
2023-11-22,002183,怡亚通,L72商务服务业,4.91170368,2023-11-23,4.84,-1.57,1,没涨停→尾盘卖,妖股期
2023-11-23,600698,湖南天雁,C36汽车制造业,5.62,2023-11-24,5.55,-1.4,1,没涨停→尾盘卖,平淡期
2023-11-23,603029,天鹅股份,C35专用设备制造业,22.05396204,2023-11-24,21.49,-2.7,1,没涨停→尾盘卖,平淡期
2023-11-23,600513,联环药业,C27医药制造业,11.5368239,2023-11-27,13.96,20.86,2,再涨停→次日早盘卖,平淡期
2023-11-24,600148,长春一东,C36汽车制造业,20.1977083,2023-11-27,19.48,-3.7,1,没涨停→尾盘卖,平淡期
2023-11-24,600789,鲁抗医药,C27医药制造业,7.94552306,2023-11-27,8.06,1.31,1,没涨停→尾盘卖,平淡期
2023-11-27,002979,雷赛智能,C40仪器仪表制造业,20.21559947,2023-11-28,21.04,3.93,1,没涨停→尾盘卖,平淡期
2023-11-27,603011,合锻智能,C34通用设备制造业,7.84,2023-11-28,7.95,1.25,1,没涨停→尾盘卖,平淡期
2023-11-27,000903,ST云动,C34通用设备制造业,2.9,2023-11-29,3.51,20.88,2,再涨停→次日早盘卖,平淡期
2023-11-28,002806,华锋股份,C39计算机、通信和其他电子设备制造业,13.89,2023-11-29,13.65,-1.88,1,没涨停→尾盘卖,平淡期
2023-11-28,002870,香山股份,C36汽车制造业,38.3527062,2023-11-29,37.43,-2.55,1,没涨停→尾盘卖,平淡期
2023-11-29,000576,甘化科工,C39计算机、通信和其他电子设备制造业,10.76,2023-11-30,10.24,-4.98,1,没涨停→尾盘卖,恐慌期
2023-11-30,601798,蓝科高新,C35专用设备制造业,8.14,2023-12-01,7.71,-5.43,1,没涨停→尾盘卖,平淡期
2023-11-30,605018,长华集团,C36汽车制造业,12.89053308,2023-12-01,12.42,-3.79,1,没涨停→尾盘卖,平淡期
2023-12-01,000151,中成股份,F51批发业,12.65,2023-12-04,12.85,1.43,1,没涨停→尾盘卖,妖股期
2023-12-01,002174,游族网络,I64互联网和相关服务,12.5577136,2023-12-04,13.26,5.47,1,没涨停→尾盘卖,妖股期
2023-12-01,002575,群兴玩具,F51批发业,6.77,2023-12-04,6.61,-2.51,1,没涨停→尾盘卖,妖股期
2023-12-04,000626,远大控股,F51批发业,8.06,2023-12-05,7.79,-3.5,1,没涨停→尾盘卖,妖股期
2023-12-04,002189,中光学,C39计算机、通信和其他电子设备制造业,22.22,2023-12-05,20.89,-6.14,1,没涨停→尾盘卖,妖股期
2023-12-04,002199,东晶电子,C39计算机、通信和其他电子设备制造业,9.82,2023-12-05,9.65,-1.88,1,没涨停→尾盘卖,妖股期
2023-12-05,603696,安记食品,C14食品制造业,11.17161342,2023-12-06,10.51,-6.1,1,没涨停→尾盘卖,平淡期
2023-12-06,002955,鸿合科技,C39计算机、通信和其他电子设备制造业,29.19568338,2023-12-07,29.97,2.51,1,没涨停→尾盘卖,平淡期
2023-12-06,600375,汉马科技,C36汽车制造业,6.42781476,2023-12-07,6.22,-3.37,1,没涨停→尾盘卖,平淡期
2023-12-07,603660,苏州科达,C39计算机、通信和其他电子设备制造业,7.3,2023-12-11,8.83,20.81,2,再涨停→次日早盘卖,平淡期
2023-12-08,002878,元隆雅图,L72商务服务业,20.44608696,2023-12-11,20.25,-1.12,1,没涨停→尾盘卖,平淡期
2023-12-08,002913,奥士康,C39计算机、通信和其他电子设备制造业,31.07394472,2023-12-11,31.84,2.33,1,没涨停→尾盘卖,平淡期
2023-12-11,601019,山东出版,R86新闻和出版业,8.99566191,2023-12-12,9.14,1.44,1,没涨停→尾盘卖,平淡期
2023-12-11,600712,南宁百货,F52零售业,4.9,2023-12-13,5.93,20.87,2,再涨停→次日早盘卖,平淡期
2023-12-12,002587,奥拓电子,C39计算机、通信和其他电子设备制造业,7.442376,2023-12-13,7.2,-3.44,1,没涨停→尾盘卖,平淡期
2023-12-12,002362,汉王科技,C39计算机、通信和其他电子设备制造业,26.94,2023-12-14,28.91,7.16,2,再涨停→次日早盘卖,平淡期
2023-12-13,000722,湖南发展,D44电力、热力生产和供应业,10.61845225,2023-12-14,10.59,-0.43,1,没涨停→尾盘卖,平淡期
2023-12-13,000919,金陵药业,C27医药制造业,8.80261407,2023-12-14,8.79,-0.26,1,没涨停→尾盘卖,平淡期
2023-12-14,600180,*ST瑞茂,F51批发业,6.64270192,2023-12-15,6.41,-3.64,1,没涨停→尾盘卖,平淡期
2023-12-14,600336,澳柯玛,C38电气机械和器材制造业,6.12483256,2023-12-15,5.91,-3.72,1,没涨停→尾盘卖,平淡期
2023-12-14,600149,廊坊发展,D44电力、热力生产和供应业,6.2,2023-12-18,7.25,16.79,2,再涨停→次日早盘卖,平淡期
2023-12-15,002127,南极电商,L72商务服务业,3.67337368,2023-12-18,3.76,2.16,1,没涨停→尾盘卖,妖股期
2023-12-15,603693,江苏新能,D44电力、热力生产和供应业,11.8068418,2023-12-18,11.27,-4.73,1,没涨停→尾盘卖,妖股期
2023-12-20,000810,创维数字,C39计算机、通信和其他电子设备制造业,14.041792,2023-12-21,13.89,-1.25,1,没涨停→尾盘卖,平淡期
2023-12-20,603722,阿科力,C26化学原料和化学制品制造业,46.20096584,2023-12-21,45.68,-1.27,1,没涨停→尾盘卖,平淡期
2023-12-21,002613,北玻股份,C35专用设备制造业,4.73967612,2023-12-22,4.64,-2.21,1,没涨停→尾盘卖,平淡期
2023-12-21,605117,德业股份,C38电气机械和器材制造业,22.291369,2023-12-22,24.39,9.27,1,没涨停→尾盘卖,平淡期
2023-12-21,603628,清源股份,C38电气机械和器材制造业,11.63005215,2023-12-25,13.25,13.77,2,再涨停→次日早盘卖,平淡期
2023-12-22,003028,振邦智能,C39计算机、通信和其他电子设备制造业,31.35004296,2023-12-25,32.73,4.26,1,没涨停→尾盘卖,恐慌期
2023-12-25,002635,安洁科技,C39计算机、通信和其他电子设备制造业,15.46393695,2023-12-26,15.36,-0.83,1,没涨停→尾盘卖,恐慌期
2023-12-25,603949,雪龙集团,C36汽车制造业,19.1632518,2023-12-26,18.7,-2.56,1,没涨停→尾盘卖,恐慌期
2023-12-26,000422,湖北宜化,C26化学原料和化学制品制造业,9.29213124,2023-12-27,9.91,6.54,1,没涨停→尾盘卖,平淡期
2023-12-26,002442,龙星科技,C26化学原料和化学制品制造业,6.38067588,2023-12-27,5.84,-8.68,1,没涨停→尾盘卖,平淡期
2023-12-26,002632,道明光学,C26化学原料和化学制品制造业,7.78375978,2023-12-27,7.86,0.78,1,没涨停→尾盘卖,平淡期
2023-12-27,603530,神马电力,C38电气机械和器材制造业,16.54471066,2023-12-29,20.02,20.85,2,再涨停→次日早盘卖,平淡期
2023-12-28,002709,天赐材料,C39计算机、通信和其他电子设备制造业,24.16380936,2023-12-29,24.35,0.61,1,没涨停→尾盘卖,妖股期
2023-12-28,002529,海源复材,C34通用设备制造业,11.53,2024-01-02,12.85,11.3,2,再涨停→次日早盘卖,妖股期
2023-12-29,000016,*ST康佳A,C39计算机、通信和其他电子设备制造业,4.17,2024-01-02,4.03,-3.51,1,没涨停→尾盘卖,平淡期
2023-12-29,000595,新能股份,C34通用设备制造业,5.18,2024-01-03,6.27,20.89,2,再涨停→次日早盘卖,平淡期
2024-01-02,000678,襄阳轴承,C36汽车制造业,7.12,2024-01-03,6.96,-2.4,1,没涨停→尾盘卖,妖股期
2024-01-02,000698,ST沈化,C26化学原料和化学制品制造业,4.64,2024-01-04,5.15,10.84,2,再涨停→次日早盘卖,妖股期
2024-01-04,002432,九安医疗,C35专用设备制造业,41.0337495,2024-01-05,42.13,2.52,1,没涨停→尾盘卖,平淡期
2024-01-04,002758,浙农股份,F51批发业,10.29434005,2024-01-05,9.79,-5.04,1,没涨停→尾盘卖,平淡期
2024-01-08,603977,国泰集团,C26化学原料和化学制品制造业,10.666414,2024-01-09,10.5,-1.7,1,没涨停→尾盘卖,恐慌期
2024-01-09,002611,东方精工,C35专用设备制造业,5.12958356,2024-01-10,5.01,-2.43,1,没涨停→尾盘卖,平淡期
2024-01-09,603095,越剑智能,C35专用设备制造业,12.00307032,2024-01-10,11.45,-4.78,1,没涨停→尾盘卖,平淡期
2024-01-09,603199,九华旅游,N78公共设施管理业,27.75216952,2024-01-10,26.86,-3.36,1,没涨停→尾盘卖,平淡期
2024-01-10,002326,永太科技,C26化学原料和化学制品制造业,11.5,2024-01-11,11.78,2.28,1,没涨停→尾盘卖,平淡期
2024-01-10,002665,ST航高,,2.72,2024-01-11,2.76,1.32,1,没涨停→尾盘卖,平淡期
2024-01-10,000982,中银绒业,,1.56,2024-01-12,1.73,10.75,2,再涨停→次日早盘卖,平淡期
2024-01-11,002250,联化科技,C26化学原料和化学制品制造业,7.24244387,2024-01-12,7.26,0.12,1,没涨停→尾盘卖,妖股期
2024-01-11,600220,ST阳光,,2.2,2024-01-12,2.13,-3.33,1,没涨停→尾盘卖,妖股期
2024-01-12,002606,大连电瓷,C38电气机械和器材制造业,8.56187643,2024-01-15,8.5,-0.84,1,没涨停→尾盘卖,平淡期
2024-01-12,603109,神驰机电,C38电气机械和器材制造业,17.09440821,2024-01-15,17.39,1.58,1,没涨停→尾盘卖,平淡期
2024-01-15,603192,汇得科技,C26化学原料和化学制品制造业,20.55527026,2024-01-16,20.89,1.48,1,没涨停→尾盘卖,平淡期
2024-01-16,605366,宏柏新材,C26化学原料和化学制品制造业,8.88141615,2024-01-18,9.23,3.76,2,再涨停→次日早盘卖,平淡期
2024-01-16,605399,晨光新材,C26化学原料和化学制品制造业,13.70700856,2024-01-18,15.74,14.71,2,再涨停→次日早盘卖,平淡期
2024-01-17,002731,*ST萃华,C24文教、工美、体育和娱乐用品制造业,12.55827825,2024-01-18,11.91,-5.33,1,没涨停→尾盘卖,平淡期
2024-01-19,600935,华塑股份,C26化学原料和化学制品制造业,3.42,2024-01-22,3.57,4.24,1,没涨停→尾盘卖,恐慌期
2024-01-23,603983,丸美生物,C26化学原料和化学制品制造业,29.35105443,2024-01-24,28.81,-1.99,1,没涨停→尾盘卖,恐慌期
2024-01-23,600446,金证股份,I65软件和信息技术服务业,10.34486463,2024-01-25,11.42,10.22,2,再涨停→次日早盘卖,恐慌期
2024-01-24,600390,五矿资本,J69其他金融业,4.66766696,2024-01-25,4.89,4.6,1,没涨停→尾盘卖,妖股期
2024-01-24,600638,新黄浦,K70房地产业,5.13714075,2024-01-26,6.12,18.9,2,再涨停→次日早盘卖,妖股期
2024-01-25,002051,中工国际,E48土木工程建筑业,7.74006695,2024-01-26,7.9,1.96,1,没涨停→尾盘卖,妖股期
2024-01-25,002214,大立科技,C39计算机、通信和其他电子设备制造业,10.80504845,2024-01-26,10.99,1.6,1,没涨停→尾盘卖,妖股期
2024-01-26,000014,沙河股份,K70房地产业,12.96972534,2024-01-29,12.79,-1.51,1,没涨停→尾盘卖,妖股期
2024-01-26,000886,海南高速,G54道路运输业,4.64226549,2024-01-29,4.32,-7.16,1,没涨停→尾盘卖,妖股期
2024-01-26,600657,信达地产,K70房地产业,3.98,2024-01-29,3.83,-3.92,1,没涨停→尾盘卖,妖股期
2024-01-31,600551,时代出版,R86新闻和出版业,6.6290812,2024-02-01,6.21,-6.49,1,没涨停→尾盘卖,恐慌期
2024-01-31,603126,中材节能,M74专业技术服务业,7.44105096,2024-02-02,7.86,5.54,2,再涨停→次日早盘卖,恐慌期
2024-02-05,601038,一拖股份,C35专用设备制造业,12.89389056,2024-02-06,12.82,-0.73,1,没涨停→尾盘卖,恐慌期
2024-02-05,603638,艾迪精密,C35专用设备制造业,14.6130649,2024-02-06,15.17,3.66,1,没涨停→尾盘卖,恐慌期
2024-02-06,000066,中国长城,C39计算机、通信和其他电子设备制造业,8.27,2024-02-07,8.97,8.31,1,没涨停→尾盘卖,恐慌期
2024-02-06,000553,安道麦A,C26化学原料和化学制品制造业,5.82,2024-02-07,6.38,9.47,1,没涨停→尾盘卖,恐慌期
2024-02-06,000547,航天发展,C39计算机、通信和其他电子设备制造业,6.12,2024-02-08,6.84,11.61,2,再涨停→次日早盘卖,恐慌期
2024-02-07,000050,深天马A,C39计算机、通信和其他电子设备制造业,8.76,2024-02-08,9.18,4.64,1,没涨停→尾盘卖,恐慌期
2024-02-07,000818,航锦科技,C26化学原料和化学制品制造业,23.5924836,2024-02-19,28.14,19.14,2,再涨停→次日早盘卖,恐慌期
2024-02-08,000153,丰原药业,C27医药制造业,4.6374972,2024-02-19,4.81,3.64,1,没涨停→尾盘卖,妖股期
2024-02-08,000159,国际实业,F51批发业,4.17495371,2024-02-19,4.38,4.86,1,没涨停→尾盘卖,妖股期
2024-02-19,000056,*ST皇庭,L72商务服务业,2.09,2024-02-20,2.16,3.2,1,没涨停→尾盘卖,主线期
2024-02-19,000548,湖南投资,G54道路运输业,4.0435164,2024-02-20,3.93,-3.01,1,没涨停→尾盘卖,主线期
2024-02-19,000586,汇源通信,C38电气机械和器材制造业,7.44,2024-02-20,7.68,3.08,1,没涨停→尾盘卖,主线期
2024-02-20,002194,武汉凡谷,C39计算机、通信和其他电子设备制造业,8.35872624,2024-02-21,8.19,-2.15,1,没涨停→尾盘卖,妖股期
2024-02-20,603000,人民网,I64互联网和相关服务,25.04792112,2024-02-21,23.83,-5.03,1,没涨停→尾盘卖,妖股期
2024-02-20,603728,鸣志电器,C38电气机械和器材制造业,42.97234112,2024-02-21,42.85,-0.43,1,没涨停→尾盘卖,妖股期
2024-02-21,000572,海马汽车,C36汽车制造业,3.72,2024-02-22,3.7,-0.69,1,没涨停→尾盘卖,妖股期
2024-02-21,000836,ST富通,,1.84,2024-02-22,1.85,0.39,1,没涨停→尾盘卖,妖股期
2024-02-21,002141,贤丰控股,C38电气机械和器材制造业,1.76,2024-02-22,1.86,5.53,1,没涨停→尾盘卖,妖股期
2024-02-22,000509,华塑控股,C39计算机、通信和其他电子设备制造业,3.14,2024-02-23,3.24,3.03,1,没涨停→尾盘卖,主线期
2024-02-22,002253,川大智胜,I65软件和信息技术服务业,10.34,2024-02-23,11.02,6.43,1,没涨停→尾盘卖,主线期
2024-02-22,002916,深南电路,C39计算机、通信和其他电子设备制造业,46.69918207,2024-02-23,48.65,4.02,1,没涨停→尾盘卖,主线期
2024-02-23,000545,金浦钛业,C26化学原料和化学制品制造业,2.26,2024-02-26,2.32,2.5,1,没涨停→尾盘卖,妖股期
2024-02-23,002288,*ST超华,,2.96,2024-02-26,2.98,0.53,1,没涨停→尾盘卖,妖股期
2024-02-23,002336,人乐退,,9.19,2024-02-27,10.12,9.97,2,再涨停→次日早盘卖,妖股期
2024-02-26,000410,沈阳机床,C34通用设备制造业,7.19,2024-02-27,7.2,-0.01,1,没涨停→尾盘卖,主线期
2024-02-26,002026,山东威达,C38电气机械和器材制造业,7.86883188,2024-02-27,7.88,-0.03,1,没涨停→尾盘卖,主线期
2024-02-27,000733,振华科技,C39计算机、通信和其他电子设备制造业,52.03515837,2024-02-28,51.07,-2.0,1,没涨停→尾盘卖,主线期
2024-02-27,000980,众泰汽车,C36汽车制造业,2.73,2024-02-28,2.61,-4.55,1,没涨停→尾盘卖,主线期
2024-02-27,002406,远东传动,C36汽车制造业,5.75055558,2024-02-28,5.39,-6.37,1,没涨停→尾盘卖,主线期
2024-02-28,600127,金健米业,C13农副食品加工业,6.91,2024-02-29,7.18,3.76,1,没涨停→尾盘卖,恐慌期
2024-02-29,000801,四川九洲,C39计算机、通信和其他电子设备制造业,9.26222144,2024-03-01,9.8,5.68,1,没涨停→尾盘卖,主线期
2024-02-29,002338,奥普光电,C40仪器仪表制造业,28.54270992,2024-03-01,30.2,5.65,1,没涨停→尾盘卖,主线期
2024-02-29,002180,奔图科技,C39计算机、通信和其他电子设备制造业,23.43,2024-03-04,26.4,12.53,2,再涨停→次日早盘卖,主线期
2024-03-01,002227,*ST特迅,C38电气机械和器材制造业,9.55,2024-03-04,9.96,4.14,1,再涨停→次日早盘卖,平淡期
2024-03-01,002369,卓翼科技,C39计算机、通信和其他电子设备制造业,4.58,2024-03-05,5.13,11.86,2,再涨停→次日早盘卖,平淡期
2024-03-04,002156,通富微电,C39计算机、通信和其他电子设备制造业,25.0976614,2024-03-05,24.88,-1.02,1,没涨停→尾盘卖,主线期
2024-03-04,600839,四川长虹,C39计算机、通信和其他电子设备制造业,5.64760332,2024-03-05,5.5,-2.75,1,没涨停→尾盘卖,主线期
2024-03-06,002476,新叶股份,C26化学原料和化学制品制造业,5.0554128,2024-03-07,5.03,-0.74,1,没涨停→尾盘卖,妖股期
2024-03-06,002630,*ST华西,C34通用设备制造业,2.45,2024-03-07,2.38,-3.01,1,没涨停→尾盘卖,妖股期
2024-03-06,600458,时代新材,C29橡胶和塑料制品业,9.2872857,2024-03-07,9.03,-2.9,1,没涨停→尾盘卖,妖股期
2024-03-07,000551,创元科技,C35专用设备制造业,7.5266396,2024-03-08,7.49,-0.58,1,没涨停→尾盘卖,妖股期
2024-03-07,002480,新筑股份,C34通用设备制造业,4.2,2024-03-08,4.04,-3.96,1,没涨停→尾盘卖,妖股期
2024-03-07,000008,神州高铁,C37铁路、船舶、航空航天和其他运输设备制造业,2.34,2024-03-11,2.83,20.79,2,再涨停→次日早盘卖,妖股期
2024-03-08,002793,罗欣药业,C27医药制造业,4.52,2024-03-11,4.52,-0.15,1,没涨停→尾盘卖,平淡期
2024-03-08,603283,赛腾股份,C35专用设备制造业,44.1332947,2024-03-11,48.0,8.61,1,没涨停→尾盘卖,平淡期
2024-03-11,000913,钱江摩托,C37铁路、船舶、航空航天和其他运输设备制造业,12.17339214,2024-03-12,12.23,0.35,1,没涨停→尾盘卖,妖股期
2024-03-11,001301,尚太科技,C30非金属矿物制品业,22.5024072,2024-03-12,22.37,-0.76,1,没涨停→尾盘卖,妖股期
2024-03-11,002535,林州重机,C35专用设备制造业,4.84,2024-03-12,4.63,-4.49,1,没涨停→尾盘卖,妖股期
2024-03-12,000517,荣安地产,K70房地产业,2.15415025,2024-03-13,2.06,-4.64,1,没涨停→尾盘卖,妖股期
2024-03-12,000965,天保基建,K70房地产业,2.84320512,2024-03-13,2.89,1.59,1,没涨停→尾盘卖,妖股期
2024-03-12,001215,千味央厨,C14食品制造业,49.39254408,2024-03-13,49.27,-0.39,1,没涨停→尾盘卖,妖股期
2024-03-13,002190,成飞集成,C36汽车制造业,17.807526,2024-03-14,17.15,-3.85,1,没涨停→尾盘卖,妖股期
2024-03-13,002602,世纪华通,I64互联网和相关服务,5.28845733,2024-03-14,5.09,-3.92,1,没涨停→尾盘卖,妖股期
2024-03-13,600536,中国软件,I65软件和信息技术服务业,36.19,2024-03-14,34.28,-5.43,1,没涨停→尾盘卖,妖股期
2024-03-15,000981,山子高科,C36汽车制造业,1.55,2024-03-18,1.56,0.5,1,再涨停→次日早盘卖,妖股期
2024-03-15,002363,隆基机械,C36汽车制造业,7.05443445,2024-03-18,7.12,0.8,1,没涨停→尾盘卖,妖股期
2024-03-15,002470,金正大,C26化学原料和化学制品制造业,1.63,2024-03-18,1.6,-1.99,1,没涨停→尾盘卖,妖股期
2024-03-18,001309,德明利,C39计算机、通信和其他电子设备制造业,60.82597587,2024-03-19,63.16,3.69,1,没涨停→尾盘卖,妖股期
2024-03-18,603013,亚普股份,C36汽车制造业,16.23964606,2024-03-19,16.68,2.55,1,没涨停→尾盘卖,妖股期
2024-03-18,600841,动力新科,C34通用设备制造业,4.76,2024-03-20,5.76,20.86,2,再涨停→次日早盘卖,妖股期
2024-03-19,600152,维科技术,C38电气机械和器材制造业,6.44,2024-03-21,7.4,14.76,2,再涨停→次日早盘卖,妖股期
2024-03-20,603848,好太太,C33金属制品业,14.74829904,2024-03-21,14.26,-3.44,1,没涨停→尾盘卖,妖股期
2024-03-20,605005,合兴股份,C36汽车制造业,17.3791187,2024-03-21,17.11,-1.7,1,没涨停→尾盘卖,妖股期
2024-03-21,001201,东瑞股份,A03畜牧业,21.37,2024-03-22,22.21,3.78,1,没涨停→尾盘卖,妖股期
2024-03-21,002124,天邦食品,A03畜牧业,3.27,2024-03-22,3.46,5.66,1,没涨停→尾盘卖,妖股期
2024-03-21,002361,神剑股份,C26化学原料和化学制品制造业,3.83168132,2024-03-22,3.68,-4.17,1,没涨停→尾盘卖,妖股期
2024-03-22,002119,康强电子,C39计算机、通信和其他电子设备制造业,12.57406205,2024-03-25,11.78,-6.47,1,没涨停→尾盘卖,妖股期
2024-03-22,002388,新亚制程,C39计算机、通信和其他电子设备制造业,5.17,2024-03-25,4.8,-7.31,1,没涨停→尾盘卖,妖股期
2024-03-26,002151,北斗星通,C39计算机、通信和其他电子设备制造业,33.1134201,2024-03-27,29.81,-10.12,1,没涨停→尾盘卖,妖股期
2024-03-26,002953,日丰股份,C38电气机械和器材制造业,8.96217729,2024-03-27,8.52,-5.07,1,没涨停→尾盘卖,妖股期
2024-03-26,603031,安孚科技,C38电气机械和器材制造业,24.1408115,2024-03-28,26.51,9.68,2,再涨停→次日早盘卖,妖股期
2024-03-27,002847,盐津铺子,C14食品制造业,50.05805077,2024-03-28,50.34,0.42,1,没涨停→尾盘卖,妖股期
2024-03-28,002413,雷科防务,C39计算机、通信和其他电子设备制造业,4.68,2024-03-29,4.91,4.76,1,没涨停→尾盘卖,平淡期
2024-04-01,002099,海翔药业,C27医药制造业,6.15,2024-04-02,6.14,-0.48,1,再涨停→次日早盘卖,妖股期
2024-04-01,002581,*ST未名,C27医药制造业,12.74,2024-04-02,13.51,5.89,1,没涨停→尾盘卖,妖股期
2024-04-01,002167,东方锆业,C32有色金属冶炼和压延加工业,6.87,2024-04-03,8.32,20.96,2,再涨停→次日早盘卖,妖股期
2024-04-02,002176,江特电机,C32有色金属冶炼和压延加工业,10.8,2024-04-03,11.29,4.39,1,没涨停→尾盘卖,妖股期
2024-04-02,600389,江山股份,C26化学原料和化学制品制造业,14.1083397,2024-04-03,14.11,-0.15,1,没涨停→尾盘卖,妖股期
2024-04-03,600595,中孚实业,C32有色金属冶炼和压延加工业,3.84799312,2024-04-08,3.81,-1.17,1,没涨停→尾盘卖,平淡期
2024-04-03,600712,南宁百货,F52零售业,4.71,2024-04-08,4.57,-3.12,1,没涨停→尾盘卖,平淡期
2024-04-03,600961,株冶集团,C32有色金属冶炼和压延加工业,12.21,2024-04-08,11.88,-2.85,1,没涨停→尾盘卖,平淡期
2024-04-08,000751,锌业股份,C32有色金属冶炼和压延加工业,3.6449082,2024-04-09,3.58,-2.05,1,没涨停→尾盘卖,妖股期
2024-04-08,000911,*ST广糖,C13农副食品加工业,8.67,2024-04-09,8.06,-7.19,1,没涨停→尾盘卖,妖股期
2024-04-08,002246,北化股份,C26化学原料和化学制品制造业,9.02856512,2024-04-09,8.76,-3.1,1,没涨停→尾盘卖,妖股期
2024-04-09,600067,冠城新材,C38电气机械和器材制造业,2.01617736,2024-04-10,1.91,-5.2,1,没涨停→尾盘卖,妖股期
2024-04-09,603906,龙蟠科技,C39计算机、通信和其他电子设备制造业,10.69,2024-04-10,10.37,-3.14,1,没涨停→尾盘卖,妖股期
2024-04-09,002734,利民股份,C26化学原料和化学制品制造业,6.88395138,2024-04-11,7.57,9.84,2,再涨停→次日早盘卖,妖股期
2024-04-11,600865,百大集团,F52零售业,7.55795102,2024-04-12,7.23,-4.43,1,没涨停→尾盘卖,平淡期
2024-04-11,603306,华懋科技,C36汽车制造业,21.07803016,2024-04-12,20.92,-0.9,1,没涨停→尾盘卖,平淡期
2024-04-11,600815,厦工股份,C35专用设备制造业,2.72,2024-04-15,2.86,5.0,2,再涨停→次日早盘卖,平淡期
2024-04-12,600363,联创光电,C39计算机、通信和其他电子设备制造业,29.98633995,2024-04-15,29.73,-1.01,1,没涨停→尾盘卖,妖股期
2024-04-12,603067,振华股份,C26化学原料和化学制品制造业,7.03898245,2024-04-15,6.75,-4.3,1,没涨停→尾盘卖,妖股期
2024-04-17,002501,*ST利源,C32有色金属冶炼和压延加工业,1.12,2024-04-18,1.14,1.64,1,没涨停→尾盘卖,妖股期
2024-04-17,002664,信质集团,C36汽车制造业,15.9280671,2024-04-18,16.65,4.4,1,没涨停→尾盘卖,妖股期
2024-04-17,002073,软控股份,C35专用设备制造业,8.2984668,2024-04-19,9.46,13.8,2,再涨停→次日早盘卖,妖股期
2024-04-18,002057,中钢天源,C26化学原料和化学制品制造业,7.608078,2024-04-19,7.61,-0.15,1,没涨停→尾盘卖,妖股期
2024-04-18,002635,安洁科技,C39计算机、通信和其他电子设备制造业,14.16332135,2024-04-19,13.64,-3.86,1,没涨停→尾盘卖,妖股期
2024-04-19,000422,湖北宜化,C26化学原料和化学制品制造业,9.43334904,2024-04-22,9.53,0.85,1,没涨停→尾盘卖,平淡期
2024-04-19,002554,惠博普,B11开采专业及辅助性活动,2.85713092,2024-04-22,2.69,-6.07,1,没涨停→尾盘卖,平淡期
2024-04-19,002992,宝明科技,C39计算机、通信和其他电子设备制造业,44.76,2024-04-22,45.02,0.43,1,没涨停→尾盘卖,平淡期
2024-04-22,002651,利君股份,C35专用设备制造业,6.01058108,2024-04-23,5.69,-5.52,1,没涨停→尾盘卖,恐慌期
2024-04-22,600764,中国海防,C39计算机、通信和其他电子设备制造业,22.56983125,2024-04-23,21.51,-4.83,1,没涨停→尾盘卖,恐慌期
2024-04-22,603507,振江股份,C38电气机械和器材制造业,14.74505604,2024-04-23,14.31,-3.1,1,没涨停→尾盘卖,恐慌期
2024-04-23,003020,立方制药,C27医药制造业,14.30299728,2024-04-24,14.09,-1.61,1,没涨停→尾盘卖,平淡期
2024-04-23,600315,上海家化,C26化学原料和化学制品制造业,19.45508268,2024-04-24,19.5,0.1,1,没涨停→尾盘卖,平淡期
2024-04-23,600501,航天晨光,C35专用设备制造业,12.35830986,2024-04-24,12.09,-2.32,1,没涨停→尾盘卖,平淡期
2024-04-25,600470,六国化工,C26化学原料和化学制品制造业,4.72,2024-04-26,4.71,-0.36,1,没涨停→尾盘卖,平淡期
2024-04-25,605183,确成股份,C26化学原料和化学制品制造业,15.78773889,2024-04-26,15.51,-1.93,1,没涨停→尾盘卖,平淡期
2024-04-26,000712,锦龙股份,J67资本市场服务,11.04,2024-04-29,11.36,2.75,1,没涨停→尾盘卖,平淡期
2024-04-26,002426,胜利精密,C39计算机、通信和其他电子设备制造业,1.64,2024-04-29,1.7,3.51,1,没涨停→尾盘卖,平淡期
2024-04-26,000555,神州信息,I65软件和信息技术服务业,12.30866455,2024-04-30,13.62,10.54,2,再涨停→次日早盘卖,平淡期
2024-04-29,000698,ST沈化,C26化学原料和化学制品制造业,3.65,2024-04-30,3.62,-0.97,1,没涨停→尾盘卖,主线期
2024-04-29,000797,中国武夷,K70房地产业,2.6885115,2024-04-30,2.69,-0.15,1,没涨停→尾盘卖,主线期
2024-04-30,603730,岱美股份,C36汽车制造业,6.86936502,2024-05-06,7.0,1.81,1,没涨停→尾盘卖,妖股期
2024-05-06,002367,康力电梯,C34通用设备制造业,6.83371008,2024-05-07,6.59,-3.67,1,没涨停→尾盘卖,主线期
2024-05-06,002810,山东赫达,C26化学原料和化学制品制造业,15.39097179,2024-05-07,15.85,2.83,1,没涨停→尾盘卖,主线期
2024-05-06,002946,新乳业,C14食品制造业,10.31715336,2024-05-07,10.36,0.31,1,没涨停→尾盘卖,主线期
2024-05-07,002263,大东南,C29橡胶和塑料制品业,2.62,2024-05-08,2.54,-3.2,1,没涨停→尾盘卖,平淡期
2024-05-07,603980,吉华集团,C26化学原料和化学制品制造业,4.41447657,2024-05-08,4.42,0.06,1,没涨停→尾盘卖,平淡期
2024-05-07,603222,济民健康,C35专用设备制造业,7.01,2024-05-09,8.48,20.82,2,再涨停→次日早盘卖,平淡期
2024-05-08,600682,南京新百,C27医药制造业,6.38063608,2024-05-10,7.45,16.62,2,再涨停→次日早盘卖,平淡期
2024-05-09,603061,金海通,C35专用设备制造业,48.08869389,2024-05-10,46.55,-3.34,1,没涨停→尾盘卖,平淡期
2024-05-10,600101,明星电力,D44电力、热力生产和供应业,7.55467108,2024-05-14,8.06,6.57,2,再涨停→次日早盘卖,平淡期
2024-05-15,603737,三棵树,C26化学原料和化学制品制造业,23.7685851,2024-05-17,27.08,13.76,2,再涨停→次日早盘卖,平淡期
2024-05-16,002208,合肥城建,K70房地产业,5.4935888,2024-05-20,5.79,5.21,2,再涨停→次日早盘卖,平淡期
2024-05-17,000031,大悦城,K70房地产业,3.05,2024-05-20,2.89,-5.4,1,没涨停→尾盘卖,平淡期
2024-05-17,002383,合众思壮,C39计算机、通信和其他电子设备制造业,6.69,2024-05-20,6.72,0.3,1,再涨停→次日早盘卖,平淡期
2024-05-20,600531,豫光金铅,C32有色金属冶炼和压延加工业,7.3924092,2024-05-21,7.0,-5.45,1,没涨停→尾盘卖,平淡期
2024-05-20,603010,万盛股份,C26化学原料和化学制品制造业,10.93358677,2024-05-21,10.78,-1.51,1,没涨停→尾盘卖,平淡期
2024-05-20,603227,雪峰科技,C26化学原料和化学制品制造业,6.93186767,2024-05-21,6.95,0.12,1,没涨停→尾盘卖,平淡期
2024-05-21,600527,江南高纤,C28化学纤维制造业,1.80934412,2024-05-22,1.73,-4.3,1,没涨停→尾盘卖,平淡期
2024-05-22,002865,钧达股份,C38电气机械和器材制造业,56.03,2024-05-23,55.2,-1.63,1,没涨停→尾盘卖,平淡期
2024-05-22,600537,*ST亿晶,C38电气机械和器材制造业,3.78,2024-05-23,3.71,-2.0,1,没涨停→尾盘卖,平淡期
2024-05-22,002218,拓日新能,C38电气机械和器材制造业,3.58382172,2024-05-24,3.81,6.2,2,再涨停→次日早盘卖,平淡期
2024-05-23,002897,意华股份,C38电气机械和器材制造业,42.3361701,2024-05-27,49.03,15.66,2,再涨停→次日早盘卖,恐慌期
2024-05-24,000722,湖南发展,D44电力、热力生产和供应业,11.3592745,2024-05-27,11.46,0.72,1,没涨停→尾盘卖,平淡期
2024-05-24,600310,广西能源,D44电力、热力生产和供应业,3.70229454,2024-05-28,4.11,10.96,2,再涨停→次日早盘卖,平淡期
2024-05-27,000863,三湘印象,K70房地产业,3.63,2024-05-28,3.69,1.5,1,没涨停→尾盘卖,平淡期
2024-05-27,600268,国电南自,C38电气机械和器材制造业,6.096384,2024-05-28,6.21,1.67,1,没涨停→尾盘卖,平淡期
2024-05-28,000767,晋控电力,D44电力、热力生产和供应业,2.88,2024-05-29,2.88,-0.15,1,再涨停→次日早盘卖,平淡期
2024-06-04,600312,平高电气,C38电气机械和器材制造业,14.97927648,2024-06-05,15.19,1.25,1,没涨停→尾盘卖,平淡期
2024-06-05,002655,共达电声,C39计算机、通信和其他电子设备制造业,11.57467077,2024-06-06,11.66,0.63,1,没涨停→尾盘卖,恐慌期
2024-06-05,600353,旭光电子,C39计算机、通信和其他电子设备制造业,6.7585063,2024-06-06,6.44,-4.81,1,没涨停→尾盘卖,恐慌期
2024-06-05,600435,北方导航,C39计算机、通信和其他电子设备制造业,10.5064449,2024-06-06,9.84,-6.48,1,没涨停→尾盘卖,恐慌期
2024-06-06,605358,立昂微,C39计算机、通信和其他电子设备制造业,23.91211262,2024-06-07,22.62,-5.57,1,没涨停→尾盘卖,恐慌期
2024-06-07,002453,华软科技,C26化学原料和化学制品制造业,4.42,2024-06-11,4.63,4.6,1,再涨停→次日早盘卖,妖股期
2024-06-11,603826,坤彩科技,C26化学原料和化学制品制造业,22.45678875,2024-06-12,23.86,6.1,1,没涨停→尾盘卖,恐慌期
2024-06-12,002031,巨轮智能,C35专用设备制造业,2.44,2024-06-13,2.45,0.26,1,没涨停→尾盘卖,平淡期
2024-06-12,603283,赛腾股份,C35专用设备制造业,44.04681182,2024-06-13,43.25,-1.97,1,没涨停→尾盘卖,平淡期
2024-06-13,600192,长城电工,C38电气机械和器材制造业,4.39,2024-06-17,5.31,20.81,2,再涨停→次日早盘卖,平淡期
2024-06-14,002937,兴瑞科技,C39计算机、通信和其他电子设备制造业,21.98115264,2024-06-17,22.76,3.39,1,没涨停→尾盘卖,平淡期
2024-06-14,600345,长江通信,C39计算机、通信和其他电子设备制造业,18.30380694,2024-06-18,21.75,18.69,2,再涨停→次日早盘卖,平淡期
2024-06-17,000049,德赛电池,C38电气机械和器材制造业,21.99142035,2024-06-18,22.0,-0.11,1,没涨停→尾盘卖,平淡期
2024-06-17,002384,东山精密,C39计算机、通信和其他电子设备制造业,18.58396527,2024-06-18,19.3,3.71,1,没涨停→尾盘卖,平淡期
2024-06-18,000676,智度股份,L72商务服务业,6.37,2024-06-19,6.37,-0.15,1,没涨停→尾盘卖,平淡期
2024-06-18,603803,瑞斯康达,C39计算机、通信和其他电子设备制造业,7.0,2024-06-19,6.96,-0.72,1,没涨停→尾盘卖,平淡期
2024-06-19,603005,晶方科技,C39计算机、通信和其他电子设备制造业,21.41968752,2024-06-20,21.13,-1.5,1,没涨停→尾盘卖,平淡期
2024-06-24,002134,天津普林,C39计算机、通信和其他电子设备制造业,9.44,2024-06-25,8.99,-4.92,1,没涨停→尾盘卖,平淡期
2024-06-25,600579,中化装备,C35专用设备制造业,5.7,2024-06-26,5.79,1.43,1,没涨停→尾盘卖,平淡期
2024-06-25,600684,珠江股份,K70房地产业,2.77,2024-06-26,2.71,-2.32,1,没涨停→尾盘卖,平淡期
2024-06-25,603178,圣龙股份,C36汽车制造业,22.24100658,2024-06-26,21.75,-2.35,1,没涨停→尾盘卖,平淡期
2024-06-26,002510,天汽模,C36汽车制造业,3.79296549,2024-06-27,3.78,-0.41,1,没涨停→尾盘卖,平淡期
2024-06-26,601777,千里科技,C36汽车制造业,3.61,2024-06-27,3.6,-0.43,1,没涨停→尾盘卖,平淡期
2024-06-26,603888,新华网,I64互联网和相关服务,14.7381768,2024-06-27,14.78,0.13,1,没涨停→尾盘卖,平淡期
2024-06-28,002451,摩恩电气,C38电气机械和器材制造业,5.35532916,2024-07-01,5.21,-2.94,1,没涨停→尾盘卖,平淡期
2024-06-28,002452,长高电气,C38电气机械和器材制造业,8.09478468,2024-07-01,8.31,2.51,1,没涨停→尾盘卖,平淡期
2024-06-28,002606,大连电瓷,C38电气机械和器材制造业,7.41634279,2024-07-01,7.7,3.72,1,没涨停→尾盘卖,平淡期
2024-07-01,002431,ST棕榈,E48土木工程建筑业,1.54,2024-07-02,1.69,9.59,1,没涨停→尾盘卖,平淡期
2024-07-01,605066,天正电气,C38电气机械和器材制造业,5.73895504,2024-07-02,5.67,-1.29,1,没涨停→尾盘卖,平淡期
2024-07-02,002214,大立科技,C39计算机、通信和其他电子设备制造业,12.34,2024-07-03,12.66,2.44,1,没涨停→尾盘卖,平淡期
2024-07-02,600271,航天信息,I65软件和信息技术服务业,8.17,2024-07-03,7.89,-3.58,1,没涨停→尾盘卖,平淡期
2024-07-02,603106,恒银科技,C39计算机、通信和其他电子设备制造业,4.6908776,2024-07-03,4.62,-1.63,1,没涨停→尾盘卖,平淡期
2024-07-03,002561,徐家汇,F52零售业,7.7443548,2024-07-04,7.61,-1.94,1,没涨停→尾盘卖,平淡期
2024-07-03,600693,东百集团,F52零售业,3.10661,2024-07-04,2.92,-6.07,1,没涨停→尾盘卖,平淡期
2024-07-03,600859,王府井,F52零售业,12.6037197,2024-07-04,12.15,-3.72,1,没涨停→尾盘卖,平淡期
2024-07-04,002527,新时达,C34通用设备制造业,6.61,2024-07-05,6.63,0.15,1,没涨停→尾盘卖,平淡期
2024-07-04,002689,ST远智,C34通用设备制造业,2.37198707,2024-07-08,2.42,1.92,2,再涨停→次日早盘卖,平淡期
2024-07-05,002165,红宝丽,C26化学原料和化学制品制造业,3.68434875,2024-07-08,3.57,-3.35,1,没涨停→尾盘卖,恐慌期
2024-07-05,002332,仙琚制药,C27医药制造业,10.96340368,2024-07-08,10.42,-5.1,1,没涨停→尾盘卖,恐慌期
2024-07-09,002429,兆驰股份,C39计算机、通信和其他电子设备制造业,4.55836626,2024-07-10,4.75,4.1,1,没涨停→尾盘卖,平淡期
2024-07-09,002456,欧菲光,C39计算机、通信和其他电子设备制造业,8.24,2024-07-10,8.42,2.03,1,没涨停→尾盘卖,平淡期
2024-07-09,002584,西陇科学,C26化学原料和化学制品制造业,5.89946544,2024-07-10,6.13,3.74,1,没涨停→尾盘卖,平淡期
2024-07-10,002036,联创电子,C39计算机、通信和其他电子设备制造业,7.27,2024-07-11,7.16,-1.66,1,没涨停→尾盘卖,恐慌期
2024-07-10,002906,华阳集团,C39计算机、通信和其他电子设备制造业,28.02298338,2024-07-11,29.24,4.21,1,没涨停→尾盘卖,恐慌期
2024-07-10,600676,久事动娱,G54道路运输业,3.08,2024-07-11,3.03,-1.77,1,没涨停→尾盘卖,恐慌期
2024-07-11,000688,国城矿业,B09有色金属矿采选业,10.30526812,2024-07-12,10.36,0.43,1,没涨停→尾盘卖,妖股期
2024-07-11,002240,盛新锂能,C32有色金属冶炼和压延加工业,13.93,2024-07-12,13.85,-0.72,1,没涨停→尾盘卖,妖股期
2024-07-11,002418,康盛股份,C34通用设备制造业,1.71,2024-07-12,1.75,2.19,1,再涨停→次日早盘卖,妖股期
2024-07-16,002636,金安国纪,C39计算机、通信和其他电子设备制造业,6.98511051,2024-07-17,6.61,-5.52,1,没涨停→尾盘卖,平淡期
2024-07-16,600609,金杯汽车,C36汽车制造业,3.91810936,2024-07-17,3.75,-4.46,1,没涨停→尾盘卖,平淡期
2024-07-18,000572,海马汽车,C36汽车制造业,3.27,2024-07-19,3.23,-1.37,1,没涨停→尾盘卖,平淡期
2024-07-18,002038,双鹭药业,C27医药制造业,7.4563699,2024-07-19,7.28,-2.55,1,再涨停→次日早盘卖,平淡期
2024-07-18,601188,龙江交通,G54道路运输业,3.35596236,2024-07-19,3.24,-3.6,1,没涨停→尾盘卖,平淡期
2024-07-19,002077,大港股份,C39计算机、通信和其他电子设备制造业,11.67,2024-07-22,12.12,3.71,1,没涨停→尾盘卖,平淡期
2024-07-19,600460,士兰微,C39计算机、通信和其他电子设备制造业,20.04901701,2024-07-22,21.34,6.31,1,没涨停→尾盘卖,平淡期
2024-07-19,605111,新洁能,C39计算机、通信和其他电子设备制造业,35.1763782,2024-07-22,34.96,-0.77,1,没涨停→尾盘卖,平淡期
2024-07-22,000410,沈阳机床,C34通用设备制造业,6.25,2024-07-23,6.52,4.17,1,没涨停→尾盘卖,平淡期
2024-07-22,002611,东方精工,C35专用设备制造业,5.363633,2024-07-24,5.75,7.12,2,再涨停→次日早盘卖,平淡期
2024-07-23,000068,华控赛格,F51批发业,2.76,2024-07-24,2.66,-3.77,1,没涨停→尾盘卖,平淡期
2024-07-23,002682,龙洲股份,G54道路运输业,4.04,2024-07-24,3.87,-4.36,1,没涨停→尾盘卖,平淡期
2024-07-24,600592,龙溪股份,C34通用设备制造业,8.50165602,2024-07-25,8.51,-0.15,1,再涨停→次日早盘卖,平淡期
2024-07-24,603912,佳力图,C34通用设备制造业,6.164953,2024-07-25,6.42,4.03,1,没涨停→尾盘卖,平淡期
2024-07-25,002357,富临运业,G54道路运输业,6.0539556,2024-07-29,6.78,11.86,2,再涨停→次日早盘卖,平淡期
2024-07-26,000921,海信家电,C38电气机械和器材制造业,24.68791917,2024-07-29,25.13,1.65,1,没涨停→尾盘卖,妖股期
2024-07-26,600316,洪都航空,C37铁路、船舶、航空航天和其他运输设备制造业,18.8051444,2024-07-30,21.38,13.55,2,再涨停→次日早盘卖,妖股期
2024-07-29,000016,*ST康佳A,C39计算机、通信和其他电子设备制造业,2.28,2024-07-30,2.3,0.73,1,没涨停→尾盘卖,妖股期
2024-07-29,000701,厦门信达,F51批发业,3.78,2024-07-30,3.74,-1.21,1,没涨停→尾盘卖,妖股期
2024-07-30,002196,方正电机,C38电气机械和器材制造业,4.46,2024-08-01,5.4,20.93,2,再涨停→次日早盘卖,妖股期
2024-07-30,600638,新黄浦,K70房地产业,4.0118623,2024-08-01,4.5,12.05,2,再涨停→次日早盘卖,妖股期
2024-07-31,000801,四川九洲,C39计算机、通信和其他电子设备制造业,10.64231444,2024-08-01,11.0,3.21,1,没涨停→尾盘卖,妖股期
2024-08-01,000547,航天发展,C39计算机、通信和其他电子设备制造业,7.19,2024-08-02,7.09,-1.54,1,没涨停→尾盘卖,妖股期
2024-08-01,002480,新筑股份,C34通用设备制造业,3.38,2024-08-02,3.2,-5.48,1,没涨停→尾盘卖,妖股期
2024-08-01,002703,浙江世宝,C36汽车制造业,12.00885769,2024-08-02,11.88,-1.22,1,没涨停→尾盘卖,妖股期
2024-08-02,002734,利民股份,C26化学原料和化学制品制造业,6.8743954,2024-08-05,6.31,-8.37,1,没涨停→尾盘卖,妖股期
2024-08-02,002907,华森制药,C27医药制造业,13.68217955,2024-08-05,12.97,-5.35,1,没涨停→尾盘卖,妖股期
2024-08-02,600789,鲁抗医药,C27医药制造业,7.79986868,2024-08-06,8.79,12.54,2,再涨停→次日早盘卖,妖股期
2024-08-05,603939,益丰药房,F52零售业,21.4735644,2024-08-06,20.96,-2.56,1,没涨停→尾盘卖,妖股期
2024-08-05,600576,祥源文旅,N78公共设施管理业,4.4,2024-08-07,4.84,9.85,2,再涨停→次日早盘卖,妖股期
2024-08-06,000526,学大教育,P83教育,61.94,2024-08-07,61.6,-0.7,1,没涨停→尾盘卖,妖股期
2024-08-06,002644,佛慈制药,C27医药制造业,7.19111278,2024-08-07,7.3,1.37,1,没涨停→尾盘卖,妖股期
2024-08-07,001270,铖昌科技,C39计算机、通信和其他电子设备制造业,38.00698242,2024-08-08,34.73,-8.77,1,没涨停→尾盘卖,妖股期
2024-08-07,002792,通宇通讯,C39计算机、通信和其他电子设备制造业,10.98922413,2024-08-08,10.82,-1.69,1,没涨停→尾盘卖,妖股期
2024-08-07,600105,永鼎股份,C38电气机械和器材制造业,3.78946292,2024-08-08,3.81,0.37,1,没涨停→尾盘卖,妖股期
2024-08-08,002030,达安基因,C27医药制造业,5.71,2024-08-09,5.4,-5.58,1,没涨停→尾盘卖,平淡期
2024-08-09,000536,华映科技,C39计算机、通信和其他电子设备制造业,2.08,2024-08-12,2.22,6.58,1,没涨停→尾盘卖,平淡期
2024-08-09,600552,凯盛科技,C39计算机、通信和其他电子设备制造业,10.0472372,2024-08-12,9.89,-1.73,1,没涨停→尾盘卖,平淡期
2024-08-12,000710,贝瑞基因,M74专业技术服务业,8.25,2024-08-13,7.95,-3.79,1,没涨停→尾盘卖,平淡期
2024-08-12,000756,新华制药,C27医药制造业,16.05164633,2024-08-13,16.14,0.4,1,没涨停→尾盘卖,平淡期
2024-08-12,002022,科华生物,C27医药制造业,6.16,2024-08-13,6.37,3.26,1,没涨停→尾盘卖,平淡期
2024-08-13,603916,苏博特,C26化学原料和化学制品制造业,7.14763359,2024-08-14,7.46,4.24,1,没涨停→尾盘卖,平淡期
2024-08-14,002577,雷柏科技,C39计算机、通信和其他电子设备制造业,12.49,2024-08-15,13.56,8.42,1,没涨停→尾盘卖,平淡期
2024-08-15,600640,国脉文化,I64互联网和相关服务,10.83167712,2024-08-16,10.8,-0.43,1,没涨停→尾盘卖,平淡期
2024-08-15,600892,大晟文化,I64互联网和相关服务,4.02,2024-08-16,4.02,-0.15,1,没涨停→尾盘卖,平淡期
2024-08-15,000810,创维数字,C39计算机、通信和其他电子设备制造业,8.9872032,2024-08-19,10.27,14.17,2,再涨停→次日早盘卖,平淡期
2024-08-16,600577,精达股份,C38电气机械和器材制造业,4.92081408,2024-08-19,4.95,0.45,1,没涨停→尾盘卖,平淡期
2024-08-16,603398,*ST沐邦,C38电气机械和器材制造业,11.94,2024-08-19,12.32,3.03,1,没涨停→尾盘卖,平淡期
2024-08-19,600839,四川长虹,C39计算机、通信和其他电子设备制造业,4.58257086,2024-08-20,4.73,3.05,1,没涨停→尾盘卖,平淡期
2024-08-22,000561,烽火电子,C39计算机、通信和其他电子设备制造业,6.70169302,2024-08-23,7.03,4.77,1,没涨停→尾盘卖,平淡期
2024-08-22,603118,共进股份,C39计算机、通信和其他电子设备制造业,6.3835072,2024-08-26,7.72,20.79,2,再涨停→次日早盘卖,平淡期
2024-08-23,002261,拓维信息,I65软件和信息技术服务业,10.8,2024-08-26,11.32,4.66,1,没涨停→尾盘卖,平淡期
2024-08-23,002307,北新路桥,E48土木工程建筑业,3.01,2024-08-26,3.2,6.16,1,没涨停→尾盘卖,平淡期
2024-08-26,000779,甘咨询,M74专业技术服务业,6.83499663,2024-08-28,7.41,8.22,2,再涨停→次日早盘卖,平淡期
2024-08-28,002881,美格智能,C39计算机、通信和其他电子设备制造业,21.91919876,2024-08-29,22.45,2.25,1,没涨停→尾盘卖,平淡期
2024-08-28,002681,奋达科技,C39计算机、通信和其他电子设备制造业,3.97,2024-08-30,4.81,21.01,2,再涨停→次日早盘卖,平淡期
2024-08-29,002488,金固股份,C36汽车制造业,6.9372537,2024-08-30,6.97,0.28,1,没涨停→尾盘卖,平淡期
2024-08-29,002426,胜利精密,C39计算机、通信和其他电子设备制造业,1.77,2024-09-02,2.1,18.49,2,再涨停→次日早盘卖,平淡期
2024-08-30,000021,深科技,C39计算机、通信和其他电子设备制造业,13.50327651,2024-09-02,13.46,-0.44,1,没涨停→尾盘卖,平淡期
2024-08-30,002194,武汉凡谷,C39计算机、通信和其他电子设备制造业,8.74822992,2024-09-02,8.37,-4.47,1,没涨停→尾盘卖,平淡期
2024-09-02,603306,华懋科技,C36汽车制造业,19.28561592,2024-09-03,19.15,-0.87,1,没涨停→尾盘卖,平淡期
2024-09-02,605588,冠石科技,C39计算机、通信和其他电子设备制造业,40.48,2024-09-03,41.98,3.56,1,没涨停→尾盘卖,平淡期
2024-09-03,002520,日发精机,C34通用设备制造业,4.08,2024-09-05,4.64,13.58,2,再涨停→次日早盘卖,平淡期
2024-09-04,605100,华丰股份,C34通用设备制造业,8.26474392,2024-09-05,8.75,5.72,1,没涨停→尾盘卖,平淡期
2024-09-04,600829,人民同泰,F51批发业,5.89,2024-09-06,6.77,14.79,2,再涨停→次日早盘卖,平淡期
2024-09-05,002189,中光学,C39计算机、通信和其他电子设备制造业,17.83,2024-09-06,17.93,0.41,1,没涨停→尾盘卖,平淡期
2024-09-05,002640,跨境通,F52零售业,1.61,2024-09-09,1.86,15.38,2,再涨停→次日早盘卖,平淡期
2024-09-06,600828,茂业商业,F52零售业,2.66,2024-09-09,2.79,4.74,1,没涨停→尾盘卖,平淡期
2024-09-06,600148,长春一东,C36汽车制造业,13.55583474,2024-09-10,16.11,18.69,2,再涨停→次日早盘卖,平淡期
2024-09-09,000516,国际医学,Q84卫生,4.63,2024-09-10,4.53,-2.31,1,没涨停→尾盘卖,妖股期
2024-09-09,002172,澳洋健康,Q84卫生,2.55,2024-09-10,2.6,1.81,1,没涨停→尾盘卖,妖股期
2024-09-10,000050,深天马A,C39计算机、通信和其他电子设备制造业,7.24,2024-09-11,6.83,-5.81,1,没涨停→尾盘卖,平淡期
2024-09-10,002121,科陆电子,C40仪器仪表制造业,3.74,2024-09-11,3.63,-3.09,1,没涨停→尾盘卖,平淡期
2024-09-10,002227,*ST特迅,C38电气机械和器材制造业,8.22,2024-09-12,8.32,1.07,2,再涨停→次日早盘卖,平淡期
2024-09-11,002150,正泰电源,C38电气机械和器材制造业,12.97186228,2024-09-12,13.35,2.74,1,没涨停→尾盘卖,恐慌期
2024-09-11,603191,望变电气,C38电气机械和器材制造业,11.20909586,2024-09-12,11.41,1.62,1,没涨停→尾盘卖,恐慌期
2024-09-12,002123,梦网科技,I65软件和信息技术服务业,6.78,2024-09-13,6.79,-0.0,1,没涨停→尾盘卖,平淡期
2024-09-12,600590,泰豪科技,C38电气机械和器材制造业,3.72330465,2024-09-13,3.66,-1.76,1,没涨停→尾盘卖,平淡期
2024-09-12,000948,南天信息,I65软件和信息技术服务业,14.73625356,2024-09-18,16.3,10.43,2,再涨停→次日早盘卖,平淡期
2024-09-13,000736,中交发展,K70房地产业,8.16,2024-09-19,8.7,6.47,2,再涨停→次日早盘卖,平淡期
2024-09-13,600198,大唐电信,C39计算机、通信和其他电子设备制造业,5.81,2024-09-19,7.03,20.85,2,再涨停→次日早盘卖,平淡期
2024-09-18,002686,亿利达,C34通用设备制造业,4.476141,2024-09-20,4.92,9.85,2,再涨停→次日早盘卖,平淡期
2024-09-19,002692,远程股份,C38电气机械和器材制造业,3.5679744,2024-09-20,3.56,-0.43,1,没涨停→尾盘卖,妖股期
2024-09-19,002583,海能达,C39计算机、通信和其他电子设备制造业,3.94,2024-09-23,4.76,20.66,2,再涨停→次日早盘卖,妖股期
2024-09-20,000564,供销大集,F52零售业,1.82,2024-09-23,1.78,-2.35,1,没涨停→尾盘卖,平淡期
2024-09-20,000903,ST云动,C34通用设备制造业,2.24,2024-09-23,2.15,-4.17,1,没涨停→尾盘卖,平淡期
2024-09-23,002284,亚太股份,C36汽车制造业,7.23604358,2024-09-24,7.13,-1.65,1,再涨停→次日早盘卖,平淡期
2024-09-23,600081,东风科技,C36汽车制造业,9.04942224,2024-09-24,9.21,1.61,1,没涨停→尾盘卖,平淡期
2024-09-23,600241,时代万恒,C38电气机械和器材制造业,6.39,2024-09-25,7.24,13.15,2,再涨停→次日早盘卖,平淡期
2024-09-24,000555,神州信息,I65软件和信息技术服务业,9.53266374,2024-09-25,9.93,4.04,1,没涨停→尾盘卖,妖股期
2024-09-24,002110,三钢闽光,C31黑色金属冶炼和压延加工业,2.88043121,2024-09-25,3.11,7.81,1,没涨停→尾盘卖,妖股期
2024-09-25,002759,ST天际,C26化学原料和化学制品制造业,6.67,2024-09-26,7.02,5.1,1,没涨停→尾盘卖,妖股期
2024-09-25,600246,万通发展,K70房地产业,6.61,2024-09-26,7.15,8.02,1,没涨停→尾盘卖,妖股期
2024-09-25,000402,金融街,K70房地产业,2.63,2024-09-27,3.18,20.76,2,再涨停→次日早盘卖,妖股期
2024-09-26,000517,荣安地产,K70房地产业,2.35,2024-09-27,2.43,3.25,1,没涨停→尾盘卖,平淡期
2024-09-26,000069,华侨城A,K70房地产业,2.41,2024-09-30,2.92,21.01,2,再涨停→次日早盘卖,平淡期
2024-09-27,000728,国元证券,J67资本市场服务,7.72443802,2024-10-08,9.35,20.94,2,再涨停→次日早盘卖,平淡期
2024-09-27,002146,荣盛发展,K70房地产业,1.62,2024-10-08,1.96,20.84,2,再涨停→次日早盘卖,平淡期
2024-09-30,000007,全新好,K70房地产业,6.77,2024-10-08,7.26,7.09,1,没涨停→尾盘卖,平淡期
2024-10-08,002445,中南文化,C33金属制品业,2.28,2024-10-09,2.09,-8.48,1,没涨停→尾盘卖,主线期
2024-10-08,601366,利群股份,F52零售业,5.9829445,2024-10-09,5.61,-6.45,1,没涨停→尾盘卖,主线期
2024-10-08,603856,东宏股份,C29橡胶和塑料制品业,12.07691728,2024-10-09,11.85,-2.06,1,没涨停→尾盘卖,主线期
2024-10-10,000930,中粮科技,C26化学原料和化学制品制造业,6.05087784,2024-10-11,5.91,-2.45,1,没涨停→尾盘卖,妖股期
2024-10-10,002164,宁波东力,C34通用设备制造业,4.92,2024-10-11,4.54,-7.87,1,没涨停→尾盘卖,妖股期
2024-10-10,600121,郑州煤电,B06煤炭开采和洗选业,3.82,2024-10-11,3.77,-1.46,1,没涨停→尾盘卖,妖股期
2024-10-11,605399,晨光新材,C26化学原料和化学制品制造业,12.33128394,2024-10-14,12.99,5.16,1,没涨停→尾盘卖,恐慌期
2024-10-14,000935,四川双马,C30非金属矿物制品业,15.18,2024-10-15,15.81,4.0,1,没涨停→尾盘卖,妖股期
2024-10-14,600114,东睦股份,C33金属制品业,17.41828374,2024-10-15,17.42,-0.09,1,再涨停→次日早盘卖,妖股期
2024-10-14,600678,ST金顶,C30非金属矿物制品业,6.49,2024-10-16,7.5,15.41,2,再涨停→次日早盘卖,妖股期
2024-10-15,002169,智光电气,C38电气机械和器材制造业,5.788103,2024-10-16,5.68,-2.02,1,没涨停→尾盘卖,平淡期
2024-10-16,000838,*ST发展,K70房地产业,2.85,2024-10-17,2.83,-0.85,1,没涨停→尾盘卖,妖股期
2024-10-16,002542,*ST中岩,E48土木工程建筑业,1.96,2024-10-17,1.89,-3.72,1,没涨停→尾盘卖,妖股期
2024-10-16,002968,新大正,K70房地产业,10.57916694,2024-10-17,9.86,-6.96,1,没涨停→尾盘卖,妖股期
2024-10-18,000829,天音控股,F51批发业,12.17721269,2024-10-21,12.77,4.69,1,没涨停→尾盘卖,主线期
2024-10-18,002519,银河电子,C39计算机、通信和其他电子设备制造业,5.89,2024-10-21,6.12,3.75,1,没涨停→尾盘卖,主线期
2024-10-18,002708,光洋股份,C36汽车制造业,8.4,2024-10-21,8.8,4.61,1,没涨停→尾盘卖,主线期
2024-10-21,000553,安道麦A,C26化学原料和化学制品制造业,5.54,2024-10-22,6.0,8.15,1,没涨停→尾盘卖,主线期
2024-10-21,000672,上峰材料,C30非金属矿物制品业,7.4499606,2024-10-22,7.17,-3.92,1,没涨停→尾盘卖,主线期
2024-10-21,002319,乐通股份,C26化学原料和化学制品制造业,10.0,2024-10-23,11.1,10.85,2,再涨停→次日早盘卖,主线期
2024-10-22,000639,ST西王,C13农副食品加工业,2.98,2024-10-23,3.0,0.52,1,没涨停→尾盘卖,妖股期
2024-10-22,000922,佳电股份,C38电气机械和器材制造业,9.47831755,2024-10-23,9.16,-3.52,1,没涨停→尾盘卖,妖股期
2024-10-23,002496,辉丰股份,C26化学原料和化学制品制造业,2.2,2024-10-24,2.22,0.76,1,没涨停→尾盘卖,妖股期
2024-10-23,002671,龙泉股份,C30非金属矿物制品业,4.57,2024-10-24,4.57,-0.15,1,没涨停→尾盘卖,妖股期
2024-10-23,600391,航发科技,C37铁路、船舶、航空航天和其他运输设备制造业,20.57,2024-10-24,19.91,-3.36,1,没涨停→尾盘卖,妖股期
2024-10-24,000695,滨海能源,C30非金属矿物制品业,10.21,2024-10-25,10.69,4.55,1,没涨停→尾盘卖,妖股期
2024-10-24,000839,国安股份,I65软件和信息技术服务业,2.96,2024-10-25,3.15,6.27,1,没涨停→尾盘卖,妖股期
2024-10-24,000056,*ST皇庭,L72商务服务业,2.51,2024-10-28,3.04,20.97,2,再涨停→次日早盘卖,妖股期
2024-10-25,000659,珠海中富,C29橡胶和塑料制品业,2.81,2024-10-28,3.0,6.61,1,没涨停→尾盘卖,妖股期
2024-10-25,000790,华神科技,C27医药制造业,4.43,2024-10-29,4.88,10.01,2,再涨停→次日早盘卖,妖股期
2024-10-28,000410,沈阳机床,C34通用设备制造业,8.22,2024-10-29,8.48,3.01,1,没涨停→尾盘卖,妖股期
2024-10-28,000635,英力特,C26化学原料和化学制品制造业,8.18,2024-10-29,8.61,5.11,1,没涨停→尾盘卖,妖股期
2024-10-29,603676,卫信康,C27医药制造业,9.74206317,2024-10-30,9.3,-4.66,1,没涨停→尾盘卖,主线期
2024-10-29,600363,联创光电,C39计算机、通信和其他电子设备制造业,38.5865937,2024-10-31,46.69,20.85,2,再涨停→次日早盘卖,主线期
2024-10-30,000727,冠捷科技,C39计算机、通信和其他电子设备制造业,2.7,2024-10-31,2.85,5.41,1,没涨停→尾盘卖,主线期
2024-10-30,002795,永和智控,C34通用设备制造业,4.7,2024-10-31,4.99,6.02,1,没涨停→尾盘卖,主线期
2024-10-31,000559,万向钱潮,C36汽车制造业,6.29946752,2024-11-01,6.09,-3.52,1,没涨停→尾盘卖,平淡期
2024-10-31,000681,视觉中国,I64互联网和相关服务,14.79539734,2024-11-01,15.2,2.55,1,没涨停→尾盘卖,平淡期
2024-10-31,002235,安妮股份,C22造纸和纸制品业,5.75,2024-11-01,5.42,-5.89,1,没涨停→尾盘卖,平淡期
2024-11-01,000737,北方铜业,C32有色金属冶炼和压延加工业,9.81858798,2024-11-04,10.29,4.64,1,没涨停→尾盘卖,恐慌期
2024-11-01,000970,中科三环,C39计算机、通信和其他电子设备制造业,11.17392622,2024-11-04,10.46,-6.57,1,没涨停→尾盘卖,恐慌期
2024-11-01,002057,中钢天源,C26化学原料和化学制品制造业,8.16956756,2024-11-04,7.93,-3.14,1,没涨停→尾盘卖,恐慌期
2024-11-04,000837,秦川机床,C34通用设备制造业,9.34625642,2024-11-05,9.58,2.3,1,没涨停→尾盘卖,妖股期
2024-11-04,002009,天奇股份,C35专用设备制造业,13.221546,2024-11-05,13.66,3.17,1,没涨停→尾盘卖,妖股期
2024-11-04,002664,信质集团,C36汽车制造业,14.9100237,2024-11-06,16.73,12.02,2,再涨停→次日早盘卖,妖股期
2024-11-05,000008,神州高铁,C37铁路、船舶、航空航天和其他运输设备制造业,2.76,2024-11-06,2.78,0.57,1,没涨停→尾盘卖,妖股期
2024-11-05,000576,甘化科工,C39计算机、通信和其他电子设备制造业,7.6,2024-11-07,8.06,5.9,2,再涨停→次日早盘卖,妖股期
2024-11-06,000881,中广核技,C26化学原料和化学制品制造业,8.17,2024-11-07,8.32,1.69,1,没涨停→尾盘卖,妖股期
2024-11-06,000530,冰山冷热,C34通用设备制造业,5.13896662,2024-11-08,6.22,20.88,2,再涨停→次日早盘卖,妖股期
2024-11-07,000798,中水渔业,A04渔业,8.33,2024-11-08,8.08,-3.15,1,没涨停→尾盘卖,妖股期
2024-11-07,002140,东华科技,E48土木工程建筑业,8.8822161,2024-11-08,8.77,-1.45,1,没涨停→尾盘卖,妖股期
2024-11-08,000757,浩物股份,F52零售业,4.22,2024-11-11,4.38,3.64,1,没涨停→尾盘卖,主线期
2024-11-08,002196,方正电机,C38电气机械和器材制造业,6.29,2024-11-11,6.14,-2.53,1,没涨停→尾盘卖,主线期
2024-11-08,002165,红宝丽,C26化学原料和化学制品制造业,4.4224914,2024-11-12,5.35,20.93,2,再涨停→次日早盘卖,主线期
2024-11-11,603928,兴业股份,C26化学原料和化学制品制造业,7.52975032,2024-11-12,7.64,1.35,1,没涨停→尾盘卖,妖股期
2024-11-11,605133,嵘泰股份,C36汽车制造业,19.32399919,2024-11-12,18.15,-6.22,1,没涨停→尾盘卖,妖股期
2024-11-12,002073,软控股份,C35专用设备制造业,9.10562688,2024-11-13,8.79,-3.59,1,没涨停→尾盘卖,妖股期
2024-11-12,002909,集泰股份,C26化学原料和化学制品制造业,5.72931007,2024-11-13,5.54,-3.41,1,没涨停→尾盘卖,妖股期
2024-11-12,603311,金海高科,C35专用设备制造业,10.7759169,2024-11-13,11.13,3.14,1,没涨停→尾盘卖,妖股期
2024-11-13,002112,三变科技,C38电气机械和器材制造业,12.16681704,2024-11-14,11.97,-1.78,1,没涨停→尾盘卖,妖股期
2024-11-13,002882,金龙羽,C38电气机械和器材制造业,19.68890924,2024-11-14,17.81,-9.69,1,没涨停→尾盘卖,妖股期
2024-11-13,002469,三维化学,C26化学原料和化学制品制造业,6.1380924,2024-11-15,6.89,12.12,2,再涨停→次日早盘卖,妖股期
2024-11-14,600844,金煤科技,C26化学原料和化学制品制造业,3.17,2024-11-15,3.48,9.63,1,没涨停→尾盘卖,恐慌期
2024-11-14,002757,南兴股份,C35专用设备制造业,14.60298336,2024-11-18,17.67,20.88,2,再涨停→次日早盘卖,恐慌期
2024-11-15,002467,二六三,I64互联网和相关服务,4.78071698,2024-11-18,4.65,-2.86,1,没涨停→尾盘卖,妖股期
2024-11-15,002741,光华科技,C39计算机、通信和其他电子设备制造业,14.93439,2024-11-18,14.93,-0.15,1,没涨停→尾盘卖,妖股期
2024-11-18,600884,杉杉股份,C39计算机、通信和其他电子设备制造业,9.41,2024-11-19,10.1,7.18,1,没涨停→尾盘卖,妖股期
2024-11-18,603878,武进不锈,C31黑色金属冶炼和压延加工业,6.00129376,2024-11-19,6.31,5.04,1,没涨停→尾盘卖,妖股期
2024-11-19,002962,五方光电,C39计算机、通信和其他电子设备制造业,16.2895966,2024-11-20,16.88,3.46,1,没涨停→尾盘卖,妖股期
2024-11-19,600470,六国化工,C26化学原料和化学制品制造业,5.36,2024-11-21,6.49,20.93,2,再涨停→次日早盘卖,妖股期
2024-11-19,603901,永创智能,C34通用设备制造业,7.40953035,2024-11-21,8.23,10.96,2,再涨停→次日早盘卖,妖股期
2024-11-20,000698,ST沈化,C26化学原料和化学制品制造业,3.76,2024-11-21,3.85,2.24,1,没涨停→尾盘卖,妖股期
2024-11-21,000813,德展健康,C27医药制造业,3.26,2024-11-22,3.09,-5.36,1,没涨停→尾盘卖,妖股期
2024-11-21,000969,安泰科技,C33金属制品业,11.90664345,2024-11-22,12.84,7.73,1,没涨停→尾盘卖,妖股期
2024-11-21,002109,ST兴化,C26化学原料和化学制品制造业,3.76,2024-11-22,3.65,-3.08,1,没涨停→尾盘卖,妖股期
2024-11-22,600728,佳都科技,I65软件和信息技术服务业,5.4969413,2024-11-25,5.78,4.93,1,没涨停→尾盘卖,妖股期
2024-11-22,002638,勤上股份,C38电气机械和器材制造业,2.51,2024-11-26,2.76,9.81,2,再涨停→次日早盘卖,妖股期
2024-11-22,002658,雪迪龙,C40仪器仪表制造业,6.78305319,2024-11-26,7.07,4.02,2,再涨停→次日早盘卖,妖股期
2024-11-25,000421,南京公用,D45燃气生产和供应业,6.86698899,2024-11-26,6.27,-8.85,1,没涨停→尾盘卖,妖股期
2024-11-26,002115,三维通信,L72商务服务业,6.77,2024-11-27,6.65,-1.92,1,没涨停→尾盘卖,妖股期
2024-11-26,002669,康达新材,C26化学原料和化学制品制造业,10.86778644,2024-11-27,10.64,-2.25,1,没涨停→尾盘卖,妖股期
2024-11-26,002301,齐心集团,C24文教、工美、体育和娱乐用品制造业,6.61978149,2024-11-28,8.01,20.91,2,再涨停→次日早盘卖,妖股期
2024-11-27,002137,实益达,C38电气机械和器材制造业,7.09956618,2024-11-29,7.96,12.03,2,再涨停→次日早盘卖,妖股期
2024-11-27,002187,广百股份,F52零售业,6.1234404,2024-11-29,7.2,17.38,2,再涨停→次日早盘卖,妖股期
2024-11-28,002999,天禾股份,F52零售业,7.01241056,2024-11-29,7.19,2.34,1,没涨停→尾盘卖,妖股期
2024-11-29,002108,沧州明珠,C29橡胶和塑料制品业,3.82187136,2024-12-02,4.05,5.9,1,没涨停→尾盘卖,妖股期
2024-11-29,000619,海螺新材,C29橡胶和塑料制品业,6.17,2024-12-03,6.87,11.2,2,再涨停→次日早盘卖,妖股期
2024-11-29,002695,煌上煌,C13农副食品加工业,8.9756193,2024-12-03,9.77,8.7,2,再涨停→次日早盘卖,妖股期
2024-12-02,600189,泉阳泉,C15酒、饮料和精制茶制造业,8.28,2024-12-03,8.28,-0.15,1,再涨停→次日早盘卖,妖股期
2024-12-03,000912,泸天化,C26化学原料和化学制品制造业,5.17,2024-12-04,5.28,1.98,1,没涨停→尾盘卖,妖股期
2024-12-03,002158,汉钟精机,C34通用设备制造业,19.2698622,2024-12-04,18.8,-2.57,1,没涨停→尾盘卖,妖股期
2024-12-03,600057,厦门象屿,L72商务服务业,6.45369124,2024-12-04,6.02,-6.81,1,没涨停→尾盘卖,妖股期
2024-12-04,003033,征和工业,C34通用设备制造业,30.72927,2024-12-05,30.36,-1.36,1,没涨停→尾盘卖,妖股期
2024-12-04,605006,山东玻纤,C30非金属矿物制品业,6.13,2024-12-06,6.72,9.47,2,再涨停→次日早盘卖,妖股期
2024-12-04,605018,长华集团,C36汽车制造业,9.31245869,2024-12-06,10.06,7.93,2,再涨停→次日早盘卖,妖股期
2024-12-05,002135,东南网架,C33金属制品业,5.06800236,2024-12-06,5.07,-0.15,1,没涨停→尾盘卖,妖股期
2024-12-06,000719,中原传媒,R86新闻和出版业,11.0573064,2024-12-09,10.84,-2.1,1,没涨停→尾盘卖,妖股期
2024-12-06,000766,通化金马,C27医药制造业,15.79,2024-12-09,15.63,-1.16,1,没涨停→尾盘卖,妖股期
2024-12-06,000785,居然智家,L72商务服务业,3.34,2024-12-09,3.24,-3.14,1,没涨停→尾盘卖,妖股期
2024-12-09,001217,华尔泰,C26化学原料和化学制品制造业,13.0761774,2024-12-10,12.83,-2.03,1,没涨停→尾盘卖,妖股期
2024-12-09,002370,亚太药业,C27医药制造业,4.14,2024-12-10,3.94,-4.98,1,没涨停→尾盘卖,妖股期
2024-12-09,002881,美格智能,C39计算机、通信和其他电子设备制造业,28.87088657,2024-12-10,29.49,1.99,1,没涨停→尾盘卖,妖股期
2024-12-10,600476,*ST湘邮,I65软件和信息技术服务业,18.87,2024-12-11,19.11,1.12,1,没涨停→尾盘卖,妖股期
2024-12-10,600693,东百集团,F52零售业,4.2027032,2024-12-12,4.9,16.44,2,再涨停→次日早盘卖,妖股期
2024-12-11,002214,大立科技,C39计算机、通信和其他电子设备制造业,13.68,2024-12-12,13.84,1.02,1,没涨停→尾盘卖,妖股期
2024-12-11,002314,南山控股,K70房地产业,3.07,2024-12-12,3.01,-2.1,1,没涨停→尾盘卖,妖股期
2024-12-12,002661,克明食品,C14食品制造业,10.92068909,2024-12-13,10.68,-2.39,1,没涨停→尾盘卖,妖股期
2024-12-12,002864,盘龙药业,C27医药制造业,23.72939592,2024-12-13,24.17,1.69,1,没涨停→尾盘卖,妖股期
2024-12-12,002639,雪人集团,C34通用设备制造业,7.9,2024-12-16,9.21,16.43,2,再涨停→次日早盘卖,妖股期
2024-12-13,603390,通达电气,C39计算机、通信和其他电子设备制造业,10.7815061,2024-12-16,10.78,-0.15,1,没涨停→尾盘卖,妖股期
2024-12-13,603587,地素时尚,C18纺织服装、服饰业,13.02091,2024-12-17,13.95,6.99,2,再涨停→次日早盘卖,妖股期
2024-12-16,000159,国际实业,F51批发业,8.40969196,2024-12-17,7.57,-10.1,1,没涨停→尾盘卖,妖股期
2024-12-16,600697,欧亚集团,F52零售业,14.91231161,2024-12-17,13.9,-6.93,1,没涨停→尾盘卖,妖股期
2024-12-17,603861,白云电器,C38电气机械和器材制造业,10.53632331,2024-12-19,10.87,3.01,2,再涨停→次日早盘卖,恐慌期
2024-12-18,002925,盈趣科技,C39计算机、通信和其他电子设备制造业,15.6538529,2024-12-19,15.87,1.22,1,没涨停→尾盘卖,主线期
2024-12-18,600726,华电能源,D44电力、热力生产和供应业,2.66,2024-12-19,2.58,-3.16,1,没涨停→尾盘卖,主线期
2024-12-19,002026,山东威达,C38电气机械和器材制造业,10.6692228,2024-12-20,10.43,-2.37,1,没涨停→尾盘卖,恐慌期
2024-12-19,002418,康盛股份,C34通用设备制造业,3.06,2024-12-20,2.99,-2.44,1,没涨停→尾盘卖,恐慌期
2024-12-19,002929,润建股份,I65软件和信息技术服务业,33.73150557,2024-12-20,33.61,-0.5,1,没涨停→尾盘卖,恐慌期
2024-12-20,000823,超声电子,C39计算机、通信和其他电子设备制造业,11.19288908,2024-12-23,10.63,-5.17,1,没涨停→尾盘卖,妖股期
2024-12-20,601113,华鼎股份,F52零售业,4.29,2024-12-23,4.32,0.55,1,没涨停→尾盘卖,妖股期
2024-12-20,002730,电光科技,C35专用设备制造业,8.81522433,2024-12-24,10.67,20.84,2,再涨停→次日早盘卖,妖股期
2024-12-24,600223,福瑞达,C26化学原料和化学制品制造业,7.68880161,2024-12-26,8.84,14.79,2,再涨停→次日早盘卖,妖股期
2024-12-24,603980,吉华集团,C26化学原料和化学制品制造业,4.43458092,2024-12-26,4.99,12.4,2,再涨停→次日早盘卖,妖股期
2024-12-25,002577,雷柏科技,C39计算机、通信和其他电子设备制造业,18.01,2024-12-27,20.21,12.07,2,再涨停→次日早盘卖,恐慌期
2024-12-26,603109,神驰机电,C38电气机械和器材制造业,18.6023694,2024-12-27,17.56,-5.76,1,没涨停→尾盘卖,妖股期
2024-12-26,000533,顺钠股份,C38电气机械和器材制造业,4.55,2024-12-30,5.51,20.95,2,再涨停→次日早盘卖,妖股期
2024-12-27,002552,宝鼎科技,C39计算机、通信和其他电子设备制造业,13.4627599,2024-12-30,13.43,-0.37,1,没涨停→尾盘卖,妖股期
2024-12-27,002361,神剑股份,C26化学原料和化学制品制造业,4.4647875,2024-12-31,5.41,20.96,2,再涨停→次日早盘卖,妖股期
2024-12-31,002218,拓日新能,C38电气机械和器材制造业,3.95932864,2025-01-02,3.93,-0.91,1,没涨停→尾盘卖,妖股期
2024-12-31,002442,龙星科技,C26化学原料和化学制品制造业,5.89516092,2025-01-02,6.06,2.68,1,没涨停→尾盘卖,妖股期
2024-12-31,603617,君禾股份,C34通用设备制造业,7.19345676,2025-01-03,8.7,20.86,2,再涨停→次日早盘卖,妖股期
2025-01-03,000852,石化机械,C35专用设备制造业,7.48,2025-01-06,7.6,1.45,1,没涨停→尾盘卖,妖股期
2025-01-03,000756,新华制药,C27医药制造业,16.32644275,2025-01-07,17.67,8.09,2,再涨停→次日早盘卖,妖股期
2025-01-03,002733,雄韬股份,C38电气机械和器材制造业,15.400409,2025-01-07,16.84,9.17,2,再涨停→次日早盘卖,妖股期
2025-01-06,002317,众生药业,C27医药制造业,12.76873213,2025-01-07,12.41,-2.98,1,没涨停→尾盘卖,恐慌期
2025-01-07,001309,德明利,C39计算机、通信和其他电子设备制造业,64.2766236,2025-01-08,65.47,1.7,1,没涨停→尾盘卖,妖股期
2025-01-07,002282,博深股份,C30非金属矿物制品业,7.26668145,2025-01-08,7.52,3.38,1,没涨停→尾盘卖,妖股期
2025-01-07,600218,全柴动力,C34通用设备制造业,8.1154005,2025-01-08,8.29,2.04,1,没涨停→尾盘卖,妖股期
2025-01-08,600854,春兰股份,C38电气机械和器材制造业,4.62158784,2025-01-09,4.56,-1.59,1,没涨停→尾盘卖,妖股期
2025-01-08,603699,纽威股份,C34通用设备制造业,22.42967935,2025-01-09,22.64,0.81,1,没涨停→尾盘卖,妖股期
2025-01-08,605118,力鼎光电,C39计算机、通信和其他电子设备制造业,18.6678351,2025-01-10,20.93,11.94,2,再涨停→次日早盘卖,妖股期
2025-01-09,002170,芭田股份,C26化学原料和化学制品制造业,7.88791353,2025-01-10,8.02,1.48,1,没涨停→尾盘卖,主线期
2025-01-09,002879,长缆科技,C38电气机械和器材制造业,15.78546942,2025-01-10,15.14,-4.25,1,没涨停→尾盘卖,主线期
2025-01-10,002686,亿利达,C34通用设备制造业,5.6200437,2025-01-13,5.61,-0.33,1,没涨停→尾盘卖,恐慌期
2025-01-10,002698,博实股份,C34通用设备制造业,16.84462641,2025-01-13,16.18,-4.1,1,没涨停→尾盘卖,恐慌期
2025-01-13,002913,奥士康,C39计算机、通信和其他电子设备制造业,23.61324056,2025-01-14,24.18,2.24,1,没涨停→尾盘卖,妖股期
2025-01-13,002164,宁波东力,C34通用设备制造业,5.28,2025-01-15,6.39,20.87,2,再涨停→次日早盘卖,妖股期
2025-01-13,600423,*ST柳化,C26化学原料和化学制品制造业,3.08,2025-01-15,3.6,16.73,2,再涨停→次日早盘卖,妖股期
2025-01-14,002922,伊戈尔,C38电气机械和器材制造业,17.09480565,2025-01-15,16.67,-2.66,1,没涨停→尾盘卖,妖股期
2025-01-16,000607,华媒控股,L72商务服务业,4.18,2025-01-17,3.95,-5.65,1,没涨停→尾盘卖,妖股期
2025-01-17,002688,金河生物,C27医药制造业,4.43631762,2025-01-20,4.57,2.9,1,没涨停→尾盘卖,妖股期
2025-01-17,002666,德联集团,C26化学原料和化学制品制造业,4.79790864,2025-01-21,5.28,9.89,2,再涨停→次日早盘卖,妖股期
2025-01-17,002923,润都股份,C27医药制造业,9.90174396,2025-01-21,11.84,19.41,2,再涨停→次日早盘卖,妖股期
2025-01-20,000020,深华发A,C39计算机、通信和其他电子设备制造业,13.32,2025-01-21,12.9,-3.3,1,没涨停→尾盘卖,妖股期
2025-01-22,002771,真视通,I65软件和信息技术服务业,17.2892394,2025-01-23,17.44,0.72,1,没涨停→尾盘卖,恐慌期
2025-01-22,603191,望变电气,C38电气机械和器材制造业,14.40602134,2025-01-23,14.13,-2.08,1,没涨停→尾盘卖,恐慌期
2025-01-23,600184,光电股份,C35专用设备制造业,10.79822791,2025-01-24,10.71,-0.98,1,没涨停→尾盘卖,妖股期
2025-01-23,603135,中重科技,C35专用设备制造业,9.6308584,2025-01-24,9.34,-3.14,1,没涨停→尾盘卖,妖股期
2025-01-24,002439,启明星辰,I65软件和信息技术服务业,15.26,2025-01-27,14.98,-1.98,1,没涨停→尾盘卖,恐慌期
2025-01-24,002642,荣联科技,I65软件和信息技术服务业,7.57,2025-01-27,7.41,-2.26,1,没涨停→尾盘卖,恐慌期
2025-01-24,603012,创力集团,C35专用设备制造业,5.42008278,2025-01-27,5.25,-3.2,1,没涨停→尾盘卖,恐慌期
2025-01-27,002380,科远智慧,I65软件和信息技术服务业,20.5689069,2025-02-05,21.02,2.02,1,没涨停→尾盘卖,恐慌期
2025-02-05,603322,超讯科技,I65软件和信息技术服务业,40.1,2025-02-06,40.63,1.17,1,没涨停→尾盘卖,主线期
2025-02-05,603496,恒为科技,C39计算机、通信和其他电子设备制造业,24.17044086,2025-02-06,25.56,5.59,1,没涨停→尾盘卖,主线期
2025-02-05,600633,浙数文化,I64互联网和相关服务,10.86798972,2025-02-07,13.15,20.87,2,再涨停→次日早盘卖,主线期
2025-02-06,002284,亚太股份,C36汽车制造业,8.85281626,2025-02-07,9.06,2.19,1,没涨停→尾盘卖,主线期
2025-02-06,002413,雷科防务,C39计算机、通信和其他电子设备制造业,4.58,2025-02-07,4.75,3.56,1,没涨停→尾盘卖,主线期
2025-02-07,002613,北玻股份,C35专用设备制造业,4.3255778,2025-02-10,4.22,-2.67,1,没涨停→尾盘卖,主线期
2025-02-07,600756,浪潮软件,I65软件和信息技术服务业,17.01,2025-02-10,17.63,3.49,1,没涨停→尾盘卖,主线期
2025-02-07,603612,索通发展,C30非金属矿物制品业,15.7690182,2025-02-10,16.38,3.73,1,没涨停→尾盘卖,主线期
2025-02-10,000062,深圳华强,F51批发业,24.109275,2025-02-11,24.29,0.58,1,没涨停→尾盘卖,主线期
2025-02-10,000419,通程控股,F52零售业,5.73611552,2025-02-11,5.59,-2.63,1,没涨停→尾盘卖,主线期
2025-02-10,002987,京北方,I65软件和信息技术服务业,9.60734732,2025-02-11,9.39,-2.38,1,没涨停→尾盘卖,主线期
2025-02-11,600916,中国黄金,F52零售业,8.91777198,2025-02-12,8.49,-4.89,1,没涨停→尾盘卖,妖股期
2025-02-11,603107,上海汽配,C36汽车制造业,17.50317778,2025-02-12,17.0,-3.0,1,没涨停→尾盘卖,妖股期
2025-02-11,603778,国晟科技,C38电气机械和器材制造业,3.6,2025-02-12,3.5,-2.93,1,没涨停→尾盘卖,妖股期
2025-02-12,002153,石基信息,I65软件和信息技术服务业,8.43194235,2025-02-13,8.93,5.77,1,没涨停→尾盘卖,主线期
2025-02-12,002855,捷荣技术,C39计算机、通信和其他电子设备制造业,21.63,2025-02-13,20.93,-3.39,1,没涨停→尾盘卖,主线期
2025-02-12,002649,博彦科技,I65软件和信息技术服务业,14.9792104,2025-02-14,16.54,10.24,2,再涨停→次日早盘卖,主线期
2025-02-13,002739,儒意电影,R87广播、电视、电影和录音制作业,13.65,2025-02-14,13.27,-2.93,1,没涨停→尾盘卖,妖股期
2025-02-14,000948,南天信息,I65软件和信息技术服务业,19.96941099,2025-02-17,21.92,9.6,1,没涨停→尾盘卖,平淡期
2025-02-14,002326,永太科技,C26化学原料和化学制品制造业,9.58,2025-02-17,9.5,-0.99,1,没涨停→尾盘卖,平淡期
2025-02-14,002436,兴森科技,C39计算机、通信和其他电子设备制造业,12.56747908,2025-02-17,12.77,1.44,1,没涨停→尾盘卖,平淡期
2025-02-17,000839,国安股份,I65软件和信息技术服务业,3.39,2025-02-18,3.24,-4.57,1,没涨停→尾盘卖,妖股期
2025-02-17,001298,好上好,F51批发业,12.87794532,2025-02-18,12.72,-1.36,1,没涨停→尾盘卖,妖股期
2025-02-17,000967,盈峰环境,C35专用设备制造业,5.0862616,2025-02-19,5.47,7.4,2,再涨停→次日早盘卖,妖股期
2025-02-18,002827,高争民爆,C26化学原料和化学制品制造业,27.00719018,2025-02-19,26.94,-0.41,1,没涨停→尾盘卖,妖股期
2025-02-18,002290,禾盛新材,C38电气机械和器材制造业,19.82938552,2025-02-20,23.95,20.62,2,再涨停→次日早盘卖,妖股期
2025-02-19,002051,中工国际,E48土木工程建筑业,8.81098712,2025-02-20,8.4,-4.81,1,没涨停→尾盘卖,妖股期
2025-02-19,002357,富临运业,G54道路运输业,8.14417756,2025-02-20,8.29,1.67,1,没涨停→尾盘卖,妖股期
2025-02-20,000547,航天发展,C39计算机、通信和其他电子设备制造业,7.79,2025-02-21,7.86,0.75,1,没涨停→尾盘卖,主线期
2025-02-20,002025,航天电器,C39计算机、通信和其他电子设备制造业,49.154669,2025-02-21,48.18,-2.13,1,没涨停→尾盘卖,主线期
2025-02-20,002414,高德红外,C39计算机、通信和其他电子设备制造业,8.24,2025-02-21,8.16,-1.12,1,没涨停→尾盘卖,主线期
2025-02-21,000581,威孚高科,C36汽车制造业,17.94975694,2025-02-24,19.49,8.45,1,没涨停→尾盘卖,主线期
2025-02-21,002975,博杰股份,C35专用设备制造业,28.844473,2025-02-24,28.38,-1.77,1,没涨停→尾盘卖,主线期
2025-02-21,600100,同方股份,C39计算机、通信和其他电子设备制造业,8.56973678,2025-02-25,9.47,10.41,2,再涨停→次日早盘卖,主线期
2025-02-24,000930,中粮科技,C26化学原料和化学制品制造业,5.82235536,2025-02-25,5.64,-3.22,1,没涨停→尾盘卖,妖股期
2025-02-24,002498,汉缆股份,C38电气机械和器材制造业,3.52781761,2025-02-25,3.49,-1.26,1,没涨停→尾盘卖,妖股期
2025-02-25,603997,继峰股份,C36汽车制造业,11.78496,2025-02-26,11.45,-3.01,1,没涨停→尾盘卖,妖股期
2025-02-26,000829,天音控股,F51批发业,12.37700289,2025-02-27,11.97,-3.46,1,没涨停→尾盘卖,妖股期
2025-02-26,002110,三钢闽光,C31黑色金属冶炼和压延加工业,4.00668978,2025-02-27,4.26,6.07,1,没涨停→尾盘卖,妖股期
2025-02-26,002434,万里扬,C36汽车制造业,7.59411828,2025-02-27,7.6,-0.02,1,没涨停→尾盘卖,妖股期
2025-02-27,002406,远东传动,C36汽车制造业,7.48464049,2025-02-28,7.08,-5.53,1,没涨停→尾盘卖,妖股期
2025-02-27,002488,金固股份,C36汽车制造业,12.73659816,2025-02-28,13.17,3.22,1,没涨停→尾盘卖,妖股期
2025-02-27,601956,东贝集团,C34通用设备制造业,5.76796116,2025-02-28,5.41,-6.34,1,没涨停→尾盘卖,妖股期
2025-03-03,002037,保利联合,C26化学原料和化学制品制造业,8.39,2025-03-04,8.25,-1.82,1,没涨停→尾盘卖,妖股期
2025-03-03,002759,ST天际,C26化学原料和化学制品制造业,9.27,2025-03-04,9.03,-2.74,1,没涨停→尾盘卖,妖股期
2025-03-03,600129,太极集团,C27医药制造业,22.22,2025-03-04,21.85,-1.82,1,没涨停→尾盘卖,妖股期
2025-03-04,002246,北化股份,C26化学原料和化学制品制造业,11.01822638,2025-03-05,10.86,-1.6,1,没涨停→尾盘卖,妖股期
2025-03-04,002590,万安科技,C36汽车制造业,13.87788674,2025-03-05,13.78,-0.86,1,没涨停→尾盘卖,妖股期
2025-03-04,001339,智微智能,C39计算机、通信和其他电子设备制造业,39.01700418,2025-03-06,43.75,11.99,2,再涨停→次日早盘卖,妖股期
2025-03-05,002194,武汉凡谷,C39计算机、通信和其他电子设备制造业,13.30646576,2025-03-06,13.39,0.45,1,没涨停→尾盘卖,妖股期
2025-03-05,600343,航天动力,C34通用设备制造业,11.44,2025-03-06,11.68,1.95,1,没涨停→尾盘卖,妖股期
2025-03-06,002609,捷顺科技,I65软件和信息技术服务业,9.167152,2025-03-07,9.07,-1.22,1,没涨停→尾盘卖,主线期
2025-03-06,002657,中科金财,I65软件和信息技术服务业,21.34,2025-03-07,21.48,0.51,1,没涨停→尾盘卖,主线期
2025-03-06,002885,京泉华,C39计算机、通信和其他电子设备制造业,14.90804334,2025-03-07,14.21,-4.84,1,没涨停→尾盘卖,主线期
2025-03-07,000509,华塑控股,C39计算机、通信和其他电子设备制造业,3.69,2025-03-10,3.62,-2.05,1,没涨停→尾盘卖,妖股期
2025-03-07,002943,宇晶股份,C34通用设备制造业,16.2607572,2025-03-10,16.65,2.22,1,没涨停→尾盘卖,妖股期
2025-03-07,600361,创新新材,C32有色金属冶炼和压延加工业,4.09042088,2025-03-10,4.23,3.36,1,没涨停→尾盘卖,妖股期
2025-03-10,000410,沈阳机床,C34通用设备制造业,7.69,2025-03-11,7.5,-2.62,1,没涨停→尾盘卖,妖股期
2025-03-10,600641,先导基电,K70房地产业,15.7534532,2025-03-11,16.13,2.26,1,没涨停→尾盘卖,妖股期
2025-03-10,600610,中毅达,C26化学原料和化学制品制造业,4.43,2025-03-12,5.16,16.33,2,再涨停→次日早盘卖,妖股期
2025-03-11,003025,思进智能,C34通用设备制造业,15.14943822,2025-03-12,15.04,-0.9,1,没涨停→尾盘卖,妖股期
2025-03-11,002574,明牌珠宝,C24文教、工美、体育和娱乐用品制造业,5.38,2025-03-13,6.51,20.85,2,再涨停→次日早盘卖,妖股期
2025-03-12,002785,万里石,C30非金属矿物制品业,31.72,2025-03-13,32.07,0.95,1,没涨停→尾盘卖,妖股期
2025-03-12,002970,锐明技术,I65软件和信息技术服务业,56.9344801,2025-03-13,53.29,-6.56,1,没涨停→尾盘卖,妖股期
2025-03-13,002724,海洋王,C38电气机械和器材制造业,5.38032744,2025-03-17,6.51,20.86,2,再涨停→次日早盘卖,平淡期
2025-03-14,000799,酒鬼酒,C15酒、饮料和精制茶制造业,50.86673172,2025-03-17,50.45,-0.98,1,没涨停→尾盘卖,妖股期
2025-03-14,000915,华特达因,C27医药制造业,24.2617752,2025-03-17,25.27,3.99,1,没涨停→尾盘卖,妖股期
2025-03-17,001914,招商积余,K70房地产业,11.36206056,2025-03-18,11.58,1.78,1,没涨停→尾盘卖,妖股期
2025-03-17,002708,光洋股份,C36汽车制造业,12.56,2025-03-18,12.78,1.6,1,没涨停→尾盘卖,妖股期
2025-03-17,600211,西藏药业,C27医药制造业,37.22927494,2025-03-18,36.73,-1.47,1,再涨停→次日早盘卖,妖股期
2025-03-18,002715,登云股份,C36汽车制造业,16.90154067,2025-03-19,18.09,6.88,1,没涨停→尾盘卖,妖股期
2025-03-18,603966,法兰泰克,C34通用设备制造业,6.87604332,2025-03-19,6.86,-0.36,1,没涨停→尾盘卖,妖股期
2025-03-19,601619,嘉泽新能,D44电力、热力生产和供应业,3.6751253,2025-03-20,3.84,4.27,1,没涨停→尾盘卖,妖股期
2025-03-20,002863,今飞凯达,C36汽车制造业,5.53445783,2025-03-21,5.45,-1.59,1,没涨停→尾盘卖,妖股期
2025-03-20,600550,保变电气,C38电气机械和器材制造业,8.55,2025-03-21,8.2,-4.24,1,没涨停→尾盘卖,妖股期
2025-03-20,600320,振华重工,C34通用设备制造业,4.3465386,2025-03-24,5.26,20.88,2,再涨停→次日早盘卖,妖股期
2025-03-21,003007,直真科技,I65软件和信息技术服务业,38.78157468,2025-03-24,37.34,-3.88,1,没涨停→尾盘卖,妖股期
2025-03-21,601608,中信重工,C35专用设备制造业,5.19236166,2025-03-25,5.41,4.03,2,再涨停→次日早盘卖,妖股期
2025-03-24,000422,湖北宜化,C26化学原料和化学制品制造业,14.23282608,2025-03-25,15.09,5.89,1,没涨停→尾盘卖,妖股期
2025-03-24,000888,峨眉山A,N78公共设施管理业,14.46577405,2025-03-25,15.09,4.17,1,没涨停→尾盘卖,妖股期
2025-03-25,000822,山东海化,C26化学原料和化学制品制造业,6.45,2025-03-26,6.57,1.71,1,没涨停→尾盘卖,妖股期
2025-03-25,600727,鲁北化工,C26化学原料和化学制品制造业,8.69672983,2025-03-26,8.95,2.8,1,没涨停→尾盘卖,妖股期
2025-03-25,600468,百利电气,C38电气机械和器材制造业,4.83108985,2025-03-27,5.33,10.16,2,再涨停→次日早盘卖,妖股期
2025-03-26,002248,华东数控,C34通用设备制造业,9.53,2025-03-27,9.39,-1.62,1,没涨停→尾盘卖,妖股期
2025-03-26,002363,隆基机械,C36汽车制造业,8.34756112,2025-03-27,7.95,-4.97,1,没涨停→尾盘卖,妖股期
2025-03-27,000859,国风新材,C29橡胶和塑料制品业,5.69,2025-03-28,5.51,-3.31,1,没涨停→尾盘卖,恐慌期
2025-03-27,002584,西陇科学,C26化学原料和化学制品制造业,8.34,2025-03-28,8.12,-2.79,1,没涨停→尾盘卖,恐慌期
2025-03-27,000953,中哲精化,C27医药制造业,5.6,2025-03-31,6.16,9.85,2,再涨停→次日早盘卖,恐慌期
2025-04-01,000862,银星能源,D44电力、热力生产和供应业,5.32,2025-04-02,5.29,-0.71,1,没涨停→尾盘卖,平淡期
2025-04-01,002437,誉衡药业,C27医药制造业,2.67,2025-04-02,2.62,-2.02,1,没涨停→尾盘卖,平淡期
2025-04-01,600101,明星电力,D44电力、热力生产和供应业,11.731716,2025-04-02,11.51,-2.07,1,没涨停→尾盘卖,平淡期
2025-04-02,000559,万向钱潮,C36汽车制造业,7.1980112,2025-04-03,7.46,3.47,1,没涨停→尾盘卖,平淡期
2025-04-03,000599,青岛双星,C29橡胶和塑料制品业,4.8,2025-04-07,4.74,-1.4,1,没涨停→尾盘卖,妖股期
2025-04-03,002094,青岛金王,C26化学原料和化学制品制造业,5.86,2025-04-07,5.62,-4.25,1,没涨停→尾盘卖,妖股期
2025-04-03,600032,浙江新能,D44电力、热力生产和供应业,8.4154505,2025-04-07,8.84,4.91,1,没涨停→尾盘卖,妖股期
2025-04-07,002880,卫光生物,C27医药制造业,30.06647613,2025-04-08,32.52,8.01,1,没涨停→尾盘卖,恐慌期
2025-04-07,000713,国投丰乐,A05农、林、牧、渔专业及辅助性活动,8.00206674,2025-04-09,9.22,15.09,2,再涨停→次日早盘卖,恐慌期
2025-04-07,600354,敦煌种业,A05农、林、牧、渔专业及辅助性活动,6.35,2025-04-09,7.15,12.45,2,再涨停→次日早盘卖,恐慌期
2025-04-08,000639,ST西王,C13农副食品加工业,2.76,2025-04-09,2.69,-2.69,1,没涨停→尾盘卖,妖股期
2025-04-09,000582,北部湾港,G55水上运输业,9.08944448,2025-04-10,9.33,2.54,1,没涨停→尾盘卖,妖股期
2025-04-09,002374,中锐股份,C33金属制品业,2.39,2025-04-10,2.35,-1.82,1,没涨停→尾盘卖,妖股期
2025-04-09,002685,华东重机,C34通用设备制造业,5.53,2025-04-10,5.72,3.29,1,没涨停→尾盘卖,妖股期
2025-04-10,000736,中交发展,K70房地产业,5.38,2025-04-11,5.21,-3.31,1,没涨停→尾盘卖,妖股期
2025-04-10,002353,杰瑞股份,C35专用设备制造业,30.7684762,2025-04-11,30.16,-2.14,1,没涨停→尾盘卖,妖股期
2025-04-10,001234,泰慕士,C18纺织服装、服饰业,16.9925308,2025-04-14,20.57,20.88,2,再涨停→次日早盘卖,妖股期
2025-04-11,002077,大港股份,C39计算机、通信和其他电子设备制造业,14.43,2025-04-14,14.76,2.14,1,没涨停→尾盘卖,妖股期
2025-04-11,000670,盈方微,F51批发业,6.22,2025-04-15,7.09,13.84,2,再涨停→次日早盘卖,妖股期
2025-04-14,000031,大悦城,K70房地产业,2.82,2025-04-15,2.67,-5.47,1,没涨停→尾盘卖,妖股期
2025-04-14,002155,湖南黄金,B09有色金属矿采选业,18.908,2025-04-15,19.14,1.07,1,没涨停→尾盘卖,妖股期
2025-04-15,000600,建投能源,D44电力、热力生产和供应业,6.25385136,2025-04-16,6.35,1.37,1,没涨停→尾盘卖,妖股期
2025-04-15,000899,赣能股份,D44电力、热力生产和供应业,9.723,2025-04-16,9.72,-0.25,1,再涨停→次日早盘卖,妖股期
2025-04-15,002562,兄弟科技,C27医药制造业,4.19607776,2025-04-16,3.94,-6.22,1,没涨停→尾盘卖,妖股期
2025-04-16,000931,中关村,C27医药制造业,5.06461108,2025-04-17,5.17,2.01,1,没涨停→尾盘卖,妖股期
2025-04-16,002909,集泰股份,C26化学原料和化学制品制造业,5.96516503,2025-04-17,5.76,-3.61,1,再涨停→次日早盘卖,妖股期
2025-04-16,002820,桂发祥,C14食品制造业,11.9182449,2025-04-18,12.98,8.79,2,再涨停→次日早盘卖,妖股期
2025-04-17,600594,益佰制药,C27医药制造业,3.63,2025-04-18,3.57,-1.8,1,没涨停→尾盘卖,妖股期
2025-04-17,000514,渝开发,K70房地产业,4.07888747,2025-04-21,4.39,7.43,2,再涨停→次日早盘卖,妖股期
2025-04-18,000402,金融街,K70房地产业,3.04,2025-04-21,2.96,-2.78,1,没涨停→尾盘卖,妖股期
2025-04-18,000560,我爱我家,K70房地产业,3.576,2025-04-21,3.56,-0.71,1,没涨停→尾盘卖,妖股期
2025-04-21,002235,安妮股份,C22造纸和纸制品业,5.35,2025-04-22,5.4,0.78,1,没涨停→尾盘卖,妖股期
2025-04-21,003006,百亚股份,C22造纸和纸制品业,28.36066527,2025-04-22,29.36,3.36,1,没涨停→尾盘卖,妖股期
2025-04-21,002565,顺灏股份,C22造纸和纸制品业,3.321,2025-04-23,3.81,14.6,2,再涨停→次日早盘卖,妖股期
2025-04-22,000957,中通客车,C36汽车制造业,11.222,2025-04-23,11.26,0.21,1,没涨停→尾盘卖,妖股期
2025-04-22,002317,众生药业,C27医药制造业,11.54941088,2025-04-23,11.21,-3.11,1,没涨停→尾盘卖,妖股期
2025-04-23,002983,芯瑞达,C39计算机、通信和其他电子设备制造业,17.9646991,2025-04-24,17.31,-3.77,1,没涨停→尾盘卖,妖股期
2025-04-23,603897,长城科技,C38电气机械和器材制造业,22.41660582,2025-04-24,21.88,-2.54,1,没涨停→尾盘卖,妖股期
2025-04-23,002469,三维化学,C26化学原料和化学制品制造业,8.38872628,2025-04-25,8.84,5.17,2,再涨停→次日早盘卖,妖股期
2025-04-24,000881,中广核技,C26化学原料和化学制品制造业,7.32,2025-04-25,7.37,0.53,1,没涨停→尾盘卖,妖股期
2025-04-24,002821,凯莱英,C27医药制造业,72.19744491,2025-04-25,72.88,0.8,1,没涨停→尾盘卖,妖股期
2025-04-25,000055,方大集团,C33金属制品业,4.25756885,2025-04-28,4.08,-4.33,1,没涨停→尾盘卖,妖股期
2025-04-25,000966,长源电力,D44电力、热力生产和供应业,5.538,2025-04-28,5.87,5.81,1,没涨停→尾盘卖,妖股期
2025-04-25,000565,渝三峡A,C26化学原料和化学制品制造业,5.64,2025-04-29,6.83,20.95,2,再涨停→次日早盘卖,妖股期
2025-04-28,000993,闽东电力,D44电力、热力生产和供应业,11.73911835,2025-04-29,10.69,-9.1,1,没涨停→尾盘卖,恐慌期
2025-04-28,600116,三峡水利,D44电力、热力生产和供应业,7.42848628,2025-04-29,6.98,-6.19,1,没涨停→尾盘卖,恐慌期
2025-04-29,000698,ST沈化,C26化学原料和化学制品制造业,3.75,2025-04-30,3.61,-3.88,1,没涨停→尾盘卖,恐慌期
2025-04-29,002440,闰土股份,C26化学原料和化学制品制造业,7.017,2025-04-30,6.62,-5.85,1,没涨停→尾盘卖,恐慌期
2025-04-29,002587,奥拓电子,C39计算机、通信和其他电子设备制造业,5.61200157,2025-04-30,5.63,0.2,1,没涨停→尾盘卖,恐慌期
2025-04-30,002491,通鼎互联,C38电气机械和器材制造业,4.61,2025-05-06,4.94,7.01,1,没涨停→尾盘卖,妖股期
2025-04-30,002901,大博医疗,C35专用设备制造业,36.0234336,2025-05-06,37.89,5.1,1,再涨停→次日早盘卖,妖股期
2025-04-30,600463,空港股份,E48土木工程建筑业,9.34,2025-05-06,9.5,1.56,1,没涨停→尾盘卖,妖股期
2025-05-06,001896,豫能控股,D44电力、热力生产和供应业,4.63,2025-05-07,4.56,-1.66,1,没涨停→尾盘卖,妖股期
2025-05-06,002106,莱宝高科,C39计算机、通信和其他电子设备制造业,10.24053634,2025-05-07,10.8,5.32,1,没涨停→尾盘卖,妖股期
2025-05-06,002462,嘉事堂,F51批发业,12.845,2025-05-08,14.71,14.41,2,再涨停→次日早盘卖,妖股期
2025-05-07,000545,金浦钛业,C26化学原料和化学制品制造业,2.35,2025-05-08,2.43,3.25,1,没涨停→尾盘卖,妖股期
2025-05-07,001696,宗申动力,C34通用设备制造业,23.47982884,2025-05-08,24.3,3.36,1,没涨停→尾盘卖,妖股期
2025-05-08,002130,沃尔核材,C39计算机、通信和其他电子设备制造业,20.911,2025-05-09,19.9,-4.98,1,没涨停→尾盘卖,妖股期
2025-05-08,002158,汉钟精机,C34通用设备制造业,18.1357803,2025-05-09,18.45,1.58,1,没涨停→尾盘卖,妖股期
2025-05-08,002519,银河电子,C39计算机、通信和其他电子设备制造业,4.93,2025-05-09,4.77,-3.4,1,没涨停→尾盘卖,妖股期
2025-05-09,000576,甘化科工,C39计算机、通信和其他电子设备制造业,8.67,2025-05-12,8.9,2.5,1,没涨停→尾盘卖,平淡期
2025-05-09,605055,迎丰股份,C17纺织业,6.26595775,2025-05-13,7.59,20.95,2,再涨停→次日早盘卖,平淡期
2025-05-12,002413,雷科防务,C39计算机、通信和其他电子设备制造业,5.38,2025-05-13,5.27,-2.19,1,没涨停→尾盘卖,平淡期
2025-05-12,002551,尚荣医疗,C35专用设备制造业,3.62052207,2025-05-14,4.38,20.79,2,再涨停→次日早盘卖,平淡期
2025-05-13,002506,协鑫集成,C38电气机械和器材制造业,2.43,2025-05-14,2.38,-2.21,1,没涨停→尾盘卖,妖股期
2025-05-13,600500,中化国际,C26化学原料和化学制品制造业,4.08,2025-05-14,4.03,-1.38,1,没涨停→尾盘卖,妖股期
2025-05-14,000712,锦龙股份,J67资本市场服务,13.79,2025-05-15,13.36,-3.27,1,没涨停→尾盘卖,妖股期
2025-05-14,002136,安纳达,C26化学原料和化学制品制造业,10.33,2025-05-15,10.05,-2.86,1,没涨停→尾盘卖,妖股期
2025-05-14,601236,红塔证券,J67资本市场服务,8.1159996,2025-05-15,8.15,0.21,1,没涨停→尾盘卖,妖股期
2025-05-15,600223,福瑞达,C26化学原料和化学制品制造业,7.96375237,2025-05-16,8.27,3.67,1,没涨停→尾盘卖,妖股期
2025-05-16,002284,亚太股份,C36汽车制造业,12.45112131,2025-05-19,13.08,4.92,1,没涨停→尾盘卖,妖股期
2025-05-16,603337,杰克科技,C35专用设备制造业,41.1682422,2025-05-19,40.18,-2.55,1,没涨停→尾盘卖,妖股期
2025-05-19,000088,盐田港,G55水上运输业,5.045,2025-05-20,4.74,-6.29,1,没涨停→尾盘卖,妖股期
2025-05-19,600082,ST海泰,F51批发业,3.66,2025-05-20,3.52,-3.98,1,没涨停→尾盘卖,妖股期
2025-05-19,002431,ST棕榈,E48土木工程建筑业,2.18,2025-05-21,2.59,18.66,2,再涨停→次日早盘卖,妖股期
2025-05-20,002161,远望谷,C39计算机、通信和其他电子设备制造业,5.942,2025-05-21,5.74,-3.52,1,没涨停→尾盘卖,妖股期
2025-05-20,002456,欧菲光,C39计算机、通信和其他电子设备制造业,13.35,2025-05-21,12.85,-3.9,1,没涨停→尾盘卖,妖股期
2025-05-21,002617,露笑科技,C38电气机械和器材制造业,8.23,2025-05-22,8.02,-2.7,1,没涨停→尾盘卖,妖股期
2025-05-21,002761,浙江建投,E48土木工程建筑业,9.61624356,2025-05-22,9.48,-1.59,1,没涨停→尾盘卖,妖股期
2025-05-21,600379,宝光股份,C38电气机械和器材制造业,10.74802085,2025-05-23,12.74,18.38,2,再涨停→次日早盘卖,妖股期
2025-05-22,002045,国光电器,C39计算机、通信和其他电子设备制造业,16.155,2025-05-23,15.91,-1.64,1,没涨停→尾盘卖,平淡期
2025-05-22,000561,烽火电子,C39计算机、通信和其他电子设备制造业,8.7,2025-05-26,9.6,10.19,2,再涨停→次日早盘卖,平淡期
2025-05-23,002886,沃特股份,C29橡胶和塑料制品业,20.23837269,2025-05-26,20.6,1.62,1,没涨停→尾盘卖,平淡期
2025-05-23,603009,北特科技,C36汽车制造业,47.0640027,2025-05-26,46.39,-1.59,1,没涨停→尾盘卖,平淡期
2025-05-26,000045,深纺织A,C39计算机、通信和其他电子设备制造业,11.011,2025-05-27,10.9,-1.33,1,再涨停→次日早盘卖,妖股期
2025-05-26,000777,中核科技,C34通用设备制造业,19.593,2025-05-27,20.12,2.56,1,没涨停→尾盘卖,妖股期
2025-05-26,002215,诺普信,C26化学原料和化学制品制造业,10.51548445,2025-05-28,12.01,14.03,2,再涨停→次日早盘卖,妖股期
2025-05-27,002258,利尔化学,C26化学原料和化学制品制造业,11.20132195,2025-05-28,11.7,4.34,1,没涨停→尾盘卖,妖股期
2025-05-27,600189,泉阳泉,C15酒、饮料和精制茶制造业,8.04,2025-05-28,8.04,-0.15,1,没涨停→尾盘卖,妖股期
2025-05-28,002550,千红制药,C27医药制造业,6.805,2025-05-29,7.03,3.19,1,没涨停→尾盘卖,妖股期
2025-05-28,000826,*ST启环,N78公共设施管理业,2.07,2025-05-30,2.51,21.11,2,再涨停→次日早盘卖,妖股期
2025-05-29,000037,深南电A,D44电力、热力生产和供应业,9.43263222,2025-05-30,9.26,-1.95,1,没涨停→尾盘卖,妖股期
2025-05-29,001208,华菱线缆,C38电气机械和器材制造业,11.503,2025-05-30,10.65,-7.52,1,没涨停→尾盘卖,妖股期
2025-05-30,002082,ST万邦,C27医药制造业,6.26,2025-06-04,7.57,20.78,2,再涨停→次日早盘卖,平淡期
2025-06-03,002644,佛慈制药,C27医药制造业,9.22295074,2025-06-04,9.34,1.15,1,没涨停→尾盘卖,妖股期
2025-06-03,000989,九芝堂,C27医药制造业,9.053,2025-06-05,9.98,10.12,2,再涨停→次日早盘卖,妖股期
2025-06-04,002275,桂林三金,C27医药制造业,15.57293724,2025-06-05,15.21,-2.5,1,没涨停→尾盘卖,妖股期
2025-06-04,002615,哈尔斯,C33金属制品业,8.01,2025-06-05,7.7,-4.02,1,没涨停→尾盘卖,妖股期
2025-06-05,000530,冰山冷热,C34通用设备制造业,5.93486776,2025-06-06,6.05,1.84,1,没涨停→尾盘卖,妖股期
2025-06-05,001309,德明利,C39计算机、通信和其他电子设备制造业,87.46034044,2025-06-06,84.89,-3.09,1,没涨停→尾盘卖,妖股期
2025-06-05,002090,金智科技,C38电气机械和器材制造业,10.46,2025-06-06,9.79,-6.56,1,没涨停→尾盘卖,妖股期
2025-06-06,002213,大为股份,C39计算机、通信和其他电子设备制造业,16.49,2025-06-09,16.05,-2.82,1,没涨停→尾盘卖,妖股期
2025-06-06,600151,航天机电,C38电气机械和器材制造业,7.22,2025-06-09,7.36,1.65,1,再涨停→次日早盘卖,妖股期
2025-06-06,003040,楚天龙,C39计算机、通信和其他电子设备制造业,15.56822152,2025-06-10,17.93,15.0,2,再涨停→次日早盘卖,妖股期
2025-06-09,002017,东信和平,C39计算机、通信和其他电子设备制造业,11.691,2025-06-10,11.38,-2.8,1,没涨停→尾盘卖,妖股期
2025-06-09,002038,双鹭药业,C27医药制造业,7.7052474,2025-06-10,7.57,-1.96,1,没涨停→尾盘卖,妖股期
2025-06-11,002426,胜利精密,C39计算机、通信和其他电子设备制造业,2.98,2025-06-12,2.94,-1.49,1,没涨停→尾盘卖,妖股期
2025-06-11,002759,ST天际,C26化学原料和化学制品制造业,8.49,2025-06-12,8.22,-3.33,1,没涨停→尾盘卖,妖股期
2025-06-11,600557,康缘药业,C27医药制造业,16.32,2025-06-12,17.24,5.49,1,没涨停→尾盘卖,妖股期
2025-06-12,002449,国星光电,C39计算机、通信和其他电子设备制造业,9.86000405,2025-06-13,10.06,1.88,1,没涨停→尾盘卖,妖股期
2025-06-12,002902,铭普光磁,C39计算机、通信和其他电子设备制造业,20.69,2025-06-13,19.93,-3.82,1,没涨停→尾盘卖,妖股期
2025-06-12,603239,浙江仙通,C36汽车制造业,15.92707809,2025-06-13,15.22,-4.6,1,没涨停→尾盘卖,妖股期
2025-06-13,002109,ST兴化,C26化学原料和化学制品制造业,3.76,2025-06-16,4.07,8.09,1,没涨停→尾盘卖,平淡期
2025-06-13,002319,乐通股份,C26化学原料和化学制品制造业,11.51,2025-06-16,11.44,-0.76,1,没涨停→尾盘卖,平淡期
2025-06-13,600714,金瑞矿业,C26化学原料和化学制品制造业,11.97132969,2025-06-17,12.51,4.34,2,再涨停→次日早盘卖,平淡期
2025-06-16,000590,古汉医药,C27医药制造业,10.19,2025-06-17,10.22,0.05,1,再涨停→次日早盘卖,妖股期
2025-06-16,000766,通化金马,C27医药制造业,27.61,2025-06-17,26.32,-4.82,1,没涨停→尾盘卖,妖股期
2025-06-17,000525,红太阳,C26化学原料和化学制品制造业,9.03,2025-06-18,8.49,-6.13,1,没涨停→尾盘卖,妖股期
2025-06-17,002855,捷荣技术,C39计算机、通信和其他电子设备制造业,18.43,2025-06-18,19.06,3.27,1,没涨停→尾盘卖,妖股期
2025-06-17,000020,深华发A,C39计算机、通信和其他电子设备制造业,13.78,2025-06-19,15.92,15.38,2,再涨停→次日早盘卖,妖股期
2025-06-18,002150,正泰电源,C38电气机械和器材制造业,11.715173,2025-06-19,12.01,2.4,1,没涨停→尾盘卖,平淡期
2025-06-18,002579,中京电子,C39计算机、通信和其他电子设备制造业,9.01,2025-06-20,10.9,20.83,2,再涨停→次日早盘卖,平淡期
2025-06-19,002476,新叶股份,C26化学原料和化学制品制造业,5.23,2025-06-20,5.4,3.1,1,没涨停→尾盘卖,平淡期
2025-06-19,002125,湘潭电化,C26化学原料和化学制品制造业,11.055,2025-06-23,13.38,20.84,2,再涨停→次日早盘卖,平淡期
2025-06-20,603155,新亚强,C26化学原料和化学制品制造业,9.68943455,2025-06-24,11.72,20.84,2,再涨停→次日早盘卖,平淡期
2025-06-20,603948,建业股份,C26化学原料和化学制品制造业,18.86380028,2025-06-24,22.83,20.86,2,再涨停→次日早盘卖,平淡期
2025-06-23,000547,航天发展,C39计算机、通信和其他电子设备制造业,7.96,2025-06-24,7.79,-2.16,1,再涨停→次日早盘卖,主线期
2025-06-24,002227,*ST特迅,C38电气机械和器材制造业,13.09,2025-06-25,13.09,-0.15,1,没涨停→尾盘卖,主线期
2025-06-24,002281,光迅科技,C39计算机、通信和其他电子设备制造业,47.19,2025-06-25,47.71,0.95,1,没涨停→尾盘卖,主线期
2025-06-24,002263,大东南,C29橡胶和塑料制品业,2.82,2025-06-26,3.39,20.06,2,再涨停→次日早盘卖,主线期
2025-06-25,002073,软控股份,C35专用设备制造业,8.75622332,2025-06-26,8.6,-1.96,1,没涨停→尾盘卖,妖股期
2025-06-25,002705,新宝股份,C38电气机械和器材制造业,14.63276552,2025-06-26,14.8,0.97,1,没涨停→尾盘卖,妖股期
2025-06-26,000607,华媒控股,L72商务服务业,4.51,2025-06-27,4.33,-4.14,1,没涨停→尾盘卖,平淡期
2025-06-26,000973,佛塑科技,C29橡胶和塑料制品业,7.268,2025-06-27,7.02,-3.59,1,没涨停→尾盘卖,平淡期
2025-06-26,002178,延华智能,I65软件和信息技术服务业,6.44,2025-06-27,6.2,-3.88,1,没涨停→尾盘卖,平淡期
2025-06-27,000700,模塑科技,C36汽车制造业,7.433,2025-06-30,7.52,1.06,1,没涨停→尾盘卖,妖股期
2025-06-27,000737,北方铜业,C32有色金属冶炼和压延加工业,10.10275869,2025-06-30,10.64,5.18,1,没涨停→尾盘卖,妖股期
2025-06-27,000868,安凯客车,C36汽车制造业,6.2,2025-06-30,5.9,-4.99,1,没涨停→尾盘卖,妖股期
2025-06-30,002052,同洲电子,C39计算机、通信和其他电子设备制造业,10.37,2025-07-01,11.33,9.11,1,没涨停→尾盘卖,妖股期
2025-06-30,002401,中远海科,I65软件和信息技术服务业,17.202,2025-07-01,16.58,-3.75,1,没涨停→尾盘卖,妖股期
2025-06-30,002517,恺英网络,I64互联网和相关服务,19.211,2025-07-01,19.88,3.34,1,没涨停→尾盘卖,妖股期
2025-07-01,000153,丰原药业,C27医药制造业,6.66331897,2025-07-02,6.72,0.73,1,没涨停→尾盘卖,妖股期
2025-07-01,002424,ST百灵,C27医药制造业,5.7,2025-07-02,5.72,0.2,1,没涨停→尾盘卖,妖股期
2025-07-01,002729,好利科技,C39计算机、通信和其他电子设备制造业,15.3719258,2025-07-02,15.85,2.97,1,没涨停→尾盘卖,妖股期
2025-07-02,000798,中水渔业,A04渔业,8.16,2025-07-03,7.85,-3.95,1,没涨停→尾盘卖,妖股期
2025-07-02,000959,首钢股份,C31黑色金属冶炼和压延加工业,3.82,2025-07-03,3.81,-0.41,1,没涨停→尾盘卖,妖股期
2025-07-02,002069,獐子岛,A04渔业,4.28,2025-07-03,4.1,-4.36,1,没涨停→尾盘卖,妖股期
2025-07-03,001267,汇绿生态,C39计算机、通信和其他电子设备制造业,10.827,2025-07-04,10.8,-0.43,1,没涨停→尾盘卖,平淡期
2025-07-03,002093,国脉科技,I65软件和信息技术服务业,12.832,2025-07-04,13.25,3.12,1,没涨停→尾盘卖,平淡期
2025-07-03,002636,金安国纪,C39计算机、通信和其他电子设备制造业,10.28462709,2025-07-07,11.2,8.77,2,再涨停→次日早盘卖,平淡期
2025-07-04,002020,京新药业,C27医药制造业,14.596,2025-07-07,14.53,-0.63,1,没涨停→尾盘卖,平淡期
2025-07-04,600267,海正药业,C27医药制造业,10.4401524,2025-07-07,10.54,0.79,1,没涨停→尾盘卖,平淡期
2025-07-07,002324,普利特,C29橡胶和塑料制品业,11.396,2025-07-08,11.46,0.38,1,没涨停→尾盘卖,妖股期
2025-07-07,002395,双象股份,C29橡胶和塑料制品业,18.97709192,2025-07-08,19.05,0.21,1,没涨停→尾盘卖,妖股期
2025-07-07,603976,正川股份,C27医药制造业,19.8538124,2025-07-08,20.03,0.74,1,没涨停→尾盘卖,妖股期
2025-07-08,002225,濮耐股份,C30非金属矿物制品业,5.821,2025-07-09,5.8,-0.49,1,没涨停→尾盘卖,妖股期
2025-07-08,002865,钧达股份,C38电气机械和器材制造业,42.69,2025-07-09,43.28,1.23,1,没涨停→尾盘卖,妖股期
2025-07-08,002218,拓日新能,C38电气机械和器材制造业,3.71000064,2025-07-10,4.27,14.94,2,再涨停→次日早盘卖,妖股期
2025-07-09,600821,金开新能,D44电力、热力生产和供应业,5.86777569,2025-07-10,5.68,-3.33,1,没涨停→尾盘卖,妖股期
2025-07-09,603778,国晟科技,C38电气机械和器材制造业,4.13,2025-07-11,4.86,17.53,2,再涨停→次日早盘卖,妖股期
2025-07-10,000635,英力特,C26化学原料和化学制品制造业,9.93,2025-07-11,9.57,-3.78,1,没涨停→尾盘卖,妖股期
2025-07-10,002107,沃华医药,C27医药制造业,6.137,2025-07-11,6.4,4.09,1,没涨停→尾盘卖,妖股期
2025-07-11,002912,中新赛克,I65软件和信息技术服务业,25.6119944,2025-07-14,26.85,4.76,1,再涨停→次日早盘卖,平淡期
2025-07-11,002896,中大力德,C34通用设备制造业,61.33979136,2025-07-15,69.89,13.78,2,再涨停→次日早盘卖,平淡期
2025-07-11,600173,卧龙新能,K70房地产业,6.86,2025-07-15,7.26,5.68,2,再涨停→次日早盘卖,平淡期
2025-07-14,000880,潍柴重机,C34通用设备制造业,26.727,2025-07-16,31.75,18.66,2,再涨停→次日早盘卖,妖股期
2025-07-15,000409,云鼎科技,I65软件和信息技术服务业,12.34,2025-07-16,12.18,-1.45,1,没涨停→尾盘卖,妖股期
2025-07-15,002133,广宇集团,K70房地产业,3.371,2025-07-16,3.14,-6.97,1,没涨停→尾盘卖,妖股期
2025-07-16,000513,丽珠集团,C27医药制造业,41.04,2025-07-17,40.83,-0.66,1,没涨停→尾盘卖,妖股期
2025-07-16,002117,东港股份,C23印刷和记录媒介复制业,12.11439301,2025-07-17,11.97,-1.35,1,没涨停→尾盘卖,妖股期
2025-07-16,000705,浙江震元,F51批发业,9.59,2025-07-18,11.61,20.91,2,再涨停→次日早盘卖,妖股期
2025-07-17,001339,智微智能,C39计算机、通信和其他电子设备制造业,41.78925322,2025-07-18,42.8,2.26,1,没涨停→尾盘卖,平淡期
2025-07-17,600230,沧州大化,C26化学原料和化学制品制造业,12.4808124,2025-07-21,14.28,14.25,2,再涨停→次日早盘卖,平淡期
2025-07-18,000751,锌业股份,C32有色金属冶炼和压延加工业,3.5231871,2025-07-21,3.5,-0.72,1,没涨停→尾盘卖,妖股期
2025-07-18,600444,国机通用,C35专用设备制造业,18.7206367,2025-07-22,22.1,17.9,2,再涨停→次日早盘卖,妖股期
2025-07-21,000400,许继电气,C38电气机械和器材制造业,23.451,2025-07-22,24.35,3.69,1,没涨停→尾盘卖,主线期
2025-07-21,000401,金隅冀东,C30非金属矿物制品业,5.117091,2025-07-22,5.46,6.52,1,没涨停→尾盘卖,主线期
2025-07-22,000528,柳工,C35专用设备制造业,11.644,2025-07-23,11.34,-2.73,1,没涨停→尾盘卖,平淡期
2025-07-22,000657,中钨高新,C33金属制品业,15.22084284,2025-07-23,16.14,5.88,1,没涨停→尾盘卖,平淡期
2025-07-22,000922,佳电股份,C38电气机械和器材制造业,10.6750209,2025-07-23,10.52,-1.62,1,没涨停→尾盘卖,平淡期
2025-07-23,002613,北玻股份,C35专用设备制造业,4.41,2025-07-24,4.42,0.08,1,没涨停→尾盘卖,妖股期
2025-07-23,600731,湖南海利,C26化学原料和化学制品制造业,7.84,2025-07-24,8.22,4.7,1,没涨停→尾盘卖,妖股期
2025-07-23,001226,拓山重工,C34通用设备制造业,35.53,2025-07-25,42.99,20.85,2,再涨停→次日早盘卖,妖股期
2025-07-24,000762,西藏矿业,B09有色金属矿采选业,24.04,2025-07-25,23.38,-2.9,1,没涨停→尾盘卖,平淡期
2025-07-24,002030,达安基因,C27医药制造业,7.18,2025-07-25,7.11,-1.12,1,没涨停→尾盘卖,平淡期
2025-07-25,002362,汉王科技,C39计算机、通信和其他电子设备制造业,25.14,2025-07-28,25.99,3.23,1,没涨停→尾盘卖,妖股期
2025-07-25,002408,齐翔腾达,C26化学原料和化学制品制造业,5.38,2025-07-28,5.34,-0.89,1,没涨停→尾盘卖,妖股期
2025-07-25,002843,泰嘉股份,C34通用设备制造业,22.61,2025-07-28,22.64,-0.02,1,没涨停→尾盘卖,妖股期
2025-07-28,000680,山推股份,C35专用设备制造业,10.896,2025-07-29,10.58,-3.09,1,没涨停→尾盘卖,平淡期
2025-07-28,002796,世嘉科技,C39计算机、通信和其他电子设备制造业,12.67,2025-07-29,12.78,0.72,1,没涨停→尾盘卖,平淡期
2025-07-28,001216,华瓷股份,C30非金属矿物制品业,15.012,2025-07-30,18.24,21.37,2,再涨停→次日早盘卖,平淡期
2025-07-29,603229,奥翔药业,C27医药制造业,10.46714752,2025-07-30,10.48,-0.06,1,没涨停→尾盘卖,平淡期
2025-07-29,603456,九洲药业,C27医药制造业,19.31891136,2025-07-30,18.58,-3.96,1,没涨停→尾盘卖,平淡期
2025-07-30,002675,东诚药业,C27医药制造业,17.4953152,2025-07-31,16.8,-4.13,1,没涨停→尾盘卖,妖股期
2025-07-30,000813,德展健康,C27医药制造业,4.41,2025-08-01,4.83,9.37,2,再涨停→次日早盘卖,妖股期
2025-07-30,002837,英维克,C35专用设备制造业,28.0631631,2025-08-01,31.46,11.97,2,再涨停→次日早盘卖,妖股期
2025-07-31,600501,航天晨光,C35专用设备制造业,23.77,2025-08-01,23.18,-2.63,1,没涨停→尾盘卖,平淡期
2025-08-01,002873,新天药业,C27医药制造业,11.91995792,2025-08-04,12.26,2.69,1,没涨停→尾盘卖,平淡期
2025-08-01,600222,太龙药业,C27医药制造业,6.8099405,2025-08-04,6.65,-2.5,1,没涨停→尾盘卖,平淡期
2025-08-01,000534,万泽股份,C27医药制造业,15.693,2025-08-05,17.55,11.7,2,再涨停→次日早盘卖,平淡期
2025-08-04,002009,天奇股份,C35专用设备制造业,17.369482,2025-08-05,17.23,-0.95,1,没涨停→尾盘卖,平淡期
2025-08-04,002026,山东威达,C38电气机械和器材制造业,13.45795275,2025-08-05,13.35,-0.96,1,没涨停→尾盘卖,平淡期
2025-08-05,000980,众泰汽车,C36汽车制造业,2.23,2025-08-06,2.28,2.09,1,没涨停→尾盘卖,妖股期
2025-08-05,002795,永和智控,C34通用设备制造业,6.55,2025-08-06,6.17,-5.95,1,没涨停→尾盘卖,妖股期
2025-08-05,000901,航天科技,C36汽车制造业,14.62163164,2025-08-07,16.24,10.92,2,再涨停→次日早盘卖,妖股期
2025-08-06,002346,柘中股份,C38电气机械和器材制造业,15.895,2025-08-07,16.7,4.95,1,没涨停→尾盘卖,平淡期
2025-08-06,001380,华纬科技,C34通用设备制造业,22.74,2025-08-08,25.53,12.12,2,再涨停→次日早盘卖,平淡期
2025-08-07,000070,特发信息,C39计算机、通信和其他电子设备制造业,8.56,2025-08-08,8.23,-4.01,1,没涨停→尾盘卖,平淡期
2025-08-07,000536,华映科技,C39计算机、通信和其他电子设备制造业,5.24,2025-08-08,5.0,-4.73,1,没涨停→尾盘卖,平淡期
2025-08-08,603131,上海沪工,C34通用设备制造业,21.62,2025-08-11,22.37,3.32,1,没涨停→尾盘卖,妖股期
2025-08-08,603319,美湖股份,C36汽车制造业,32.57910118,2025-08-11,34.09,4.47,1,没涨停→尾盘卖,妖股期
2025-08-08,002941,新疆交建,E48土木工程建筑业,13.52048716,2025-08-12,16.36,20.85,2,再涨停→次日早盘卖,妖股期
2025-08-11,002008,大族激光,C35专用设备制造业,33.68,2025-08-12,34.56,2.46,1,没涨停→尾盘卖,妖股期
2025-08-11,000011,深物业A,K70房地产业,9.53454172,2025-08-13,11.01,15.33,2,再涨停→次日早盘卖,妖股期
2025-08-12,000006,深振业A,K70房地产业,7.46,2025-08-13,7.43,-0.55,1,没涨停→尾盘卖,妖股期
2025-08-12,000417,合百集团,F52零售业,6.215,2025-08-14,6.79,9.18,2,再涨停→次日早盘卖,妖股期
2025-08-13,000962,东方钽业,C32有色金属冶炼和压延加工业,19.449,2025-08-14,19.68,1.03,1,没涨停→尾盘卖,平淡期
2025-08-13,002249,大洋电机,C38电气机械和器材制造业,7.555,2025-08-14,7.54,-0.28,1,没涨停→尾盘卖,平淡期
2025-08-14,002871,伟隆股份,C34通用设备制造业,12.61719459,2025-08-15,13.76,8.94,1,没涨停→尾盘卖,妖股期
2025-08-14,603036,如通股份,C35专用设备制造业,19.5310912,2025-08-15,19.59,0.15,1,没涨停→尾盘卖,妖股期
2025-08-14,002598,ST章鼓,C34通用设备制造业,11.87015375,2025-08-18,13.65,14.87,2,再涨停→次日早盘卖,妖股期
2025-08-15,002011,盾安环境,C34通用设备制造业,13.42986468,2025-08-18,13.69,1.77,1,没涨停→尾盘卖,平淡期
2025-08-15,002158,汉钟精机,C34通用设备制造业,19.40707701,2025-08-19,22.56,16.09,2,再涨停→次日早盘卖,平淡期
2025-08-18,002053,云南能投,D44电力、热力生产和供应业,11.65578264,2025-08-19,11.53,-1.25,1,没涨停→尾盘卖,平淡期
2025-08-18,002182,宝武镁业,C32有色金属冶炼和压延加工业,14.54,2025-08-19,14.97,2.81,1,没涨停→尾盘卖,平淡期
2025-08-19,002283,天润工业,C36汽车制造业,6.725,2025-08-20,6.67,-1.04,1,没涨停→尾盘卖,妖股期
2025-08-19,002445,中南文化,C33金属制品业,2.64,2025-08-20,2.61,-1.29,1,没涨停→尾盘卖,妖股期
2025-08-19,002510,天汽模,C36汽车制造业,7.6,2025-08-20,7.39,-2.91,1,没涨停→尾盘卖,妖股期
2025-08-20,002004,华邦健康,C26化学原料和化学制品制造业,4.562,2025-08-21,4.64,1.6,1,没涨停→尾盘卖,妖股期
2025-08-20,002114,罗平锌电,C32有色金属冶炼和压延加工业,8.01,2025-08-21,7.7,-4.02,1,没涨停→尾盘卖,妖股期
2025-08-20,002141,贤丰控股,C38电气机械和器材制造业,4.66,2025-08-21,4.47,-4.23,1,没涨停→尾盘卖,妖股期
2025-08-21,000753,漳州发展,F52零售业,6.42,2025-08-22,6.6,2.65,1,没涨停→尾盘卖,平淡期
2025-08-21,002145,钛能化学,C26化学原料和化学制品制造业,4.861,2025-08-22,4.8,-1.38,1,没涨停→尾盘卖,平淡期
2025-08-21,002369,卓翼科技,C39计算机、通信和其他电子设备制造业,10.56,2025-08-22,10.99,3.92,1,没涨停→尾盘卖,平淡期
2025-08-22,000818,航锦科技,C26化学原料和化学制品制造业,26.39,2025-08-25,26.66,0.87,1,没涨停→尾盘卖,平淡期
2025-08-22,002685,华东重机,C34通用设备制造业,8.62,2025-08-25,8.88,2.87,1,没涨停→尾盘卖,平淡期
2025-08-22,002692,远程股份,C38电气机械和器材制造业,5.61412932,2025-08-25,5.79,3.04,1,没涨停→尾盘卖,平淡期
2025-08-25,000682,东方电子,I65软件和信息技术服务业,12.093,2025-08-26,12.14,0.26,1,没涨停→尾盘卖,主线期
2025-08-25,002277,友阿股份,F52零售业,7.19,2025-08-26,7.61,5.69,1,没涨停→尾盘卖,主线期
2025-08-25,600345,长江通信,C39计算机、通信和其他电子设备制造业,29.5968242,2025-08-26,30.84,4.06,1,没涨停→尾盘卖,主线期
2025-08-26,002194,武汉凡谷,C39计算机、通信和其他电子设备制造业,16.29,2025-08-27,15.77,-3.34,1,没涨停→尾盘卖,主线期
2025-08-26,002410,广联达,I65软件和信息技术服务业,15.132,2025-08-27,15.0,-1.01,1,没涨停→尾盘卖,主线期
2025-08-26,002232,启明信息,I65软件和信息技术服务业,21.326,2025-08-28,24.93,16.73,2,再涨停→次日早盘卖,主线期
2025-08-27,002380,科远智慧,I65软件和信息技术服务业,29.78215856,2025-08-28,29.26,-1.89,1,没涨停→尾盘卖,平淡期
2025-08-27,603068,博通集成,C39计算机、通信和其他电子设备制造业,42.449385,2025-08-29,51.37,20.86,2,再涨停→次日早盘卖,平淡期
2025-08-28,002077,大港股份,C39计算机、通信和其他电子设备制造业,16.18,2025-08-29,15.95,-1.57,1,没涨停→尾盘卖,平淡期
2025-08-28,002815,崇达技术,C39计算机、通信和其他电子设备制造业,17.05992327,2025-08-29,17.57,2.82,1,没涨停→尾盘卖,平淡期
2025-08-29,001301,尚太科技,C30非金属矿物制品业,42.73789747,2025-09-01,41.99,-1.89,1,没涨停→尾盘卖,平淡期
2025-08-29,601717,中创智领,C35专用设备制造业,19.0179274,2025-09-01,20.19,6.01,1,没涨停→尾盘卖,平淡期
2025-08-29,603381,永臻股份,C38电气机械和器材制造业,25.3,2025-09-01,24.59,-2.96,1,没涨停→尾盘卖,平淡期
2025-09-01,000603,盛达资源,B09有色金属矿采选业,19.06671665,2025-09-02,20.34,6.53,1,没涨停→尾盘卖,平淡期
2025-09-01,002138,顺络电子,C39计算机、通信和其他电子设备制造业,35.048,2025-09-02,32.81,-6.54,1,没涨停→尾盘卖,平淡期
2025-09-01,002155,湖南黄金,B09有色金属矿采选业,22.44,2025-09-02,21.99,-2.16,1,没涨停→尾盘卖,平淡期
2025-09-02,000837,秦川机床,C34通用设备制造业,13.9146507,2025-09-03,14.1,1.21,1,没涨停→尾盘卖,恐慌期
2025-09-02,002031,巨轮智能,C35专用设备制造业,8.9,2025-09-03,8.95,0.41,1,没涨停→尾盘卖,恐慌期
2025-09-02,002021,中捷资源,C35专用设备制造业,2.64,2025-09-04,2.92,10.46,2,再涨停→次日早盘卖,恐慌期
2025-09-04,600778,友好集团,F52零售业,7.18,2025-09-05,7.3,1.52,1,没涨停→尾盘卖,恐慌期
2025-09-04,600865,百大集团,F52零售业,10.64,2025-09-05,10.39,-2.5,1,没涨停→尾盘卖,恐慌期
2025-09-05,000636,风华高科,C39计算机、通信和其他电子设备制造业,15.471,2025-09-08,15.04,-2.93,1,没涨停→尾盘卖,主线期
2025-09-05,001309,德明利,C39计算机、通信和其他电子设备制造业,95.46946036,2025-09-08,95.62,0.01,1,没涨停→尾盘卖,主线期
2025-09-05,002106,莱宝高科,C39计算机、通信和其他电子设备制造业,11.94114642,2025-09-08,11.96,0.1,1,再涨停→次日早盘卖,主线期
2025-09-08,000926,福星股份,K70房地产业,3.16,2025-09-09,3.2,1.12,1,没涨停→尾盘卖,妖股期
2025-09-08,002090,金智科技,C38电气机械和器材制造业,10.99,2025-09-09,10.83,-1.61,1,没涨停→尾盘卖,妖股期
2025-09-08,002169,智光电气,C38电气机械和器材制造业,7.76905998,2025-09-09,7.34,-5.66,1,没涨停→尾盘卖,妖股期
2025-09-09,000659,珠海中富,C29橡胶和塑料制品业,3.1,2025-09-10,3.24,4.37,1,没涨停→尾盘卖,妖股期
2025-09-09,000810,创维数字,C39计算机、通信和其他电子设备制造业,13.97666688,2025-09-10,13.4,-4.27,1,没涨停→尾盘卖,妖股期
2025-09-09,000718,苏宁环球,K70房地产业,2.46000048,2025-09-11,2.85,15.51,2,再涨停→次日早盘卖,妖股期
2025-09-10,603328,依顿电子,C39计算机、通信和其他电子设备制造业,11.7561171,2025-09-11,11.93,1.36,1,没涨停→尾盘卖,平淡期
2025-09-10,600776,东方通信,C39计算机、通信和其他电子设备制造业,12.61862315,2025-09-12,14.6,15.56,2,再涨停→次日早盘卖,平淡期
2025-09-11,000586,汇源通信,C38电气机械和器材制造业,13.96,2025-09-12,13.45,-3.8,1,没涨停→尾盘卖,主线期
2025-09-11,002100,天康生物,C13农副食品加工业,7.442,2025-09-12,7.35,-1.23,1,再涨停→次日早盘卖,主线期
2025-09-12,002146,荣盛发展,K70房地产业,1.75,2025-09-16,2.01,14.71,2,再涨停→次日早盘卖,平淡期
2025-09-12,600162,香江控股,K70房地产业,1.96,2025-09-16,2.38,21.28,2,再涨停→次日早盘卖,平淡期
2025-09-12,600170,上海建工,E48土木工程建筑业,2.6141879,2025-09-16,3.17,20.98,2,再涨停→次日早盘卖,平淡期
2025-09-16,002400,省广集团,L72商务服务业,9.234,2025-09-17,8.87,-4.05,1,没涨停→尾盘卖,平淡期
2025-09-16,002472,双环传动,C36汽车制造业,44.3,2025-09-17,47.99,8.18,1,没涨停→尾盘卖,平淡期
2025-09-16,600933,爱柯迪,C36汽车制造业,22.1810512,2025-09-17,22.11,-0.46,1,没涨停→尾盘卖,平淡期
2025-09-17,000045,深纺织A,C39计算机、通信和其他电子设备制造业,12.392,2025-09-18,12.06,-2.81,1,没涨停→尾盘卖,平淡期
2025-09-17,002222,福晶科技,C39计算机、通信和其他电子设备制造业,46.2612176,2025-09-18,45.74,-1.27,1,没涨停→尾盘卖,平淡期
2025-09-17,002245,蔚蓝锂芯,C38电气机械和器材制造业,13.115,2025-09-18,13.74,4.59,1,没涨停→尾盘卖,平淡期
2025-09-18,002768,国恩股份,C29橡胶和塑料制品业,35.49558771,2025-09-19,32.48,-8.65,1,没涨停→尾盘卖,平淡期
2025-09-18,600498,烽火通信,C39计算机、通信和其他电子设备制造业,28.82925784,2025-09-19,29.83,3.31,1,没涨停→尾盘卖,平淡期
2025-09-18,002641,公元股份,C29橡胶和塑料制品业,4.61685568,2025-09-22,5.58,20.76,2,再涨停→次日早盘卖,平淡期
2025-09-19,000978,桂林旅游,N78公共设施管理业,7.68,2025-09-22,7.52,-2.23,1,没涨停→尾盘卖,恐慌期
2025-09-19,002584,西陇科学,C26化学原料和化学制品制造业,9.22,2025-09-22,9.45,2.34,1,没涨停→尾盘卖,恐慌期
2025-09-22,000509,华塑控股,C39计算机、通信和其他电子设备制造业,3.48,2025-09-23,3.39,-2.74,1,没涨停→尾盘卖,平淡期
2025-09-22,002006,精工科技,C35专用设备制造业,22.2217226,2025-09-23,21.82,-1.97,1,没涨停→尾盘卖,平淡期
2025-09-22,002045,国光电器,C39计算机、通信和其他电子设备制造业,17.675,2025-09-23,17.09,-3.43,1,没涨停→尾盘卖,平淡期
2025-09-23,603035,常熟汽饰,C36汽车制造业,17.42492774,2025-09-24,18.33,5.06,1,没涨停→尾盘卖,平淡期
2025-09-23,605358,立昂微,C39计算机、通信和其他电子设备制造业,29.95495676,2025-09-25,36.24,20.82,2,再涨停→次日早盘卖,平淡期
2025-09-24,002632,道明光学,C26化学原料和化学制品制造业,11.0169956,2025-09-25,10.83,-1.85,1,没涨停→尾盘卖,平淡期
2025-09-24,002129,TCL中环,C38电气机械和器材制造业,8.55,2025-09-26,9.26,8.15,2,再涨停→次日早盘卖,平淡期
2025-09-25,002180,奔图科技,C39计算机、通信和其他电子设备制造业,25.26,2025-09-26,24.27,-4.07,1,没涨停→尾盘卖,平淡期
2025-09-25,000020,深华发A,C39计算机、通信和其他电子设备制造业,15.36,2025-09-29,15.22,-1.06,2,再涨停→次日早盘卖,平淡期
2025-09-26,002765,蓝黛科技,C36汽车制造业,15.62942238,2025-09-29,14.49,-7.46,1,没涨停→尾盘卖,妖股期
2025-09-26,600303,曙光股份,C36汽车制造业,3.86,2025-09-29,3.85,-0.41,1,没涨停→尾盘卖,妖股期
2025-09-29,000422,湖北宜化,C26化学原料和化学制品制造业,14.26388305,2025-09-30,14.45,1.16,1,没涨停→尾盘卖,平淡期
2025-09-29,000985,大庆华科,C26化学原料和化学制品制造业,19.899,2025-09-30,18.88,-5.28,1,没涨停→尾盘卖,平淡期
2025-09-29,002125,湘潭电化,C26化学原料和化学制品制造业,14.955,2025-09-30,15.09,0.72,1,没涨停→尾盘卖,平淡期
2025-09-30,000960,锡业股份,C32有色金属冶炼和压延加工业,22.92454346,2025-10-09,24.9,8.45,1,没涨停→尾盘卖,平淡期
2025-09-30,002638,勤上股份,C38电气机械和器材制造业,2.78,2025-10-09,2.79,0.21,1,没涨停→尾盘卖,平淡期
2025-09-30,600960,渤海汽车,C36汽车制造业,5.1,2025-10-09,5.0,-2.11,1,没涨停→尾盘卖,平淡期
2025-10-09,000506,招金黄金,B09有色金属矿采选业,11.95,2025-10-10,12.82,7.13,1,没涨停→尾盘卖,平淡期
2025-10-09,000878,云南铜业,C32有色金属冶炼和压延加工业,18.97420254,2025-10-10,19.32,1.67,1,没涨停→尾盘卖,平淡期
2025-10-09,000969,安泰科技,C33金属制品业,14.79893912,2025-10-13,17.9,20.83,2,再涨停→次日早盘卖,平淡期
2025-10-10,002488,金固股份,C36汽车制造业,12.2261688,2025-10-13,11.22,-8.4,1,没涨停→尾盘卖,平淡期
2025-10-10,601126,四方股份,C38电气机械和器材制造业,22.30664552,2025-10-13,23.12,3.49,1,没涨停→尾盘卖,平淡期
2025-10-13,002701,奥瑞金,C33金属制品业,6.1070056,2025-10-14,6.21,1.61,1,再涨停→次日早盘卖,平淡期
2025-10-13,600206,有研新材,C32有色金属冶炼和压延加工业,24.08581367,2025-10-14,23.83,-1.22,1,没涨停→尾盘卖,平淡期
2025-10-13,002952,亚世光电,C39计算机、通信和其他电子设备制造业,20.99115759,2025-10-15,24.27,15.45,2,再涨停→次日早盘卖,平淡期
2025-10-15,000957,中通客车,C36汽车制造业,12.611,2025-10-16,12.43,-1.58,1,没涨停→尾盘卖,平淡期
2025-10-15,002279,久其软件,I65软件和信息技术服务业,7.35,2025-10-16,7.18,-2.46,1,没涨停→尾盘卖,平淡期
2025-10-15,002689,ST远智,C34通用设备制造业,4.2321761,2025-10-16,4.32,1.94,1,没涨停→尾盘卖,平淡期
2025-10-16,002054,德美化工,C26化学原料和化学制品制造业,7.63,2025-10-17,7.17,-6.18,1,没涨停→尾盘卖,平淡期
2025-10-16,603933,睿能科技,C39计算机、通信和其他电子设备制造业,18.11280216,2025-10-20,21.92,20.89,2,再涨停→次日早盘卖,平淡期
2025-10-17,603042,华脉科技,C39计算机、通信和其他电子设备制造业,12.28325072,2025-10-20,12.28,-0.15,1,再涨停→次日早盘卖,恐慌期
2025-10-20,002861,瀛通通讯,C39计算机、通信和其他电子设备制造业,18.66,2025-10-21,19.53,4.51,1,没涨停→尾盘卖,妖股期
2025-10-20,002935,天奥电子,C39计算机、通信和其他电子设备制造业,16.4629905,2025-10-21,16.44,-0.27,1,没涨停→尾盘卖,妖股期
2025-10-20,000852,石化机械,C35专用设备制造业,7.02,2025-10-22,8.49,20.79,2,再涨停→次日早盘卖,妖股期
2025-10-21,000838,*ST发展,K70房地产业,2.99,2025-10-22,3.01,0.52,1,再涨停→次日早盘卖,妖股期
2025-10-21,000620,盈新发展,K70房地产业,1.98,2025-10-23,2.4,21.06,2,再涨停→次日早盘卖,妖股期
2025-10-22,000410,沈阳机床,C34通用设备制造业,7.83,2025-10-23,7.79,-0.66,1,没涨停→尾盘卖,妖股期
2025-10-22,000965,天保基建,K70房地产业,4.80502908,2025-10-23,4.62,-4.09,1,没涨停→尾盘卖,妖股期
2025-10-23,002912,中新赛克,I65软件和信息技术服务业,31.3668367,2025-10-24,30.06,-4.31,1,没涨停→尾盘卖,妖股期
2025-10-23,002160,常铝股份,C32有色金属冶炼和压延加工业,4.96,2025-10-27,5.5,10.74,2,再涨停→次日早盘卖,妖股期
2025-10-23,002512,ST达华,C39计算机、通信和其他电子设备制造业,4.05,2025-10-27,4.74,16.89,2,再涨停→次日早盘卖,妖股期
2025-10-24,600237,铜峰电子,C39计算机、通信和其他电子设备制造业,8.00732031,2025-10-27,7.99,-0.4,1,没涨停→尾盘卖,平淡期
2025-10-27,000679,大连友谊,F52零售业,9.4,2025-10-28,9.75,3.57,1,没涨停→尾盘卖,平淡期
2025-10-27,002478,常宝股份,C33金属制品业,6.542,2025-10-28,6.47,-1.22,1,没涨停→尾盘卖,平淡期
2025-10-27,002643,万润股份,C26化学原料和化学制品制造业,13.85541806,2025-10-28,13.87,-0.08,1,没涨停→尾盘卖,平淡期
2025-10-28,000547,航天发展,C39计算机、通信和其他电子设备制造业,8.84,2025-10-29,8.75,-1.17,1,没涨停→尾盘卖,平淡期
2025-10-28,001288,运机集团,C34通用设备制造业,29.41,2025-10-29,29.62,0.53,1,再涨停→次日早盘卖,平淡期
2025-10-28,000657,中钨高新,C33金属制品业,22.45223934,2025-10-30,26.17,16.42,2,再涨停→次日早盘卖,平淡期
2025-10-29,002016,世荣兆业,K70房地产业,6.582,2025-10-30,6.46,-1.97,1,没涨停→尾盘卖,平淡期
2025-10-29,002391,长青股份,C26化学原料和化学制品制造业,6.318,2025-10-30,5.88,-7.11,1,没涨停→尾盘卖,平淡期
2025-10-30,002756,永兴材料,C32有色金属冶炼和压延加工业,45.53761134,2025-10-31,48.86,7.14,1,没涨停→尾盘卖,妖股期
2025-10-30,002903,宇环数控,C34通用设备制造业,23.68,2025-10-31,22.93,-3.32,1,没涨停→尾盘卖,妖股期
2025-10-30,600773,西藏城投,K70房地产业,12.5,2025-10-31,12.35,-1.35,1,没涨停→尾盘卖,妖股期
2025-10-31,002317,众生药业,C27医药制造业,19.15052496,2025-11-03,20.01,4.35,1,没涨停→尾盘卖,平淡期
2025-10-31,002522,浙江众成,C29橡胶和塑料制品业,5.11,2025-11-03,5.27,2.98,1,没涨停→尾盘卖,平淡期
2025-10-31,002653,海思科,C27医药制造业,55.9186485,2025-11-03,55.02,-1.76,1,没涨停→尾盘卖,平淡期
2025-11-03,002134,天津普林,C39计算机、通信和其他电子设备制造业,22.23,2025-11-04,23.15,3.99,1,没涨停→尾盘卖,平淡期
2025-11-03,600444,国机通用,C35专用设备制造业,19.83387259,2025-11-04,20.22,1.79,1,没涨停→尾盘卖,平淡期
2025-11-03,600579,中化装备,C35专用设备制造业,9.38,2025-11-04,9.3,-1.0,1,没涨停→尾盘卖,平淡期
2025-11-04,000797,中国武夷,K70房地产业,3.42,2025-11-05,3.26,-4.83,1,没涨停→尾盘卖,妖股期
2025-11-04,001255,博菲电气,C26化学原料和化学制品制造业,36.13,2025-11-06,39.36,8.79,2,再涨停→次日早盘卖,妖股期
2025-11-04,002451,摩恩电气,C38电气机械和器材制造业,7.7807299,2025-11-06,9.42,20.9,2,再涨停→次日早盘卖,妖股期
2025-11-05,000533,顺钠股份,C38电气机械和器材制造业,7.94,2025-11-07,8.62,8.41,2,再涨停→次日早盘卖,平淡期
2025-11-06,002170,芭田股份,C26化学原料和化学制品制造业,11.88123282,2025-11-07,12.97,9.03,1,没涨停→尾盘卖,平淡期
2025-11-06,603109,神驰机电,C38电气机械和器材制造业,30.03375726,2025-11-07,29.86,-0.74,1,没涨停→尾盘卖,平淡期
2025-11-07,000912,泸天化,C26化学原料和化学制品制造业,4.87,2025-11-10,4.85,-0.56,1,没涨停→尾盘卖,平淡期
2025-11-07,002897,意华股份,C38电气机械和器材制造业,52.2579948,2025-11-10,51.82,-0.99,1,没涨停→尾盘卖,平淡期
2025-11-07,002136,安纳达,C26化学原料和化学制品制造业,14.21,2025-11-11,15.13,6.32,2,再涨停→次日早盘卖,平淡期
2025-11-10,000037,深南电A,D44电力、热力生产和供应业,9.95112786,2025-11-11,10.05,0.85,1,没涨停→尾盘卖,妖股期
2025-11-10,000069,华侨城A,K70房地产业,2.66,2025-11-12,2.91,9.25,2,再涨停→次日早盘卖,妖股期
2025-11-11,002218,拓日新能,C38电气机械和器材制造业,4.35,2025-11-12,4.51,3.53,1,没涨停→尾盘卖,妖股期
2025-11-11,000631,顺发恒能,K70房地产业,3.575,2025-11-13,3.94,9.92,2,再涨停→次日早盘卖,妖股期
2025-11-12,002116,中国海诚,E48土木工程建筑业,9.642,2025-11-13,9.38,-2.83,1,再涨停→次日早盘卖,妖股期
2025-11-12,002864,盘龙药业,C27医药制造业,27.17346852,2025-11-14,29.03,6.7,2,再涨停→次日早盘卖,妖股期
2025-11-13,000863,三湘印象,K70房地产业,4.8,2025-11-14,4.81,0.06,1,没涨停→尾盘卖,平淡期
2025-11-13,000633,合金投资,C32有色金属冶炼和压延加工业,7.48,2025-11-17,7.8,4.13,2,再涨停→次日早盘卖,平淡期
2025-11-14,000039,中集集团,C33金属制品业,8.768,2025-11-17,8.74,-0.49,1,没涨停→尾盘卖,妖股期
2025-11-14,000566,海南海药,C27医药制造业,6.77,2025-11-18,7.52,10.93,2,再涨停→次日早盘卖,妖股期
2025-11-17,000036,华联控股,K70房地产业,5.28,2025-11-18,5.1,-3.56,1,没涨停→尾盘卖,妖股期
2025-11-17,001229,魅视科技,C39计算机、通信和其他电子设备制造业,28.9,2025-11-18,30.07,3.9,1,没涨停→尾盘卖,妖股期
2025-11-18,002404,嘉欣丝绸,C18纺织服装、服饰业,7.31296587,2025-11-19,7.42,1.29,1,没涨停→尾盘卖,恐慌期
2025-11-18,002877,智能自控,C34通用设备制造业,9.8921744,2025-11-20,11.25,13.56,2,再涨停→次日早盘卖,恐慌期
2025-11-18,600280,中央商场,F52零售业,3.92,2025-11-20,4.74,20.77,2,再涨停→次日早盘卖,恐慌期
2025-11-19,000635,英力特,C26化学原料和化学制品制造业,10.29,2025-11-20,9.5,-7.83,1,没涨停→尾盘卖,妖股期
2025-11-20,002331,皖通科技,I65软件和信息技术服务业,10.08,2025-11-21,9.61,-4.81,1,没涨停→尾盘卖,平淡期
2025-11-20,002455,百川股份,C26化学原料和化学制品制造业,8.62,2025-11-21,8.05,-6.76,1,没涨停→尾盘卖,平淡期
2025-11-24,002093,国脉科技,I65软件和信息技术服务业,12.13,2025-11-25,12.4,2.08,1,没涨停→尾盘卖,妖股期
2025-11-24,002348,高乐股份,C24文教、工美、体育和娱乐用品制造业,4.81,2025-11-25,4.81,-0.15,1,再涨停→次日早盘卖,妖股期
2025-11-24,002413,雷科防务,C39计算机、通信和其他电子设备制造业,6.37,2025-11-26,7.71,20.89,2,再涨停→次日早盘卖,妖股期
2025-11-25,000756,新华制药,C27医药制造业,16.96947252,2025-11-26,17.95,5.62,1,没涨停→尾盘卖,主线期
2025-11-25,000510,新金路,C26化学原料和化学制品制造业,7.02,2025-11-27,8.49,20.79,2,再涨停→次日早盘卖,主线期
2025-11-26,000411,英特集团,F51批发业,12.006,2025-11-27,11.58,-3.73,1,没涨停→尾盘卖,妖股期
2025-11-26,000078,ST海王,F51批发业,2.81,2025-11-28,3.05,8.39,2,再涨停→次日早盘卖,妖股期
2025-11-27,600203,福日电子,C39计算机、通信和其他电子设备制造业,14.22,2025-11-28,14.6,2.52,1,没涨停→尾盘卖,妖股期
2025-11-27,002792,通宇通讯,C39计算机、通信和其他电子设备制造业,21.60845492,2025-12-01,26.15,20.85,2,再涨停→次日早盘卖,妖股期
2025-11-28,002519,银河电子,C39计算机、通信和其他电子设备制造业,5.14,2025-12-02,5.55,7.83,2,再涨停→次日早盘卖,妖股期
2025-11-28,002983,芯瑞达,C39计算机、通信和其他电子设备制造业,21.31638304,2025-12-02,25.8,20.88,2,再涨停→次日早盘卖,妖股期
2025-12-01,000829,天音控股,F51批发业,11.36,2025-12-02,11.49,0.99,1,没涨停→尾盘卖,平淡期
2025-12-02,601500,通用股份,C29橡胶和塑料制品业,4.69,2025-12-03,4.7,0.06,1,没涨停→尾盘卖,妖股期
2025-12-03,600707,彩虹股份,C39计算机、通信和其他电子设备制造业,6.32709336,2025-12-04,6.29,-0.78,1,没涨停→尾盘卖,妖股期
2025-12-03,601399,国机重装,C35专用设备制造业,3.83,2025-12-05,4.35,13.43,2,再涨停→次日早盘卖,妖股期
2025-12-03,603386,骏亚科技,C39计算机、通信和其他电子设备制造业,13.76,2025-12-05,16.65,20.85,2,再涨停→次日早盘卖,妖股期
2025-12-04,002347,泰尔股份,C34通用设备制造业,7.39,2025-12-05,7.48,1.07,1,没涨停→尾盘卖,平淡期
2025-12-05,002660,茂硕电源,C39计算机、通信和其他电子设备制造业,10.35,2025-12-08,10.46,0.91,1,没涨停→尾盘卖,妖股期
2025-12-05,000811,冰轮环境,C34通用设备制造业,14.63,2025-12-09,16.12,10.03,2,再涨停→次日早盘卖,妖股期
2025-12-05,002149,西部材料,C32有色金属冶炼和压延加工业,20.47186008,2025-12-09,24.77,20.85,2,再涨停→次日早盘卖,妖股期
2025-12-08,002943,宇晶股份,C34通用设备制造业,27.85136328,2025-12-09,28.78,3.2,1,没涨停→尾盘卖,主线期
2025-12-09,000823,超声电子,C39计算机、通信和其他电子设备制造业,15.77780064,2025-12-10,15.7,-0.65,1,没涨停→尾盘卖,妖股期
2025-12-09,002339,积成电子,C38电气机械和器材制造业,9.01829496,2025-12-10,8.64,-4.35,1,没涨停→尾盘卖,妖股期
2025-12-09,002445,中南文化,C33金属制品业,2.82,2025-12-10,2.77,-1.92,1,没涨停→尾盘卖,妖股期
2025-12-10,001311,多利科技,C36汽车制造业,24.385,2025-12-11,23.88,-2.23,1,没涨停→尾盘卖,平淡期
2025-12-10,002133,广宇集团,K70房地产业,3.77,2025-12-11,3.66,-3.07,1,没涨停→尾盘卖,平淡期
2025-12-10,600184,光电股份,C35专用设备制造业,21.11697854,2025-12-11,21.47,1.51,1,没涨停→尾盘卖,平淡期
2025-12-12,000801,四川九洲,C39计算机、通信和其他电子设备制造业,17.8179771,2025-12-15,17.05,-4.46,1,没涨停→尾盘卖,妖股期
2025-12-12,000862,银星能源,D44电力、热力生产和供应业,6.2,2025-12-15,6.07,-2.25,1,没涨停→尾盘卖,妖股期
2025-12-12,002438,江苏神通,C34通用设备制造业,15.92,2025-12-15,15.79,-0.97,1,没涨停→尾盘卖,妖股期
2025-12-15,000825,太钢不锈,C31黑色金属冶炼和压延加工业,4.851,2025-12-16,4.91,1.09,1,没涨停→尾盘卖,平淡期
2025-12-15,000850,华茂股份,C17纺织业,4.673,2025-12-16,4.62,-1.22,1,没涨停→尾盘卖,平淡期
2025-12-15,002115,三维通信,L72商务服务业,12.14,2025-12-16,12.07,-0.73,1,没涨停→尾盘卖,平淡期
2025-12-16,000716,黑芝麻,C14食品制造业,6.68,2025-12-17,6.55,-2.1,1,没涨停→尾盘卖,恐慌期
2025-12-16,600198,大唐电信,C39计算机、通信和其他电子设备制造业,9.46,2025-12-17,9.12,-3.74,1,没涨停→尾盘卖,恐慌期
2025-12-16,600697,欧亚集团,F52零售业,14.2331083,2025-12-17,14.29,0.27,1,没涨停→尾盘卖,恐慌期
2025-12-17,002491,通鼎互联,C38电气机械和器材制造业,6.22,2025-12-18,6.5,4.51,1,再涨停→次日早盘卖,妖股期
2025-12-17,600501,航天晨光,C35专用设备制造业,27.04,2025-12-18,26.1,-3.63,1,没涨停→尾盘卖,妖股期
2025-12-17,603585,苏利股份,C26化学原料和化学制品制造业,12.87118764,2025-12-19,14.46,12.22,2,再涨停→次日早盘卖,妖股期
2025-12-18,002614,奥佳华,C38电气机械和器材制造业,7.5522062,2025-12-19,7.69,1.67,1,没涨停→尾盘卖,妖股期
2025-12-18,002361,神剑股份,C26化学原料和化学制品制造业,7.43,2025-12-22,8.99,20.85,2,再涨停→次日早盘卖,妖股期
2025-12-19,000419,通程控股,F52零售业,6.8681523,2025-12-22,6.68,-2.84,1,没涨停→尾盘卖,妖股期
2025-12-19,002666,德联集团,C26化学原料和化学制品制造业,5.48,2025-12-23,5.99,9.16,2,再涨停→次日早盘卖,妖股期
2025-12-22,002151,北斗星通,C39计算机、通信和其他电子设备制造业,36.43,2025-12-23,34.45,-5.59,1,没涨停→尾盘卖,平淡期
2025-12-22,000551,创元科技,C35专用设备制造业,12.49195892,2025-12-24,15.11,20.84,2,再涨停→次日早盘卖,平淡期
2025-12-23,002378,章源钨业,C32有色金属冶炼和压延加工业,16.14,2025-12-24,14.88,-7.96,1,没涨停→尾盘卖,妖股期
2025-12-23,002201,九鼎新材,C30非金属矿物制品业,9.325,2025-12-25,11.29,20.98,2,再涨停→次日早盘卖,妖股期
2025-12-24,002297,博云新材,C33金属制品业,11.26,2025-12-26,13.63,20.9,2,再涨停→次日早盘卖,平淡期
2025-12-24,002363,隆基机械,C36汽车制造业,9.26276035,2025-12-26,10.68,15.11,2,再涨停→次日早盘卖,平淡期
2025-12-25,001212,中旗新材,C30非金属矿物制品业,54.23,2025-12-26,53.0,-2.42,1,没涨停→尾盘卖,妖股期
2025-12-26,002081,金螳螂,E50建筑装饰、装修和其他建筑业,3.54384968,2025-12-29,3.47,-2.36,1,没涨停→尾盘卖,平淡期
2025-12-26,603660,苏州科达,C39计算机、通信和其他电子设备制造业,11.06,2025-12-29,10.71,-3.31,1,没涨停→尾盘卖,平淡期
2025-12-26,600736,苏州高新,K70房地产业,6.59061287,2025-12-30,7.18,8.78,2,再涨停→次日早盘卖,平淡期
2025-12-29,002072,凯瑞德,F51批发业,7.72,2025-12-30,7.32,-5.33,1,没涨停→尾盘卖,平淡期
2025-12-29,002177,御银股份,C35专用设备制造业,7.77,2025-12-31,8.4,7.96,2,再涨停→次日早盘卖,平淡期
2025-12-30,002342,巨力索具,C33金属制品业,8.574,2025-12-31,9.19,7.08,1,没涨停→尾盘卖,平淡期
2025-12-30,002527,新时达,C34通用设备制造业,17.15,2025-12-31,17.74,3.29,1,没涨停→尾盘卖,平淡期
2025-12-31,603331,百达精工,C34通用设备制造业,14.25,2026-01-05,13.81,-3.24,1,没涨停→尾盘卖,平淡期
2026-01-05,002773,康弘药业,C27医药制造业,31.85129493,2026-01-06,32.6,2.22,1,没涨停→尾盘卖,平淡期
2026-01-05,002462,嘉事堂,F51批发业,15.685,2026-01-07,19.0,21.02,2,再涨停→次日早盘卖,平淡期
2026-01-05,002774,快意电梯,C34通用设备制造业,9.96197868,2026-01-07,10.73,7.59,2,再涨停→次日早盘卖,平淡期
2026-01-06,002025,航天电器,C39计算机、通信和其他电子设备制造业,56.7474426,2026-01-07,57.16,0.57,1,没涨停→尾盘卖,平淡期
2026-01-07,603488,展鹏科技,C34通用设备制造业,8.7,2026-01-09,10.52,20.77,2,再涨停→次日早盘卖,平淡期
2026-01-08,000159,国际实业,F51批发业,6.34712533,2026-01-09,6.58,3.46,1,没涨停→尾盘卖,平淡期
2026-01-08,002366,融发核电,C35专用设备制造业,8.83,2026-01-09,8.79,-0.6,1,没涨停→尾盘卖,平淡期
2026-01-09,002203,海亮股份,C32有色金属冶炼和压延加工业,13.96740005,2026-01-12,14.33,2.41,1,没涨停→尾盘卖,平淡期
2026-01-09,002296,辉煌科技,C38电气机械和器材制造业,12.2630651,2026-01-12,12.93,5.32,1,没涨停→尾盘卖,平淡期
2026-01-09,000503,国新健康,I64互联网和相关服务,10.55,2026-01-13,12.5,18.33,2,再涨停→次日早盘卖,平淡期
2026-01-12,002088,鲁阳节能,C30非金属矿物制品业,12.02279906,2026-01-13,11.23,-6.72,1,没涨停→尾盘卖,平淡期
2026-01-12,002354,天娱数科,I64互联网和相关服务,8.08,2026-01-13,7.74,-4.36,1,没涨停→尾盘卖,平淡期
2026-01-13,002135,东南网架,C33金属制品业,5.62222497,2026-01-14,5.4,-4.06,1,没涨停→尾盘卖,恐慌期
2026-01-13,002172,澳洋健康,Q84卫生,4.6,2026-01-14,4.56,-1.02,1,再涨停→次日早盘卖,恐慌期
2026-01-13,600662,外服控股,L72商务服务业,5.48897024,2026-01-15,6.59,19.92,2,再涨停→次日早盘卖,恐慌期
2026-01-14,000409,云鼎科技,I65软件和信息技术服务业,13.07,2026-01-15,12.61,-3.67,1,没涨停→尾盘卖,平淡期
2026-01-14,000591,太阳能,D44电力、热力生产和供应业,5.047,2026-01-15,5.08,0.44,1,没涨停→尾盘卖,平淡期
2026-01-15,000751,锌业股份,C32有色金属冶炼和压延加工业,4.8206781,2026-01-16,4.93,2.13,1,没涨停→尾盘卖,妖股期
2026-01-15,002130,沃尔核材,C39计算机、通信和其他电子设备制造业,29.616,2026-01-16,30.95,4.34,1,没涨停→尾盘卖,妖股期
2026-01-15,600389,江山股份,C26化学原料和化学制品制造业,25.11801032,2026-01-16,24.05,-4.39,1,没涨停→尾盘卖,妖股期
2026-01-16,002048,宁波华翔,C36汽车制造业,31.953,2026-01-19,33.8,5.64,1,没涨停→尾盘卖,恐慌期
2026-01-16,002358,森源电气,C38电气机械和器材制造业,6.4251933,2026-01-20,7.78,20.94,2,再涨停→次日早盘卖,恐慌期
2026-01-16,002498,汉缆股份,C38电气机械和器材制造业,4.33594588,2026-01-20,5.25,20.95,2,再涨停→次日早盘卖,恐慌期
2026-01-19,000400,许继电气,C38电气机械和器材制造业,32.179,2026-01-20,32.67,1.37,1,没涨停→尾盘卖,主线期
2026-01-20,000031,大悦城,K70房地产业,3.25,2026-01-21,3.26,0.16,1,没涨停→尾盘卖,平淡期
2026-01-20,002637,赞宇科技,C26化学原料和化学制品制造业,11.98921308,2026-01-21,12.21,1.67,1,没涨停→尾盘卖,平淡期
2026-01-20,002165,红宝丽,C26化学原料和化学制品制造业,8.68633208,2026-01-22,9.56,9.94,2,再涨停→次日早盘卖,平淡期
2026-01-21,000045,深纺织A,C39计算机、通信和其他电子设备制造业,13.592,2026-01-22,13.23,-2.8,1,没涨停→尾盘卖,平淡期
2026-01-21,001389,广合科技,C39计算机、通信和其他电子设备制造业,94.864,2026-01-23,103.8,9.27,2,再涨停→次日早盘卖,平淡期
2026-01-22,000839,国安股份,I65软件和信息技术服务业,2.97,2026-01-23,2.89,-2.84,1,没涨停→尾盘卖,平淡期
2026-01-22,002283,天润工业,C36汽车制造业,6.974,2026-01-23,7.0,0.28,1,没涨停→尾盘卖,平淡期
2026-01-23,000561,烽火电子,C39计算机、通信和其他电子设备制造业,13.15,2026-01-26,12.41,-5.78,1,没涨停→尾盘卖,平淡期
2026-01-23,000565,渝三峡A,C26化学原料和化学制品制造业,8.785,2026-01-26,8.65,-1.63,1,没涨停→尾盘卖,平淡期
2026-01-23,000990,诚志股份,C26化学原料和化学制品制造业,6.579,2026-01-26,6.4,-2.87,1,没涨停→尾盘卖,平淡期
2026-01-26,002022,科华生物,C27医药制造业,6.95,2026-01-27,7.09,1.86,1,没涨停→尾盘卖,恐慌期
2026-01-26,002237,恒邦股份,C32有色金属冶炼和压延加工业,18.786,2026-01-27,19.34,2.78,1,没涨停→尾盘卖,恐慌期
2026-01-26,600789,鲁抗医药,C27医药制造业,10.15896288,2026-01-27,10.25,0.73,1,没涨停→尾盘卖,恐慌期
2026-01-27,603381,永臻股份,C38电气机械和器材制造业,23.35,2026-01-28,23.11,-1.18,1,没涨停→尾盘卖,平淡期
2026-01-28,000060,中金岭南,C32有色金属冶炼和压延加工业,8.525,2026-01-29,8.49,-0.5,1,没涨停→尾盘卖,主线期
2026-01-28,000758,中色股份,B09有色金属矿采选业,8.945,2026-01-29,8.74,-2.39,1,没涨停→尾盘卖,主线期
2026-01-28,000737,北方铜业,C32有色金属冶炼和压延加工业,18.4987693,2026-01-30,19.79,6.86,2,再涨停→次日早盘卖,主线期
2026-01-29,000029,深深房A,K70房地产业,21.935,2026-01-30,22.05,0.35,1,没涨停→尾盘卖,主线期
2026-01-29,000560,我爱我家,K70房地产业,3.33,2026-01-30,3.34,0.15,1,再涨停→次日早盘卖,主线期
2026-01-30,002041,登海种业,A05农、林、牧、渔专业及辅助性活动,11.29,2026-02-02,11.64,2.95,1,没涨停→尾盘卖,妖股期
2026-01-30,002137,实益达,C38电气机械和器材制造业,10.08257718,2026-02-02,9.66,-4.29,1,没涨停→尾盘卖,妖股期
2026-01-30,600354,敦煌种业,A05农、林、牧、渔专业及辅助性活动,7.92,2026-02-02,7.46,-5.96,1,没涨停→尾盘卖,妖股期
2026-02-03,603285,键邦股份,C26化学原料和化学制品制造业,34.76403458,2026-02-04,36.61,5.17,1,没涨停→尾盘卖,平淡期
2026-02-03,002126,银轮股份,C36汽车制造业,39.162,2026-02-05,43.48,10.88,2,再涨停→次日早盘卖,平淡期
2026-02-04,000517,荣安地产,K70房地产业,2.04,2026-02-05,2.05,0.34,1,没涨停→尾盘卖,平淡期
2026-02-04,002334,英威腾,C38电气机械和器材制造业,10.01,2026-02-05,9.59,-4.35,1,没涨停→尾盘卖,平淡期
2026-02-05,000822,山东海化,C26化学原料和化学制品制造业,6.3,2026-02-06,6.39,1.28,1,没涨停→尾盘卖,妖股期
2026-02-05,002467,二六三,I64互联网和相关服务,7.34,2026-02-06,7.11,-3.28,1,没涨停→尾盘卖,妖股期
2026-02-05,603630,拉芳家化,C26化学原料和化学制品制造业,21.33,2026-02-06,20.62,-3.48,1,没涨停→尾盘卖,妖股期
2026-02-06,002412,汉森制药,C27医药制造业,7.24447284,2026-02-09,7.65,5.52,1,没涨停→尾盘卖,平淡期
2026-02-06,002921,联诚精密,C34通用设备制造业,25.73,2026-02-09,24.82,-3.69,1,没涨停→尾盘卖,平淡期
2026-02-06,002099,海翔药业,C27医药制造业,7.51,2026-02-10,8.26,9.84,2,再涨停→次日早盘卖,平淡期
2026-02-09,000016,*ST康佳A,C39计算机、通信和其他电子设备制造业,4.05,2026-02-10,4.02,-0.89,1,没涨停→尾盘卖,平淡期
2026-02-09,000525,红太阳,C26化学原料和化学制品制造业,6.72,2026-02-10,6.41,-4.76,1,没涨停→尾盘卖,平淡期
2026-02-10,000818,航锦科技,C26化学原料和化学制品制造业,23.62,2026-02-11,23.76,0.44,1,没涨停→尾盘卖,平淡期
2026-02-10,002655,共达电声,C39计算机、通信和其他电子设备制造业,14.0700736,2026-02-11,13.99,-0.72,1,没涨停→尾盘卖,平淡期
2026-02-10,002739,儒意电影,R87广播、电视、电影和录音制作业,13.87,2026-02-11,12.48,-10.17,1,没涨停→尾盘卖,平淡期
2026-02-11,002470,金正大,C26化学原料和化学制品制造业,2.27,2026-02-12,2.2,-3.23,1,没涨停→尾盘卖,平淡期
2026-02-11,600980,北矿科技,C35专用设备制造业,26.26539024,2026-02-12,25.91,-1.51,1,没涨停→尾盘卖,平淡期
2026-02-11,600545,卓郎智能,C35专用设备制造业,2.98,2026-02-13,3.23,8.24,2,再涨停→次日早盘卖,平淡期
2026-02-12,002824,和胜股份,C36汽车制造业,24.7314768,2026-02-13,22.35,-9.79,1,没涨停→尾盘卖,平淡期
2026-02-12,600821,金开新能,D44电力、热力生产和供应业,6.51,2026-02-13,6.2,-4.91,1,没涨停→尾盘卖,平淡期
2026-02-24,000422,湖北宜化,C26化学原料和化学制品制造业,16.63956075,2026-02-25,17.74,6.46,1,没涨停→尾盘卖,平淡期
2026-02-24,002312,川发龙蟒,C26化学原料和化学制品制造业,12.67,2026-02-25,13.66,7.66,1,没涨停→尾盘卖,平淡期
2026-02-24,002457,青龙管业,C30非金属矿物制品业,13.581,2026-02-25,13.94,2.5,1,没涨停→尾盘卖,平淡期
2026-02-25,002176,江特电机,C32有色金属冶炼和压延加工业,10.48,2026-02-26,10.68,1.76,1,没涨停→尾盘卖,平淡期
2026-02-25,002538,ST司特,C26化学原料和化学制品制造业,7.80132536,2026-02-26,7.6,-2.79,1,没涨停→尾盘卖,平淡期
2026-02-25,002949,华阳国际,M74专业技术服务业,16.97679692,2026-02-26,15.45,-9.14,1,没涨停→尾盘卖,平淡期
2026-02-26,001339,智微智能,C39计算机、通信和其他电子设备制造业,45.48061162,2026-02-27,46.96,3.1,1,没涨停→尾盘卖,平淡期
2026-02-26,600478,科力远,C38电气机械和器材制造业,8.14,2026-02-27,8.36,2.55,1,没涨停→尾盘卖,平淡期
2026-02-26,002350,北京科锐,C38电气机械和器材制造业,11.1769728,2026-03-02,12.29,9.85,2,再涨停→次日早盘卖,平淡期
2026-02-27,000731,四川美丰,C26化学原料和化学制品制造业,7.89,2026-03-02,8.6,8.85,1,没涨停→尾盘卖,平淡期
2026-02-27,002167,东方锆业,C32有色金属冶炼和压延加工业,15.58,2026-03-02,15.49,-0.73,1,没涨停→尾盘卖,平淡期
2026-03-02,000912,泸天化,C26化学原料和化学制品制造业,5.35,2026-03-03,5.4,0.78,1,没涨停→尾盘卖,平淡期
2026-03-02,002432,九安医疗,C35专用设备制造业,47.89471018,2026-03-03,49.53,3.27,1,没涨停→尾盘卖,平淡期
2026-03-02,002040,南京港,G55水上运输业,11.854,2026-03-04,12.08,1.79,2,再涨停→次日早盘卖,平淡期
2026-03-03,000421,南京公用,D45燃气生产和供应业,7.64703391,2026-03-04,7.11,-7.14,1,没涨停→尾盘卖,主线期
2026-03-03,002267,陕天然气,D45燃气生产和供应业,8.77411552,2026-03-04,8.42,-4.13,1,没涨停→尾盘卖,主线期
2026-03-04,603175,超颖电子,C39计算机、通信和其他电子设备制造业,79.4858966,2026-03-05,78.84,-0.97,1,没涨停→尾盘卖,平淡期
2026-03-04,605268,王力安防,C33金属制品业,11.20490496,2026-03-06,13.56,20.86,2,再涨停→次日早盘卖,平淡期
2026-03-05,000920,沃顿科技,C26化学原料和化学制品制造业,13.466,2026-03-06,13.53,0.3,1,没涨停→尾盘卖,平淡期
2026-03-05,000509,华塑控股,C39计算机、通信和其他电子设备制造业,3.63,2026-03-09,3.84,5.64,2,再涨停→次日早盘卖,平淡期
2026-03-06,001696,宗申动力,C34通用设备制造业,25.29629732,2026-03-09,24.37,-3.83,1,没涨停→尾盘卖,平淡期
2026-03-06,000601,韶能股份,D44电力、热力生产和供应业,6.09,2026-03-10,6.55,7.4,2,再涨停→次日早盘卖,平淡期
2026-03-09,001258,立新能源,D44电力、热力生产和供应业,9.33,2026-03-10,9.35,0.06,1,没涨停→尾盘卖,平淡期
2026-03-09,002068,黑猫股份,C26化学原料和化学制品制造业,9.52,2026-03-10,9.37,-1.73,1,没涨停→尾盘卖,平淡期
2026-03-10,002298,中电鑫龙,C38电气机械和器材制造业,12.41,2026-03-11,12.66,1.86,1,没涨停→尾盘卖,平淡期
2026-03-10,002335,科华数据,C38电气机械和器材制造业,47.572,2026-03-11,46.53,-2.34,1,没涨停→尾盘卖,平淡期
2026-03-10,002760,凤形股份,C33金属制品业,25.23,2026-03-11,24.68,-2.33,1,没涨停→尾盘卖,平淡期
2026-03-11,600328,中盐化工,C26化学原料和化学制品制造业,9.89516066,2026-03-12,10.36,4.58,1,没涨停→尾盘卖,平淡期
2026-03-11,601016,节能风电,D44电力、热力生产和供应业,4.03,2026-03-13,4.61,14.24,2,再涨停→次日早盘卖,平淡期
2026-03-12,000553,安道麦A,C26化学原料和化学制品制造业,6.8,2026-03-13,6.71,-1.47,1,没涨停→尾盘卖,平淡期
2026-03-12,000600,建投能源,D44电力、热力生产和供应业,10.5005092,2026-03-13,10.0,-4.92,1,没涨停→尾盘卖,平淡期
2026-03-13,002056,横店东磁,C38电气机械和器材制造业,25.249,2026-03-16,23.1,-8.67,1,没涨停→尾盘卖,平淡期
2026-03-13,002084,海鸥住工,C33金属制品业,4.29,2026-03-16,4.13,-3.88,1,没涨停→尾盘卖,平淡期
2026-03-13,002531,天顺风能,C38电气机械和器材制造业,12.42,2026-03-16,12.19,-2.0,1,没涨停→尾盘卖,平淡期
2026-03-16,000020,深华发A,C39计算机、通信和其他电子设备制造业,15.94,2026-03-18,19.28,20.8,2,再涨停→次日早盘卖,平淡期
2026-03-17,000042,中洲控股,K70房地产业,9.5,2026-03-18,9.39,-1.31,1,没涨停→尾盘卖,平淡期
2026-03-18,000037,深南电A,D44电力、热力生产和供应业,10.50950778,2026-03-19,10.57,0.42,1,没涨停→尾盘卖,平淡期
2026-03-18,603016,新宏泰,C38电气机械和器材制造业,34.31434755,2026-03-19,35.65,3.75,1,没涨停→尾盘卖,平淡期
2026-03-18,603168,莎普爱思,C27医药制造业,7.8,2026-03-19,7.47,-4.38,1,没涨停→尾盘卖,平淡期
2026-03-20,001283,豪鹏科技,C38电气机械和器材制造业,51.508,2026-03-23,52.41,1.6,1,没涨停→尾盘卖,恐慌期
2026-03-20,600310,广西能源,D44电力、热力生产和供应业,4.85200832,2026-03-23,5.05,3.95,1,没涨停→尾盘卖,恐慌期
2026-03-23,603105,芯能科技,D44电力、热力生产和供应业,12.45969452,2026-03-24,13.07,4.72,1,没涨停→尾盘卖,恐慌期
2026-03-23,600032,浙江新能,D44电力、热力生产和供应业,10.72377108,2026-03-25,11.61,8.12,2,再涨停→次日早盘卖,恐慌期
2026-03-24,002222,福晶科技,C39计算机、通信和其他电子设备制造业,64.70551384,2026-03-25,67.26,3.8,1,没涨停→尾盘卖,平淡期
2026-03-24,000722,湖南发展,D44电力、热力生产和供应业,15.0577194,2026-03-26,17.72,17.52,2,再涨停→次日早盘卖,平淡期
2026-03-25,000690,宝新能源,D44电力、热力生产和供应业,5.40106116,2026-03-26,5.55,2.52,1,没涨停→尾盘卖,平淡期
2026-03-25,000791,甘肃能源,D44电力、热力生产和供应业,9.013089,2026-03-26,8.73,-3.29,1,没涨停→尾盘卖,平淡期
2026-03-26,000692,惠天热电,D44电力、热力生产和供应业,4.9,2026-03-27,4.86,-0.97,1,没涨停→尾盘卖,平淡期
2026-03-26,002692,远程股份,C38电气机械和器材制造业,5.95256974,2026-03-27,5.88,-1.32,1,没涨停→尾盘卖,平淡期
2026-03-26,002705,新宝股份,C38电气机械和器材制造业,14.39888898,2026-03-27,14.51,0.59,1,没涨停→尾盘卖,平淡期
2026-03-27,000155,川能动力,D44电力、热力生产和供应业,16.16,2026-03-30,17.15,5.98,1,没涨停→尾盘卖,平淡期
2026-03-27,002386,天原股份,C26化学原料和化学制品制造业,6.31,2026-03-30,6.11,-3.32,1,再涨停→次日早盘卖,平淡期
2026-03-27,002526,山东矿机,C35专用设备制造业,3.64547712,2026-03-30,3.58,-2.06,1,再涨停→次日早盘卖,平淡期
2026-03-30,002370,亚太药业,C27医药制造业,7.18,2026-03-31,7.43,3.33,1,没涨停→尾盘卖,平淡期
2026-03-31,000030,富奥股份,C36汽车制造业,5.35951752,2026-04-01,5.01,-6.62,1,没涨停→尾盘卖,妖股期
2026-03-31,000678,襄阳轴承,C36汽车制造业,12.64,2026-04-01,12.97,2.46,1,没涨停→尾盘卖,妖股期
2026-03-31,000913,钱江摩托,C37铁路、船舶、航空航天和其他运输设备制造业,15.8561706,2026-04-01,15.08,-5.07,1,没涨停→尾盘卖,妖股期
2026-04-01,002408,齐翔腾达,C26化学原料和化学制品制造业,6.51,2026-04-02,6.3,-3.38,1,没涨停→尾盘卖,平淡期
2026-04-01,002579,中京电子,C39计算机、通信和其他电子设备制造业,12.29,2026-04-02,12.17,-1.13,1,没涨停→尾盘卖,平淡期
2026-04-01,000788,北大医药,C27医药制造业,6.56,2026-04-03,7.4,12.65,2,再涨停→次日早盘卖,平淡期
2026-04-02,600644,乐山电力,D44电力、热力生产和供应业,12.6243896,2026-04-03,11.37,-10.12,1,没涨停→尾盘卖,平淡期
2026-04-02,000586,汇源通信,C38电气机械和器材制造业,17.15,2026-04-07,20.76,20.9,2,再涨停→次日早盘卖,平淡期
2026-04-03,605589,圣泉集团,C26化学原料和化学制品制造业,32.08442592,2026-04-08,35.62,10.86,2,再涨停→次日早盘卖,恐慌期
2026-04-07,000019,深粮控股,F51批发业,7.68726896,2026-04-08,7.82,1.64,1,没涨停→尾盘卖,主线期
2026-04-07,000652,泰达股份,F51批发业,4.2,2026-04-08,4.22,0.33,1,没涨停→尾盘卖,主线期
2026-04-08,000551,创元科技,C35专用设备制造业,13.89767816,2026-04-09,13.9,-0.15,1,没涨停→尾盘卖,主线期
2026-04-08,002217,ST合力泰,C39计算机、通信和其他电子设备制造业,2.46,2026-04-09,2.57,4.32,1,没涨停→尾盘卖,主线期
2026-04-08,002213,大为股份,C39计算机、通信和其他电子设备制造业,29.55,2026-04-10,33.09,11.83,2,再涨停→次日早盘卖,主线期
2026-04-09,002635,安洁科技,C39计算机、通信和其他电子设备制造业,15.60750975,2026-04-10,15.33,-1.93,1,没涨停→尾盘卖,平淡期
2026-04-09,002947,恒铭达,C39计算机、通信和其他电子设备制造业,64.93208238,2026-04-10,66.96,2.97,1,没涨停→尾盘卖,平淡期
2026-04-10,002363,隆基机械,C36汽车制造业,8.57077185,2026-04-13,8.33,-2.92,1,没涨停→尾盘卖,妖股期
2026-04-10,600480,凌云股份,C36汽车制造业,10.49599408,2026-04-13,11.16,6.15,1,没涨停→尾盘卖,妖股期
2026-04-10,600713,南京医药,F51批发业,5.85334475,2026-04-13,5.67,-3.29,1,没涨停→尾盘卖,妖股期
2026-04-13,603800,洪田股份,C35专用设备制造业,47.97,2026-04-14,48.41,0.77,1,没涨停→尾盘卖,平淡期
2026-04-14,002314,南山控股,K70房地产业,2.74,2026-04-15,2.69,-1.97,1,没涨停→尾盘卖,平淡期
2026-04-14,600855,航天长峰,C35专用设备制造业,19.23,2026-04-15,19.94,3.54,1,没涨停→尾盘卖,平淡期
2026-04-14,600605,汇通能源,K70房地产业,29.35349762,2026-04-16,31.96,8.73,2,再涨停→次日早盘卖,平淡期
2026-04-15,001208,华菱线缆,C38电气机械和器材制造业,21.335,2026-04-16,22.14,3.6,1,没涨停→尾盘卖,平淡期
2026-04-15,600267,海正药业,C27医药制造业,11.16557144,2026-04-16,11.3,1.08,1,没涨停→尾盘卖,平淡期
2026-04-16,000570,苏常柴A,C34通用设备制造业,6.718,2026-04-17,6.59,-2.09,1,没涨停→尾盘卖,平淡期
2026-04-16,001230,劲旅环境,N78公共设施管理业,19.529,2026-04-17,19.74,0.83,1,再涨停→次日早盘卖,平淡期
2026-04-16,001268,联合精密,C34通用设备制造业,22.28017012,2026-04-17,23.46,5.15,1,没涨停→尾盘卖,平淡期
2026-04-17,002203,海亮股份,C32有色金属冶炼和压延加工业,17.28776419,2026-04-20,17.8,2.84,1,没涨停→尾盘卖,主线期
2026-04-17,002547,*ST春兴,C33金属制品业,3.44,2026-04-20,3.47,0.72,1,没涨停→尾盘卖,主线期
2026-04-17,002706,良信股份,C38电气机械和器材制造业,11.02079762,2026-04-20,10.9,-1.22,1,没涨停→尾盘卖,主线期
2026-04-20,000404,长虹华意,C34通用设备制造业,7.47643692,2026-04-21,7.63,1.9,1,没涨停→尾盘卖,平淡期
2026-04-20,002242,九阳股份,C38电气机械和器材制造业,11.1,2026-04-21,10.54,-5.2,1,没涨停→尾盘卖,平淡期
2026-04-20,002935,天奥电子,C39计算机、通信和其他电子设备制造业,20.76332317,2026-04-21,20.45,-1.64,1,没涨停→尾盘卖,平淡期
2026-04-21,000980,众泰汽车,C36汽车制造业,2.38,2026-04-22,2.39,0.27,1,没涨停→尾盘卖,平淡期
2026-04-21,002846,英联股份,C33金属制品业,16.26476679,2026-04-22,16.64,2.18,1,没涨停→尾盘卖,平淡期
2026-04-21,600261,阳光照明,C38电气机械和器材制造业,3.91345966,2026-04-22,3.9,-0.4,1,没涨停→尾盘卖,平淡期
2026-04-22,002360,ST同德,C26化学原料和化学制品制造业,6.92,2026-04-23,6.4,-7.66,1,没涨停→尾盘卖,平淡期
2026-04-22,002588,史丹利,C26化学原料和化学制品制造业,11.32284896,2026-04-23,11.46,0.96,1,再涨停→次日早盘卖,平淡期
2026-04-22,601512,中新集团,K70房地产业,10.04841888,2026-04-24,10.52,4.5,2,再涨停→次日早盘卖,平淡期
2026-04-23,001314,亿道信息,C39计算机、通信和其他电子设备制造业,48.322,2026-04-24,48.28,-0.23,1,没涨停→尾盘卖,平淡期
2026-04-24,000906,浙商中拓,L72商务服务业,6.22009908,2026-04-27,6.3,1.11,1,没涨停→尾盘卖,恐慌期
2026-04-24,002127,南极电商,L72商务服务业,3.01671216,2026-04-27,3.05,0.82,1,没涨停→尾盘卖,恐慌期
2026-04-24,002313,日海智能,C39计算机、通信和其他电子设备制造业,9.64,2026-04-27,9.2,-4.71,1,没涨停→尾盘卖,恐慌期
2026-04-27,002029,七匹狼,C18纺织服装、服饰业,11.034,2026-04-28,11.0,-0.42,1,没涨停→尾盘卖,恐慌期
2026-04-27,002134,天津普林,C39计算机、通信和其他电子设备制造业,24.98,2026-04-28,25.15,0.53,1,没涨停→尾盘卖,恐慌期
2026-04-27,002210,飞马国际,L72商务服务业,2.74,2026-04-29,3.29,19.92,2,再涨停→次日早盘卖,恐慌期
2026-04-28,003026,中晶科技,C39计算机、通信和其他电子设备制造业,31.122076,2026-04-29,32.59,4.58,1,没涨停→尾盘卖,妖股期
2026-04-28,600379,宝光股份,C38电气机械和器材制造业,13.82546088,2026-04-30,16.46,18.9,2,再涨停→次日早盘卖,妖股期
2026-04-29,000716,黑芝麻,C14食品制造业,5.18,2026-04-30,5.14,-0.92,1,没涨停→尾盘卖,平淡期
2026-04-29,002497,雅化集团,C32有色金属冶炼和压延加工业,30.221,2026-04-30,30.61,1.14,1,没涨停→尾盘卖,平淡期
2026-04-30,000007,全新好,K70房地产业,15.51,2026-05-06,15.97,2.82,1,没涨停→尾盘卖,平淡期
2026-04-30,002158,汉钟精机,C34通用设备制造业,27.18566191,2026-05-07,30.21,10.97,2,再涨停→次日早盘卖,平淡期
2026-04-30,002453,华软科技,C26化学原料和化学制品制造业,5.61,2026-05-07,6.23,10.9,2,再涨停→次日早盘卖,平淡期
2026-05-06,002052,同洲电子,C39计算机、通信和其他电子设备制造业,11.1,2026-05-07,11.23,1.02,1,没涨停→尾盘卖,平淡期
2026-05-07,000700,模塑科技,C36汽车制造业,13.56,2026-05-08,14.5,6.78,1,没涨停→尾盘卖,主线期
2026-05-07,000823,超声电子,C39计算机、通信和其他电子设备制造业,17.11238904,2026-05-08,17.38,1.41,1,没涨停→尾盘卖,主线期
2026-05-07,002031,巨轮智能,C35专用设备制造业,6.42,2026-05-11,7.36,14.49,2,再涨停→次日早盘卖,主线期
2026-05-08,002474,榕基软件,I65软件和信息技术服务业,8.34,2026-05-11,8.28,-0.87,1,没涨停→尾盘卖,主线期
2026-05-08,002030,达安基因,C27医药制造业,6.64,2026-05-12,7.15,7.53,2,再涨停→次日早盘卖,主线期
2026-05-11,000029,深深房A,K70房地产业,24.045,2026-05-13,26.98,12.08,2,再涨停→次日早盘卖,平淡期
2026-05-11,000672,上峰材料,C30非金属矿物制品业,15.21124022,2026-05-13,17.17,12.72,2,再涨停→次日早盘卖,平淡期
2026-05-12,000006,深振业A,K70房地产业,10.45,2026-05-13,10.38,-0.82,1,没涨停→尾盘卖,平淡期
2026-05-13,002034,旺能环境,D44电力、热力生产和供应业,21.47,2026-05-14,22.01,2.37,1,没涨停→尾盘卖,平淡期
2026-05-13,002409,雅克科技,C26化学原料和化学制品制造业,102.95274325,2026-05-14,106.69,3.39,1,再涨停→次日早盘卖,平淡期
2026-05-13,001210,金房能源,D44电力、热力生产和供应业,18.914,2026-05-15,19.82,4.65,2,再涨停→次日早盘卖,平淡期
2026-05-14,002617,露笑科技,C38电气机械和器材制造业,9.7,2026-05-15,9.36,-3.66,1,没涨停→尾盘卖,妖股期
2026-05-14,600449,宁夏建材,C30非金属矿物制品业,15.21104508,2026-05-15,14.65,-3.85,1,没涨停→尾盘卖,妖股期
2026-05-15,002196,方正电机,C38电气机械和器材制造业,15.36,2026-05-18,16.16,5.06,1,没涨停→尾盘卖,妖股期
2026-05-15,002395,双象股份,C29橡胶和塑料制品业,20.85708391,2026-05-18,18.77,-10.15,1,没涨停→尾盘卖,妖股期
2026-05-15,002892,科力尔,C38电气机械和器材制造业,11.31866946,2026-05-18,11.51,1.53,1,没涨停→尾盘卖,妖股期
2026-05-18,002881,美格智能,C39计算机、通信和其他电子设备制造业,44.52621264,2026-05-19,45.53,2.11,1,没涨停→尾盘卖,平淡期
2026-05-18,002927,泰永长征,C38电气机械和器材制造业,21.56,2026-05-19,22.7,5.14,1,没涨停→尾盘卖,平淡期
2026-05-18,600850,电科数字,I65软件和信息技术服务业,16.90652766,2026-05-20,19.01,12.26,2,再涨停→次日早盘卖,平淡期
2026-05-19,002123,梦网科技,I65软件和信息技术服务业,10.27,2026-05-20,10.1,-1.81,1,没涨停→尾盘卖,主线期
2026-05-19,002226,江南化工,C26化学原料和化学制品制造业,6.112,2026-05-20,6.37,4.1,1,没涨停→尾盘卖,主线期
2026-05-20,000926,福星股份,K70房地产业,2.28,2026-05-21,2.08,-8.92,1,没涨停→尾盘卖,恐慌期
2026-05-20,600615,鑫源智造,C33金属制品业,12.25,2026-05-21,12.2,-0.56,1,没涨停→尾盘卖,恐慌期
2026-05-20,603005,晶方科技,C39计算机、通信和其他电子设备制造业,36.8,2026-05-21,36.08,-2.11,1,没涨停→尾盘卖,恐慌期
2026-05-21,000403,派林生物,C27医药制造业,11.55,2026-05-22,11.49,-0.5,1,再涨停→次日早盘卖,恐慌期
2026-05-21,002766,索菱股份,C39计算机、通信和其他电子设备制造业,5.14,2026-05-22,5.36,4.13,1,没涨停→尾盘卖,恐慌期
2026-05-21,002036,联创电子,C39计算机、通信和其他电子设备制造业,9.36,2026-05-25,10.31,10.0,2,再涨停→次日早盘卖,恐慌期
2026-05-22,000997,新大陆,I65软件和信息技术服务业,24.564,2026-05-25,25.49,3.64,1,没涨停→尾盘卖,主线期
2026-05-22,002806,华锋股份,C39计算机、通信和其他电子设备制造业,16.79,2026-05-25,16.48,-2.0,1,没涨停→尾盘卖,主线期
2026-05-25,000875,电投绿能,D44电力、热力生产和供应业,6.844,2026-05-26,7.0,2.19,1,没涨停→尾盘卖,平淡期
2026-05-25,000966,长源电力,D44电力、热力生产和供应业,5.21,2026-05-26,5.13,-1.69,1,没涨停→尾盘卖,平淡期
2026-05-25,000995,皇台酒业,C15酒、饮料和精制茶制造业,14.33,2026-05-26,13.7,-4.55,1,没涨停→尾盘卖,平淡期
2026-05-26,000759,中百集团,F52零售业,5.52,2026-05-28,6.0,8.55,2,再涨停→次日早盘卖,恐慌期
2026-05-26,002251,步步高,F52零售业,4.15,2026-05-28,4.53,9.01,2,再涨停→次日早盘卖,恐慌期
2026-05-27,001360,南矿集团,C35专用设备制造业,23.022,2026-05-28,22.6,-1.97,1,没涨停→尾盘卖,恐慌期
2026-05-28,000530,冰山冷热,C34通用设备制造业,6.0684548,2026-05-29,6.17,1.48,1,没涨停→尾盘卖,平淡期
2026-05-28,002243,力合科创,C29橡胶和塑料制品业,9.35,2026-05-29,9.06,-3.25,1,没涨停→尾盘卖,平淡期
2026-05-28,002878,元隆雅图,L72商务服务业,15.7,2026-05-29,15.99,1.7,1,没涨停→尾盘卖,平淡期
2026-05-29,600622,光大嘉宝,K70房地产业,2.67,2026-06-01,2.65,-0.9,1,没涨停→尾盘卖,妖股期
2026-05-29,002608,江苏国信,D44电力、热力生产和供应业,9.022026,2026-06-02,9.89,9.52,2,再涨停→次日早盘卖,妖股期
2026-05-29,600280,中央商场,F52零售业,3.2,2026-06-02,3.42,6.73,2,再涨停→次日早盘卖,妖股期
2026-06-01,000681,视觉中国,I64互联网和相关服务,22.65,2026-06-02,23.17,2.23,1,再涨停→次日早盘卖,恐慌期
2026-06-02,601686,友发集团,C33金属制品业,5.93,2026-06-03,5.56,-6.39,1,没涨停→尾盘卖,平淡期
2026-06-02,002137,实益达,C38电气机械和器材制造业,9.45,2026-06-04,10.21,7.89,2,再涨停→次日早盘卖,平淡期
2026-06-02,600255,鑫科材料,C32有色金属冶炼和压延加工业,3.99,2026-06-04,4.64,16.14,2,再涨停→次日早盘卖,平淡期
2026-06-03,000881,中广核技,C26化学原料和化学制品制造业,8.09,2026-06-04,7.85,-3.12,1,没涨停→尾盘卖,平淡期
2026-06-04,000733,振华科技,C39计算机、通信和其他电子设备制造业,58.90621752,2026-06-05,55.69,-5.61,1,没涨停→尾盘卖,主线期
2026-06-04,002590,万安科技,C36汽车制造业,12.44,2026-06-05,12.04,-3.37,1,没涨停→尾盘卖,主线期
2026-06-04,002981,朝阳科技,C39计算机、通信和其他电子设备制造业,28.95,2026-06-05,27.99,-3.47,1,没涨停→尾盘卖,主线期
2026-06-05,000668,荣丰控股,K70房地产业,20.44383159,2026-06-08,21.92,7.09,1,没涨停→尾盘卖,平淡期
2026-06-05,001256,炜冈科技,C35专用设备制造业,24.522,2026-06-08,24.34,-0.88,1,没涨停→尾盘卖,平淡期
2026-06-05,000517,荣安地产,K70房地产业,2.12,2026-06-09,2.49,17.3,2,再涨停→次日早盘卖,平淡期
2026-06-08,000970,中科三环,C39计算机、通信和其他电子设备制造业,12.61260849,2026-06-09,13.18,4.36,1,没涨停→尾盘卖,恐慌期
2026-06-08,001696,宗申动力,C34通用设备制造业,15.7978051,2026-06-10,17.84,12.77,2,再涨停→次日早盘卖,恐慌期
2026-06-09,000158,常山北明,I65软件和信息技术服务业,15.3,2026-06-10,15.45,0.83,1,没涨停→尾盘卖,主线期
2026-06-09,002048,宁波华翔,C36汽车制造业,29.25,2026-06-10,28.54,-2.58,1,没涨停→尾盘卖,主线期
2026-06-10,002261,拓维信息,I65软件和信息技术服务业,30.91,2026-06-11,28.92,-6.59,1,没涨停→尾盘卖,恐慌期
2026-06-10,002430,杭氧股份,C35专用设备制造业,26.94,2026-06-11,27.72,2.75,1,没涨停→尾盘卖,恐慌期
2026-06-10,600058,五矿发展,F51批发业,10.34,2026-06-11,9.81,-5.28,1,没涨停→尾盘卖,恐慌期
2026-06-11,000921,海信家电,C38电气机械和器材制造业,27.9516433,2026-06-12,27.38,-2.2,1,没涨停→尾盘卖,恐慌期
2026-06-11,002469,三维化学,C26化学原料和化学制品制造业,6.93,2026-06-12,7.34,5.77,1,没涨停→尾盘卖,恐慌期
2026-06-11,002549,凯美特气,N77生态保护和环境治理业,18.15,2026-06-12,17.35,-4.56,1,没涨停→尾盘卖,恐慌期
2026-06-12,000737,北方铜业,C32有色金属冶炼和压延加工业,13.92848512,2026-06-15,14.9,6.81,1,没涨停→尾盘卖,平淡期
2026-06-12,000758,中色股份,B09有色金属矿采选业,6.905,2026-06-15,7.17,3.62,1,没涨停→尾盘卖,平淡期
2026-06-12,000969,安泰科技,C33金属制品业,24.26153156,2026-06-15,24.18,-0.48,1,没涨停→尾盘卖,平淡期
2026-06-15,000545,金浦钛业,C26化学原料和化学制品制造业,2.61,2026-06-16,2.62,0.23,1,没涨停→尾盘卖,主线期
2026-06-15,000887,中鼎股份,C29橡胶和塑料制品业,22.35,2026-06-16,22.35,-0.15,1,没涨停→尾盘卖,主线期
2026-06-15,000777,中核科技,C34通用设备制造业,17.948,2026-06-17,21.75,21.02,2,再涨停→次日早盘卖,主线期
2026-06-16,000541,佛山照明,C38电气机械和器材制造业,5.25980988,2026-06-17,5.07,-3.73,1,没涨停→尾盘卖,主线期
2026-06-16,000736,中交发展,K70房地产业,4.62,2026-06-17,4.39,-5.13,1,没涨停→尾盘卖,主线期
2026-06-17,000050,深天马A,C39计算机、通信和其他电子设备制造业,9.14,2026-06-18,8.94,-2.34,1,没涨停→尾盘卖,主线期
2026-06-17,002161,远望谷,C39计算机、通信和其他电子设备制造业,6.247,2026-06-18,6.08,-2.87,1,没涨停→尾盘卖,主线期
2026-06-17,002906,华阳集团,C39计算机、通信和其他电子设备制造业,28.9,2026-06-18,29.19,0.85,1,没涨停→尾盘卖,主线期
2026-06-18,002392,北京利尔,C30非金属矿物制品业,8.775,2026-06-22,8.3,-5.51,1,没涨停→尾盘卖,平淡期
2026-06-18,002907,华森制药,C27医药制造业,13.2728813,2026-06-22,13.06,-1.73,1,没涨停→尾盘卖,平淡期
2026-06-18,600671,天目药业,C27医药制造业,17.96,2026-06-22,18.34,1.97,1,没涨停→尾盘卖,平淡期
2026-06-22,000519,中兵红箭,C35专用设备制造业,22.345,2026-06-23,21.89,-2.21,1,没涨停→尾盘卖,平淡期
2026-06-22,000682,东方电子,I65软件和信息技术服务业,14.1,2026-06-23,14.0,-0.86,1,没涨停→尾盘卖,平淡期
2026-06-22,002258,利尔化学,C26化学原料和化学制品制造业,14.23,2026-06-23,13.64,-4.3,1,没涨停→尾盘卖,平淡期
2026-06-23,000042,中洲控股,K70房地产业,9.9,2026-06-24,9.85,-0.66,1,没涨停→尾盘卖,妖股期
2026-06-23,000691,亚太实业,C26化学原料和化学制品制造业,12.77,2026-06-24,13.49,5.49,1,没涨停→尾盘卖,妖股期
2026-06-23,000566,海南海药,C27医药制造业,4.08,2026-06-25,4.69,14.8,2,再涨停→次日早盘卖,妖股期
2026-06-24,000908,石药景峰,C27医药制造业,6.05,2026-06-25,5.61,-7.42,1,没涨停→尾盘卖,平淡期
2026-06-24,002452,长高电气,C38电气机械和器材制造业,12.12,2026-06-25,12.93,6.53,1,没涨停→尾盘卖,平淡期
2026-06-25,600668,尖峰集团,C30非金属矿物制品业,7.57288704,2026-06-26,7.25,-4.45,1,没涨停→尾盘卖,主线期
2026-06-25,603690,至纯科技,C35专用设备制造业,34.57,2026-06-26,35.49,2.51,1,没涨停→尾盘卖,主线期
2026-06-26,002559,亚威股份,C34通用设备制造业,12.31,2026-06-29,13.0,5.46,1,没涨停→尾盘卖,恐慌期
2026-06-26,001270,铖昌科技,C39计算机、通信和其他电子设备制造业,139.43,2026-06-30,155.0,11.02,2,再涨停→次日早盘卖,恐慌期
2026-06-26,002180,奔图科技,C39计算机、通信和其他电子设备制造业,14.55,2026-06-30,16.17,10.98,2,再涨停→次日早盘卖,恐慌期
2026-06-29,002255,海陆重工,C34通用设备制造业,9.7,2026-06-30,9.82,1.09,1,没涨停→尾盘卖,恐慌期
2026-06-30,000801,四川九洲,C39计算机、通信和其他电子设备制造业,12.94,2026-07-01,12.36,-4.63,1,没涨停→尾盘卖,主线期
2026-06-30,002182,宝武镁业,C32有色金属冶炼和压延加工业,15.57,2026-07-01,15.88,1.84,1,没涨停→尾盘卖,主线期
2026-06-30,002402,和而泰,C39计算机、通信和其他电子设备制造业,25.83,2026-07-01,26.86,3.84,1,没涨停→尾盘卖,主线期
2026-07-01,000795,英洛华,C30非金属矿物制品业,9.52,2026-07-02,9.7,1.74,1,没涨停→尾盘卖,平淡期
2026-07-01,000876,新希望,C13农副食品加工业,6.9,2026-07-02,6.86,-0.73,1,没涨停→尾盘卖,平淡期
2026-07-01,002184,海得控制,C38电气机械和器材制造业,10.08,2026-07-02,10.54,4.41,1,没涨停→尾盘卖,平淡期
2026-07-02,000572,海马汽车,C36汽车制造业,4.15,2026-07-03,3.89,-6.42,1,没涨停→尾盘卖,妖股期
2026-07-02,000951,中国重汽,C36汽车制造业,21.84,2026-07-03,22.35,2.19,1,没涨停→尾盘卖,妖股期
2026-07-02,000972,中基健康,C13农副食品加工业,3.69,2026-07-03,3.64,-1.5,1,没涨停→尾盘卖,妖股期
2026-07-03,002090,金智科技,C38电气机械和器材制造业,9.59,2026-07-06,9.38,-2.34,1,没涨停→尾盘卖,妖股期
2026-07-03,002249,大洋电机,C38电气机械和器材制造业,8.33,2026-07-06,8.67,3.93,1,没涨停→尾盘卖,妖股期
2026-07-03,002294,信立泰,C27医药制造业,40.08,2026-07-06,39.83,-0.77,1,没涨停→尾盘卖,妖股期
2026-07-06,002860,星帅尔,C38电气机械和器材制造业,17.56,2026-07-07,16.6,-5.62,1,没涨停→尾盘卖,恐慌期
2026-07-06,600215,派斯林,C34通用设备制造业,6.88,2026-07-07,6.37,-7.56,1,没涨停→尾盘卖,恐慌期
2026-07-06,600241,时代万恒,C38电气机械和器材制造业,7.41,2026-07-07,6.7,-9.73,1,没涨停→尾盘卖,恐慌期
2026-07-07,001311,多利科技,C36汽车制造业,19.67,2026-07-08,18.02,-8.54,1,没涨停→尾盘卖,恐慌期
2026-07-08,000948,南天信息,I65软件和信息技术服务业,12.72,2026-07-09,13.56,6.45,1,没涨停→尾盘卖,恐慌期
2026-07-08,002152,广电运通,C39计算机、通信和其他电子设备制造业,10.08,2026-07-09,10.6,5.01,1,没涨停→尾盘卖,恐慌期
2026-07-08,002512,ST达华,C39计算机、通信和其他电子设备制造业,3.4,2026-07-09,3.44,1.03,1,没涨停→尾盘卖,恐慌期
2026-07-10,000810,创维数字,C39计算机、通信和其他电子设备制造业,12.84,2026-07-13,11.56,-10.12,1,没涨停→尾盘卖,平淡期
2026-07-10,002544,普天科技,I65软件和信息技术服务业,18.87,2026-07-13,16.98,-10.17,1,没涨停→尾盘卖,平淡期
2026-07-10,002681,奋达科技,C39计算机、通信和其他电子设备制造业,4.98,2026-07-13,4.9,-1.76,1,没涨停→尾盘卖,平淡期
2026-07-13,000989,九芝堂,C27医药制造业,8.98,2026-07-14,9.47,5.31,1,没涨停→尾盘卖,恐慌期
2026-07-14,000554,泰山石油,F51批发业,6.354,2026-07-15,6.45,1.42,1,没涨停→尾盘卖,恐慌期
2026-07-14,000968,蓝焰控股,B07石油和天然气开采业,7.04,2026-07-15,6.79,-3.7,1,没涨停→尾盘卖,恐慌期
2026-07-14,002523,天桥起重,C34通用设备制造业,3.15,2026-07-15,3.21,1.75,1,没涨停→尾盘卖,恐慌期
2026-07-15,002517,恺英网络,I64互联网和相关服务,17.18,2026-07-16,17.01,-1.14,1,没涨停→尾盘卖,妖股期
2026-07-15,002891,中宠股份,C13农副食品加工业,28.56957424,2026-07-16,29.51,3.13,1,没涨停→尾盘卖,妖股期
2026-07-15,002365,永安药业,C27医药制造业,11.98,2026-07-17,14.0,16.71,2,再涨停→次日早盘卖,妖股期
2026-07-16,002045,国光电器,C39计算机、通信和其他电子设备制造业,8.34,2026-07-17,8.11,-2.91,1,没涨停→尾盘卖,妖股期
2026-07-16,002788,鹭燕医药,F51批发业,12.3,2026-07-17,11.07,-10.15,1,没涨停→尾盘卖,妖股期
2026-07-17,605011,杭州热电,D44电力、热力生产和供应业,18.48,2026-07-20,20.04,8.29,1,没涨停→尾盘卖,恐慌期
2026-07-17,600644,乐山电力,D44电力、热力生产和供应业,9.01,2026-07-21,9.85,9.17,2,再涨停→次日早盘卖,恐慌期
2026-07-21,000555,神州信息,I65软件和信息技术服务业,10.49,2026-07-22,10.75,2.33,1,没涨停→尾盘卖,主线期
2026-07-21,002319,乐通股份,C26化学原料和化学制品制造业,10.51,2026-07-22,10.86,3.18,1,没涨停→尾盘卖,主线期
2026-07-21,002197,证通电子,I65软件和信息技术服务业,6.34,2026-07-23,7.0,10.26,2,再涨停→次日早盘卖,主线期
2026-07-22,002545,东方铁塔,C26化学原料和化学制品制造业,18.13,2026-07-23,19.6,7.96,1,没涨停→尾盘卖,平淡期
2026-07-22,002953,日丰股份,C38电气机械和器材制造业,9.86,2026-07-23,10.27,4.01,1,没涨停→尾盘卖,平淡期
2026-07-23,000155,川能动力,D44电力、热力生产和供应业,12.29,2026-07-24,11.66,-5.28,1,没涨停→尾盘卖,妖股期
2026-07-23,000862,银星能源,D44电力、热力生产和供应业,5.92,2026-07-24,5.56,-6.23,1,没涨停→尾盘卖,妖股期
2026-07-23,000011,深物业A,K70房地产业,7.51,2026-07-27,8.39,11.57,2,再涨停→次日早盘卖,妖股期
2026-07-24,002189,中光学,C39计算机、通信和其他电子设备制造业,19.1,2026-07-27,20.0,4.56,1,没涨停→尾盘卖,恐慌期
2026-07-24,002265,建设工业,C36汽车制造业,19.34,2026-07-27,19.81,2.28,1,没涨停→尾盘卖,恐慌期
2026-07-27,001328,登康口腔,C26化学原料和化学制品制造业,31.42,2026-07-28,31.82,1.12,1,没涨停→尾盘卖,妖股期
2026-07-27,002242,九阳股份,C38电气机械和器材制造业,8.88,2026-07-28,9.03,1.54,1,没涨停→尾盘卖,妖股期
2026-07-27,002528,*ST英飞,C39计算机、通信和其他电子设备制造业,4.49,2026-07-28,4.56,1.41,1,没涨停→尾盘卖,妖股期
2026-07-28,000045,深纺织A,C39计算机、通信和其他电子设备制造业,9.96,2026-07-29,9.58,-3.97,1,没涨停→尾盘卖,主线期
2026-07-28,002869,金溢科技,C39计算机、通信和其他电子设备制造业,15.77,2026-07-29,15.67,-0.78,1,没涨停→尾盘卖,主线期
2026-07-28,002212,天融信,I65软件和信息技术服务业,6.0,2026-07-30,6.41,6.68,2,再涨停→次日早盘卖,主线期
2026-07-29,001318,阳光乳业,C14食品制造业,11.1,2026-07-30,10.65,-4.2,1,没涨停→尾盘卖,妖股期
2026-07-29,001323,慕思股份,C21家具制造业,17.17,2026-07-30,17.77,3.34,1,没涨停→尾盘卖,妖股期
2026-07-30,002534,西子洁能,C34通用设备制造业,13.81,2026-07-31,13.85,0.14,1,没涨停→尾盘卖,妖股期
2026-07-30,002686,亿利达,C34通用设备制造业,5.81,2026-07-31,6.19,6.39,1,没涨停→尾盘卖,妖股期
2026-07-30,600702,舍得酒业,C15酒、饮料和精制茶制造业,37.49,2026-07-31,38.78,3.29,1,没涨停→尾盘卖,妖股期
2026-07-31,600986,浙文互联,I64互联网和相关服务,7.82,2026-08-03,7.89,0.75,1,没涨停→尾盘卖,平淡期
2026-07-31,603398,*ST沐邦,C38电气机械和器材制造业,9.02,2026-08-03,8.9,-1.48,1,没涨停→尾盘卖,平淡期
2026-07-31,002131,利欧股份,L72商务服务业,4.66,2026-08-04,5.28,13.15,2,再涨停→次日早盘卖,平淡期
2026-08-03,600238,ST椰岛,C15酒、饮料和精制茶制造业,4.55,2026-08-04,4.5,-1.25,1,没涨停→尾盘卖,妖股期
2026-08-03,002792,通宇通讯,C39计算机、通信和其他电子设备制造业,26.14,2026-08-05,30.68,17.22,2,再涨停→次日早盘卖,妖股期
2026-08-04,002289,宇顺电子,C39计算机、通信和其他电子设备制造业,31.32,2026-08-05,32.36,3.17,1,没涨停→尾盘卖,主线期
2026-08-04,002291,遥望科技,I64互联网和相关服务,5.76,2026-08-05,5.9,2.28,1,没涨停→尾盘卖,主线期
2026-08-05,000981,山子高科,C36汽车制造业,3.17,2026-08-06,3.01,-5.2,1,没涨停→尾盘卖,主线期
2026-08-05,002222,福晶科技,C39计算机、通信和其他电子设备制造业,58.21,2026-08-06,59.55,2.15,1,没涨停→尾盘卖,主线期
2026-08-05,002355,兴民智通,C36汽车制造业,4.94,2026-08-06,5.04,1.87,1,没涨停→尾盘卖,主线期
2026-08-06,002104,恒宝股份,C39计算机、通信和其他电子设备制造业,11.76,2026-08-07,11.16,-5.25,1,没涨停→尾盘卖,主线期
2026-08-06,002369,卓翼科技,C39计算机、通信和其他电子设备制造业,6.27,2026-08-07,5.94,-5.41,1,没涨停→尾盘卖,主线期
2026-08-06,003029,吉大正元,I65软件和信息技术服务业,18.76,2026-08-07,17.39,-7.45,1,没涨停→尾盘卖,主线期
2026-08-07,603328,依顿电子,C39计算机、通信和其他电子设备制造业,10.85,2026-08-10,11.42,5.1,1,没涨停→尾盘卖,平淡期
2026-08-10,000537,绿发电力,D44电力、热力生产和供应业,8.32,2026-08-11,8.77,5.26,1,没涨停→尾盘卖,妖股期
2026-08-10,002044,美年健康,Q84卫生,5.3,2026-08-11,5.06,-4.68,1,没涨停→尾盘卖,妖股期
2026-08-10,002248,华东数控,C34通用设备制造业,10.05,2026-08-12,11.71,16.37,2,再涨停→次日早盘卖,妖股期
2026-08-11,002685,华东重机,C34通用设备制造业,6.07,2026-08-12,6.21,2.16,1,没涨停→尾盘卖,妖股期
2026-08-11,600107,*ST尔雅,C18纺织服装、服饰业,5.76,2026-08-12,5.8,0.54,1,再涨停→次日早盘卖,妖股期
2026-08-12,000410,沈阳机床,C34通用设备制造业,5.76,2026-08-13,5.48,-5.01,1,没涨停→尾盘卖,妖股期
2026-08-12,002005,德豪润达,C38电气机械和器材制造业,2.51,2026-08-13,2.56,1.84,1,没涨停→尾盘卖,妖股期
2026-08-12,002146,荣盛发展,K70房地产业,1.27,2026-08-13,1.21,-4.87,1,没涨停→尾盘卖,妖股期
2026-08-13,000006,深振业A,K70房地产业,7.7,2026-08-14,7.52,-2.49,1,没涨停→尾盘卖,妖股期
2026-08-13,002066,瑞泰科技,C30非金属矿物制品业,21.93,2026-08-14,21.69,-1.24,1,没涨停→尾盘卖,妖股期
2026-08-13,002543,万和电气,C38电气机械和器材制造业,7.33,2026-08-14,6.99,-4.79,1,没涨停→尾盘卖,妖股期
2026-08-14,000950,重药控股,F51批发业,6.29,2026-08-17,6.02,-4.44,1,没涨停→尾盘卖,平淡期
2026-08-14,002651,利君股份,C35专用设备制造业,8.39,2026-08-18,9.23,9.86,2,再涨停→次日早盘卖,平淡期
2026-08-14,002820,桂发祥,C14食品制造业,10.14,2026-08-18,12.27,20.86,2,再涨停→次日早盘卖,平淡期
2026-08-17,000505,京粮控股,C13农副食品加工业,6.17,2026-08-19,6.93,12.17,2,再涨停→次日早盘卖,妖股期
2026-08-18,000019,深粮控股,F51批发业,6.96,2026-08-19,6.77,-2.88,1,没涨停→尾盘卖,妖股期
2026-08-18,000020,深华发A,C39计算机、通信和其他电子设备制造业,12.49,2026-08-20,12.5,-0.07,2,再涨停→次日早盘卖,妖股期
2026-08-19,000059,华锦股份,C25石油、煤炭及其他燃料加工业,5.07,2026-08-20,4.87,-4.09,1,没涨停→尾盘卖,恐慌期
2026-08-19,000560,我爱我家,K70房地产业,2.38,2026-08-20,2.33,-2.25,1,没涨停→尾盘卖,恐慌期
2026-08-20,000523,红棉股份,C13农副食品加工业,3.53,2026-08-21,3.18,-10.06,1,没涨停→尾盘卖,主线期
2026-08-20,000590,古汉医药,C27医药制造业,9.69,2026-08-21,9.05,-6.75,1,没涨停→尾盘卖,主线期
2026-08-20,002030,达安基因,C27医药制造业,5.97,2026-08-21,5.6,-6.35,1,没涨停→尾盘卖,主线期
2026-08-21,002886,沃特股份,C29橡胶和塑料制品业,21.24,2026-08-24,20.48,-3.73,1,没涨停→尾盘卖,平淡期
2026-08-21,002017,东信和平,C39计算机、通信和其他电子设备制造业,14.53,2026-08-25,15.39,5.77,2,再涨停→次日早盘卖,平淡期
2026-08-21,002716,湖南白银,C32有色金属冶炼和压延加工业,10.42,2026-08-25,11.55,10.69,2,再涨停→次日早盘卖,平淡期
2026-08-25,002947,恒铭达,C39计算机、通信和其他电子设备制造业,59.61,2026-08-26,63.49,6.36,1,没涨停→尾盘卖,妖股期
2026-08-25,002094,青岛金王,C26化学原料和化学制品制造业,5.14,2026-08-27,5.6,8.8,2,再涨停→次日早盘卖,妖股期
2026-08-25,002855,捷荣技术,C39计算机、通信和其他电子设备制造业,11.0,2026-08-27,13.31,20.85,2,再涨停→次日早盘卖,妖股期
2026-08-26,002295,精艺股份,C32有色金属冶炼和压延加工业,10.09,2026-08-27,10.2,0.94,1,没涨停→尾盘卖,妖股期
2026-08-27,000586,汇源通信,C38电气机械和器材制造业,14.41,2026-08-28,13.77,-4.59,1,没涨停→尾盘卖,平淡期
2026-08-27,002852,道道全,C13农副食品加工业,8.83752233,2026-08-28,8.76,-1.05,1,没涨停→尾盘卖,平淡期
2026-08-27,605258,协和电子,C39计算机、通信和其他电子设备制造业,31.9,2026-08-28,30.42,-4.79,1,没涨停→尾盘卖,平淡期
2026-08-28,000062,深圳华强,F51批发业,24.85,2026-08-31,24.55,-1.36,1,没涨停→尾盘卖,妖股期
2026-08-28,000565,渝三峡A,C26化学原料和化学制品制造业,6.62,2026-08-31,6.48,-2.26,1,没涨停→尾盘卖,妖股期
2026-08-28,000626,远大控股,F51批发业,9.41,2026-08-31,8.81,-6.53,1,没涨停→尾盘卖,妖股期
2026-08-31,002328,新朋股份,C36汽车制造业,8.5,2026-09-01,8.86,4.09,1,没涨停→尾盘卖,妖股期
2026-08-31,002375,亚厦股份,E50建筑装饰、装修和其他建筑业,4.07,2026-09-01,3.95,-3.1,1,没涨停→尾盘卖,妖股期
2026-08-31,002660,茂硕电源,C39计算机、通信和其他电子设备制造业,8.38,2026-09-01,7.89,-6.0,1,没涨停→尾盘卖,妖股期
2026-09-01,002181,粤传媒,L72商务服务业,9.58,2026-09-02,9.81,2.25,1,没涨停→尾盘卖,妖股期
2026-09-01,002470,金正大,C26化学原料和化学制品制造业,2.32,2026-09-02,2.17,-6.62,1,没涨停→尾盘卖,妖股期
2026-09-01,600828,茂业商业,F52零售业,4.37,2026-09-03,4.7,7.4,2,再涨停→次日早盘卖,妖股期
2026-09-02,002999,天禾股份,F52零售业,7.33,2026-09-03,6.6,-10.11,1,没涨停→尾盘卖,妖股期
2026-09-02,002708,光洋股份,C36汽车制造业,14.16,2026-09-04,15.43,8.82,2,再涨停→次日早盘卖,妖股期
2026-09-03,603150,万朗磁塑,C38电气机械和器材制造业,62.15,2026-09-04,66.51,6.87,1,没涨停→尾盘卖,妖股期
2026-09-03,600865,百大集团,F52零售业,10.32,2026-09-07,12.47,20.68,2,再涨停→次日早盘卖,妖股期
2026-09-04,000702,正虹科技,C13农副食品加工业,6.26,2026-09-07,6.42,2.41,1,没涨停→尾盘卖,妖股期
2026-09-07,000816,智慧农业,C34通用设备制造业,3.25,2026-09-08,3.21,-1.38,1,没涨停→尾盘卖,主线期
2026-09-07,002011,盾安环境,C34通用设备制造业,11.94,2026-09-08,11.95,-0.07,1,没涨停→尾盘卖,主线期
2026-09-07,600280,中央商场,F52零售业,3.43,2026-09-08,3.49,1.6,1,没涨停→尾盘卖,主线期
2026-09-08,000911,*ST广糖,C13农副食品加工业,6.66,2026-09-09,7.19,7.81,1,没涨停→尾盘卖,妖股期
2026-09-08,002285,世联行,K70房地产业,2.6,2026-09-09,2.45,-5.92,1,没涨停→尾盘卖,妖股期
2026-09-08,000930,中粮科技,C26化学原料和化学制品制造业,5.83,2026-09-10,6.84,17.17,2,再涨停→次日早盘卖,妖股期
2026-09-09,002077,大港股份,C39计算机、通信和其他电子设备制造业,13.74,2026-09-10,14.05,2.11,1,没涨停→尾盘卖,妖股期
2026-09-10,002531,天顺风能,C38电气机械和器材制造业,6.91,2026-09-11,7.22,4.34,1,没涨停→尾盘卖,平淡期
