信号日,名称,买入价,买入方式,股数,买入金额,卖出日,卖出时点,卖出价,卖出原因,毛盈亏,费用,净盈亏,账户现金,当时周期
2019-04-11,中成股份,15.4505925,挂涨停价排队·尾盘开缝成交,2100,32446,2019-04-12,尾盘14:50,14.77,没涨停→尾盘兑现,-1421,47.6,-1469,61754,妖股期
2019-04-11,安凯客车,4.1,挂涨停价排队·尾盘开缝成交,5400,22140,2019-04-12,尾盘14:50,4.1,没涨停→尾盘兑现,0,33.2,-33,83878,妖股期
2019-04-11,曙光股份,5.42992293,挂涨停价排队·尾盘开缝成交,2700,14661,2019-04-12,尾盘14:50,5.13,没涨停→尾盘兑现,-801,21.4,-823,97727,妖股期
2019-04-12,博彦科技,9.41013633,挂涨停价排队·尾盘开缝成交,3400,31994,2019-04-15,尾盘14:50,9.25,没涨停→尾盘兑现,-544,47.6,-591,97160,妖股期
2019-04-16,超声电子,10.24814751,挂涨停价排队·尾盘开缝成交,3100,31769,2019-04-17,尾盘14:50,10.47,没涨停→尾盘兑现,675,48.2,627,62729,妖股期
2019-04-16,新海退,5.75,挂涨停价排队·尾盘开缝成交,3700,21275,2019-04-17,次日早盘9:30,5.81,又涨停→隔夜后早盘兑现,222,32.1,190,84210,妖股期
2019-04-16,三维通信,10.620638,挂涨停价排队·尾盘开缝成交,1300,13807,2019-04-17,次日早盘9:30,10.92,又涨停→隔夜后早盘兑现,394,21.0,373,98400,妖股期
2019-04-17,ST云动,3.42052411,挂涨停价排队·尾盘开缝成交,9500,32495,2019-04-18,尾盘14:50,3.28,没涨停→尾盘兑现,-1289,47.8,-1337,60805,妖股期
2019-04-17,ST百灵,12.6726518,挂涨停价排队·尾盘开缝成交,1700,21544,2019-04-18,尾盘14:50,12.85,没涨停→尾盘兑现,296,32.5,263,82628,妖股期
2019-04-17,新筑股份,6.7,挂涨停价排队·尾盘开缝成交,2200,14740,2019-04-18,尾盘14:50,6.45,没涨停→尾盘兑现,-550,21.7,-572,96807,妖股期
2019-04-18,三维化学,4.09534657,挂涨停价排队·尾盘开缝成交,5200,21296,2019-04-19,尾盘14:50,4.0,没涨停→尾盘兑现,-501,31.6,-532,64051,平淡期
2019-04-18,ST富通,5.2,挂涨停价排队·尾盘开缝成交,6200,32240,2019-04-22,次日早盘9:30,5.95,又涨停→隔夜后早盘兑现,4650,51.8,4598,65852,平淡期
2019-04-19,新金路,6.39,挂涨停价排队·尾盘开缝成交,3300,21087,2019-04-22,尾盘14:50,6.07,没涨停→尾盘兑现,-1056,30.8,-1087,85868,妖股期
2019-04-19,玉龙股份,6.35196386,挂涨停价排队·尾盘开缝成交,2200,13974,2019-04-22,尾盘14:50,6.27,没涨停→尾盘兑现,-174,20.8,-195,99658,妖股期
2019-04-22,旭光电子,4.65509499,挂涨停价排队·尾盘开缝成交,3200,14896,2019-04-23,尾盘14:50,4.29,没涨停→尾盘兑现,-1163,21.5,-1184,43971,平淡期
2019-04-22,正虹科技,7.58,挂涨停价排队·尾盘开缝成交,4300,32594,2019-04-24,次日早盘9:30,8.39,又涨停→隔夜后早盘兑现,3483,51.5,3431,65711,平淡期
2019-04-22,ST宏达,6.85,挂涨停价排队·尾盘开缝成交,3200,21920,2019-04-24,次日早盘9:30,7.94,又涨停→隔夜后早盘兑现,3488,35.5,3453,91099,平淡期
2019-04-23,豫能控股,4.77,挂涨停价排队·尾盘开缝成交,3000,14310,2019-04-25,次日早盘9:30,5.78,又涨停→隔夜后早盘兑现,3030,23.7,3006,58840,恐慌期
2019-04-24,盐湖股份,7.51,挂涨停价排队·尾盘开缝成交,4000,30040,2019-04-25,尾盘14:50,7.56,没涨停→尾盘兑现,200,45.2,155,89058,妖股期
2019-04-24,东华科技,8.14418968,挂涨停价排队·尾盘开缝成交,2400,19546,2019-04-26,次日早盘9:30,8.78,又涨停→隔夜后早盘兑现,1534,30.5,1503,61369,妖股期
2019-04-25,金河生物,5.8216611,挂涨停价排队·尾盘开缝成交,5000,29108,2019-04-26,尾盘14:50,5.44,没涨停→尾盘兑现,-1898,42.2,-1941,88559,恐慌期
2019-04-25,大唐电信,16.37,挂涨停价排队·尾盘开缝成交,1200,19644,2019-04-29,次日早盘9:30,18.7,又涨停→隔夜后早盘兑现,2796,31.6,2764,110982,恐慌期
2019-04-30,红棉股份,5.96859711,挂涨停价排队·尾盘开缝成交,6100,36408,2019-05-06,尾盘14:50,5.85,没涨停→尾盘兑现,-727,54.1,-781,69380,妖股期
2019-04-30,建投能源,6.77913852,挂涨停价排队·尾盘开缝成交,3600,24405,2019-05-06,尾盘14:50,6.48,没涨停→尾盘兑现,-1068,35.8,-1104,92700,妖股期
2019-04-30,新能泰山,5.67,挂涨停价排队·尾盘开缝成交,2900,16443,2019-05-06,尾盘14:50,5.52,没涨停→尾盘兑现,-435,24.3,-459,108696,妖股期
2019-05-07,华讯退,7.64,挂涨停价排队·尾盘开缝成交,4700,35908,2019-05-08,尾盘14:50,7.39,没涨停→尾盘兑现,-1175,53.0,-1228,67527,妖股期
2019-05-07,*ST英飞,4.41,挂涨停价排队·尾盘开缝成交,5500,24255,2019-05-08,尾盘14:50,4.26,没涨停→尾盘兑现,-825,35.8,-861,90939,妖股期
2019-05-07,龙佰集团,11.22360624,挂涨停价排队·尾盘开缝成交,1400,15713,2019-05-08,尾盘14:50,10.93,没涨停→尾盘兑现,-407,23.3,-430,106234,妖股期
2019-05-08,中粮科技,7.6150188,挂涨停价排队·尾盘开缝成交,4600,35029,2019-05-09,尾盘14:50,7.4,没涨停→尾盘兑现,-982,51.8,-1034,105226,恐慌期
2019-05-10,新叶股份,5.6127024,挂涨停价排队·尾盘开缝成交,6200,34799,2019-05-13,尾盘14:50,5.44,没涨停→尾盘兑现,-1049,51.4,-1100,65444,妖股期
2019-05-10,跃岭股份,9.25725104,挂涨停价排队·尾盘开缝成交,2500,23143,2019-05-13,尾盘14:50,9.64,没涨停→尾盘兑现,956,35.4,921,89525,妖股期
2019-05-10,生益科技,11.11804646,挂涨停价排队·尾盘开缝成交,1400,15565,2019-05-13,尾盘14:50,10.88,没涨停→尾盘兑现,-327,23.1,-350,104752,妖股期
2019-05-15,广日股份,5.42785418,挂涨停价排队·尾盘开缝成交,6400,34738,2019-05-16,尾盘14:50,5.68,没涨停→尾盘兑现,1599,53.3,1546,67848,妖股期
2019-05-15,嘉泽新能,4.2488874,挂涨停价排队·尾盘开缝成交,5400,22944,2019-05-16,尾盘14:50,4.27,没涨停→尾盘兑现,140,34.5,105,90914,妖股期
2019-05-15,京运通,3.53008655,挂涨停价排队·尾盘开缝成交,4400,15532,2019-05-17,次日早盘9:30,4.25,又涨停→隔夜后早盘兑现,3149,25.7,3123,59116,妖股期
2019-05-16,中国稀土,13.1585619,挂涨停价排队·尾盘开缝成交,2300,30265,2019-05-17,尾盘14:50,13.23,没涨停→尾盘兑现,159,45.5,114,89518,妖股期
2019-05-16,五矿发展,8.41681532,挂涨停价排队·尾盘开缝成交,2400,20200,2019-05-17,尾盘14:50,8.08,没涨停→尾盘兑现,-814,29.7,-843,108890,妖股期
2019-05-17,兴森科技,5.07978462,挂涨停价排队·尾盘开缝成交,7100,36066,2019-05-21,次日早盘9:30,5.94,又涨停→隔夜后早盘兑现,6091,58.7,6032,90851,恐慌期
2019-05-20,华微电子,6.17887992,挂涨停价排队·尾盘开缝成交,3900,24098,2019-05-21,尾盘14:50,6.08,没涨停→尾盘兑现,-379,35.9,-415,114552,恐慌期
2019-05-21,藏格矿业,6.37994669,挂涨停价排队·尾盘开缝成交,5900,37642,2019-05-22,尾盘14:50,6.19,没涨停→尾盘兑现,-1092,55.6,-1147,88005,平淡期
2019-05-21,欧菲光,8.47605942,挂涨停价排队·尾盘开缝成交,3000,25428,2019-05-22,尾盘14:50,8.24,没涨停→尾盘兑现,-719,37.6,-756,112696,平淡期
2019-05-22,ST联络,4.4,挂涨停价排队·尾盘开缝成交,8500,37400,2019-05-23,次日早盘9:30,4.39,又涨停→隔夜后早盘兑现,-85,56.0,-141,87617,恐慌期
2019-05-22,波导股份,4.38,挂涨停价排队·尾盘开缝成交,5700,24966,2019-05-23,尾盘14:50,4.3,没涨停→尾盘兑现,-456,37.1,-493,112109,恐慌期
2019-05-24,*ST嘉凯,6.17,挂涨停价排队·尾盘开缝成交,6000,37020,2019-05-27,尾盘14:50,6.5,没涨停→尾盘兑现,1980,57.0,1923,89419,平淡期
2019-05-24,中京电子,8.2133045,挂涨停价排队·尾盘开缝成交,3000,24640,2019-05-27,尾盘14:50,8.38,没涨停→尾盘兑现,505,37.3,467,114545,平淡期
2019-05-27,振华科技,16.24129518,挂涨停价排队·尾盘开缝成交,2300,37355,2019-05-28,尾盘14:50,16.24,没涨停→尾盘兑现,0,56.0,-56,114517,平淡期
2019-05-28,天汽模,4.32287604,挂涨停价排队·尾盘开缝成交,8800,38041,2019-05-29,尾盘14:50,4.22,没涨停→尾盘兑现,-863,56.4,-919,88782,平淡期
2019-05-28,博敏电子,9.20156523,挂涨停价排队·尾盘开缝成交,2700,24844,2019-05-29,尾盘14:50,9.46,没涨停→尾盘兑现,689,37.8,651,114297,平淡期
2019-05-31,东方新能,5.47577231,挂涨停价排队·尾盘开缝成交,6900,37783,2019-06-03,尾盘14:50,5.84,没涨停→尾盘兑现,2510,58.6,2451,116776,妖股期
2019-06-05,冠农股份,5.80927436,挂涨停价排队·尾盘开缝成交,6700,38922,2019-06-06,尾盘14:50,5.63,没涨停→尾盘兑现,-1194,57.5,-1251,89710,平淡期
2019-06-05,苏垦农发,6.80108275,挂涨停价排队·尾盘开缝成交,3800,25844,2019-06-06,尾盘14:50,6.78,没涨停→尾盘兑现,-64,38.7,-103,115470,平淡期
2019-06-10,可立克,12.6319656,挂涨停价排队·尾盘开缝成交,3000,37896,2019-06-11,尾盘14:50,13.1,没涨停→尾盘兑现,1414,57.9,1356,74571,平淡期
2019-06-10,联创光电,10.47276048,挂涨停价排队·尾盘开缝成交,2400,25135,2019-06-11,尾盘14:50,10.81,没涨停→尾盘兑现,803,38.3,765,100490,平淡期
2019-06-10,彩虹股份,5.04376782,挂涨停价排队·尾盘开缝成交,3400,17149,2019-06-11,尾盘14:50,5.29,没涨停→尾盘兑现,846,26.4,819,118471,平淡期
2019-06-11,冠捷科技,2.12,挂涨停价排队·尾盘开缝成交,18600,39432,2019-06-12,尾盘14:50,2.19,没涨停→尾盘兑现,1302,60.1,1242,76826,妖股期
2019-06-11,华林证券,14.71462656,挂涨停价排队·尾盘开缝成交,1700,25015,2019-06-12,尾盘14:50,15.37,没涨停→尾盘兑现,1110,38.4,1072,102932,妖股期
2019-06-11,天通股份,8.5242794,挂涨停价排队·尾盘开缝成交,2100,17901,2019-06-12,尾盘14:50,8.28,没涨停→尾盘兑现,-506,26.5,-533,120313,妖股期
2019-06-12,*ST金洲,2.29,挂涨停价排队·尾盘开缝成交,17500,40075,2019-06-14,次日早盘9:30,2.67,又涨停→隔夜后早盘兑现,6650,65.1,6585,82634,平淡期
2019-06-13,退市银鸽,2.54,挂涨停价排队·尾盘开缝成交,7000,17780,2019-06-14,尾盘14:50,2.33,没涨停→尾盘兑现,-1470,25.6,-1496,98932,妖股期
2019-06-13,泸天化,4.91,挂涨停价排队·尾盘开缝成交,5400,26514,2019-06-17,次日早盘9:30,5.67,又涨停→隔夜后早盘兑现,4104,42.8,4061,129527,妖股期
2019-06-19,联创电子,6.55599026,挂涨停价排队·尾盘开缝成交,6500,42614,2019-06-20,尾盘14:50,6.76,没涨停→尾盘兑现,1301,64.9,1236,102070,妖股期
2019-06-19,上海环境,8.97649209,挂涨停价排队·尾盘开缝成交,3200,28725,2019-06-21,次日早盘9:30,10.86,又涨停→隔夜后早盘兑现,6037,47.6,5989,80615,妖股期
2019-06-20,陕国投A,4.0457508,挂涨停价排队·尾盘开缝成交,8400,33984,2019-06-21,尾盘14:50,4.24,没涨停→尾盘兑现,1650,52.2,1598,116223,妖股期
2019-06-20,天奇股份,9.25241772,挂涨停价排队·尾盘开缝成交,2400,22206,2019-06-21,尾盘14:50,9.54,没涨停→尾盘兑现,686,33.8,652,139098,妖股期
2019-06-24,ST星农,16.58,挂涨停价排队·尾盘开缝成交,2700,44766,2019-06-25,尾盘14:50,16.85,没涨停→尾盘兑现,729,67.7,661,139793,平淡期
2019-06-26,康尼机电,4.6105072,挂涨停价排队·尾盘开缝成交,10100,46566,2019-06-27,尾盘14:50,4.5,没涨停→尾盘兑现,-1075,69.0,-1144,138684,平淡期
2019-06-27,日海智能,19.76,挂涨停价排队·尾盘开缝成交,2300,45448,2019-06-28,尾盘14:50,20.2,没涨停→尾盘兑现,1012,68.9,943,90471,平淡期
2019-06-27,深南电路,51.50845725,挂涨停价排队·尾盘开缝成交,600,30905,2019-06-28,次日早盘9:30,52.29,又涨停→隔夜后早盘兑现,468,46.7,421,121820,平淡期
2019-06-27,景旺电子,26.12142716,挂涨停价排队·尾盘开缝成交,700,18285,2019-06-28,尾盘14:50,25.75,没涨停→尾盘兑现,-257,27.2,-284,139835,平淡期
2019-07-01,润邦股份,3.9875238,挂涨停价排队·尾盘开缝成交,11600,46255,2019-07-02,尾盘14:50,3.84,没涨停→尾盘兑现,-1709,68.1,-1778,88702,主线期
2019-07-01,云赛智联,8.09068528,挂涨停价排队·尾盘开缝成交,3800,30745,2019-07-02,尾盘14:50,8.34,没涨停→尾盘兑现,947,46.8,900,120370,主线期
2019-07-01,中科曙光,26.63692317,挂涨停价排队·尾盘开缝成交,700,18646,2019-07-02,尾盘14:50,25.56,没涨停→尾盘兑现,-753,27.4,-781,138249,主线期
2019-07-04,日出东方,4.10369691,挂涨停价排队·尾盘开缝成交,11200,45961,2019-07-05,尾盘14:50,4.06,没涨停→尾盘兑现,-514,68.6,-583,137700,平淡期
2019-07-05,金达威,12.01561146,挂涨停价排队·尾盘开缝成交,3800,45659,2019-07-08,尾盘14:50,12.49,没涨停→尾盘兑现,1818,69.9,1749,139483,平淡期
2019-07-08,保利联合,8.4040044,挂涨停价排队·尾盘开缝成交,5500,46222,2019-07-09,尾盘14:50,8.66,没涨停→尾盘兑现,1386,70.4,1316,140834,恐慌期
2019-07-09,新疆众和,4.035798,挂涨停价排队·尾盘开缝成交,11600,46815,2019-07-10,尾盘14:50,3.97,没涨停→尾盘兑现,-720,69.7,-790,140079,平淡期
2019-07-11,黄河旋风,3.51,挂涨停价排队·尾盘开缝成交,13300,46683,2019-07-12,尾盘14:50,3.46,没涨停→尾盘兑现,-665,69.5,-735,88534,平淡期
2019-07-11,三峡新材,4.39,挂涨停价排队·尾盘开缝成交,7000,30730,2019-07-12,尾盘14:50,4.3,没涨停→尾盘兑现,-630,45.6,-676,118611,平淡期
2019-07-11,索通发展,10.05767926,挂涨停价排队·尾盘开缝成交,2000,20115,2019-07-12,次日早盘9:30,10.05,又涨停→隔夜后早盘兑现,-18,30.2,-48,138694,平淡期
2019-07-12,ST兴化,3.85508958,挂涨停价排队·尾盘开缝成交,11900,45876,2019-07-15,尾盘14:50,3.83,没涨停→尾盘兑现,-335,68.6,-403,138325,平淡期
2019-07-15,华软科技,6.23,挂涨停价排队·尾盘开缝成交,7400,46102,2019-07-16,尾盘14:50,6.27,没涨停→尾盘兑现,296,69.4,227,138586,平淡期
2019-07-16,华神科技,4.85611275,挂涨停价排队·尾盘开缝成交,9500,46133,2019-07-17,尾盘14:50,4.55,没涨停→尾盘兑现,-2913,67.0,-2980,105272,恐慌期
2019-07-16,天原股份,4.97849607,挂涨停价排队·尾盘开缝成交,6100,30369,2019-07-17,尾盘14:50,4.83,没涨停→尾盘兑现,-879,44.9,-924,134740,恐慌期
2019-07-17,黑猫股份,5.51183204,挂涨停价排队·尾盘开缝成交,8100,44646,2019-07-18,尾盘14:50,5.25,没涨停→尾盘兑现,-2107,65.4,-2173,102814,平淡期
2019-07-17,胜利精密,2.81,挂涨停价排队·尾盘开缝成交,10600,29786,2019-07-18,尾盘14:50,2.86,没涨停→尾盘兑现,530,45.1,485,133108,平淡期
2019-07-19,汉王科技,16.58,挂涨停价排队·尾盘开缝成交,2600,43108,2019-07-22,尾盘14:50,16.01,没涨停→尾盘兑现,-1482,63.6,-1546,131594,平淡期
2019-07-22,金牛化工,6.49,挂涨停价排队·尾盘开缝成交,6700,43483,2019-07-23,尾盘14:50,6.61,没涨停→尾盘兑现,804,65.8,738,103168,恐慌期
2019-07-22,雪峰科技,3.69581045,挂涨停价排队·尾盘开缝成交,7900,29197,2019-07-24,次日早盘9:30,4.08,又涨停→隔夜后早盘兑现,2996,46.0,2950,135337,恐慌期
2019-07-24,东山精密,15.16008953,挂涨停价排队·尾盘开缝成交,2900,43964,2019-07-25,尾盘14:50,15.38,没涨停→尾盘兑现,640,66.4,574,135944,平淡期
2019-07-30,退市绿庭,6.28,挂涨停价排队·尾盘开缝成交,7200,45216,2019-07-31,尾盘14:50,5.99,没涨停→尾盘兑现,-2088,66.3,-2154,133824,平淡期
2019-08-07,盛达资源,12.94373051,挂涨停价排队·尾盘开缝成交,3400,44009,2019-08-08,尾盘14:50,13.39,没涨停→尾盘兑现,1526,67.2,1458,85933,平淡期
2019-08-07,永鼎股份,3.89558502,挂涨停价排队·尾盘开缝成交,7600,29606,2019-08-08,尾盘14:50,4.05,没涨停→尾盘兑现,1178,45.3,1133,116695,平淡期
2019-08-07,盛屯矿业,5.0706783,挂涨停价排队·尾盘开缝成交,3900,19776,2019-08-08,尾盘14:50,5.03,没涨停→尾盘兑现,-149,29.6,-179,136307,平淡期
2019-08-09,崇达技术,15.38612468,挂涨停价排队·尾盘开缝成交,2900,44620,2019-08-12,尾盘14:50,16.21,没涨停→尾盘兑现,2389,68.7,2320,108328,平淡期
2019-08-09,世运电路,9.19144829,挂涨停价排队·尾盘开缝成交,3300,30332,2019-08-13,次日早盘9:30,11.12,又涨停→隔夜后早盘兑现,6371,50.3,6321,86201,平淡期
2019-08-12,歌尔股份,11.0362112,挂涨停价排队·尾盘开缝成交,3200,35316,2019-08-13,尾盘14:50,11.19,没涨停→尾盘兑现,486,53.3,433,121976,平淡期
2019-08-12,易尚退,19.5724611,挂涨停价排队·尾盘开缝成交,1200,23487,2019-08-14,次日早盘9:30,23.41,又涨停→隔夜后早盘兑现,4602,38.7,4563,109788,平淡期
2019-08-13,退市辅仁,6.29,挂涨停价排队·尾盘开缝成交,6400,40256,2019-08-14,尾盘14:50,6.18,没涨停→尾盘兑现,-704,59.9,-764,149310,恐慌期
2019-08-15,众生药业,9.76520148,挂涨停价排队·尾盘开缝成交,3400,33202,2019-08-16,尾盘14:50,9.81,没涨停→尾盘兑现,153,49.9,104,79228,平淡期
2019-08-15,西藏药业,16.81726914,挂涨停价排队·尾盘开缝成交,1300,21862,2019-08-16,尾盘14:50,17.1,没涨停→尾盘兑现,371,33.1,337,101444,平淡期
2019-08-15,武汉凡谷,14.22006684,挂涨停价排队·尾盘开缝成交,3400,48348,2019-08-19,次日早盘9:30,16.98,又涨停→隔夜后早盘兑现,9389,79.6,9310,125992,平淡期
2019-08-16,奔图科技,23.67626568,挂涨停价排队·尾盘开缝成交,1400,33147,2019-08-19,尾盘14:50,24.04,没涨停→尾盘兑现,512,50.1,462,159625,平淡期
2019-08-19,深粮控股,5.43713136,挂涨停价排队·尾盘开缝成交,9700,52740,2019-08-20,尾盘14:50,5.44,没涨停→尾盘兑现,0,79.1,-79,100560,主线期
2019-08-19,深华发A,11.37,挂涨停价排队·尾盘开缝成交,3100,35247,2019-08-20,尾盘14:50,11.58,没涨停→尾盘兑现,651,53.4,598,136431,主线期
2019-08-19,深圳能源,4.48656704,挂涨停价排队·尾盘开缝成交,5300,23779,2019-08-20,尾盘14:50,4.37,没涨停→尾盘兑现,-608,35.2,-643,159585,主线期
2019-08-20,哈药股份,4.37,挂涨停价排队·尾盘开缝成交,12100,52877,2019-08-21,尾盘14:50,4.39,没涨停→尾盘兑现,242,79.5,163,159787,平淡期
2019-08-21,拓日新能,3.15245775,挂涨停价排队·尾盘开缝成交,16800,52961,2019-08-22,尾盘14:50,3.17,没涨停→尾盘兑现,326,79.7,246,124702,恐慌期
2019-08-21,晶澳科技,5.6144629,挂涨停价排队·尾盘开缝成交,6300,35371,2019-08-22,尾盘14:50,5.63,没涨停→尾盘兑现,92,53.1,39,160138,恐慌期
2019-08-22,*ST西旅,9.67931193,挂涨停价排队·尾盘开缝成交,5500,53236,2019-08-23,尾盘14:50,9.67,没涨停→尾盘兑现,-55,79.8,-135,101191,平淡期
2019-08-22,*ST特迅,12.01225575,挂涨停价排队·尾盘开缝成交,2900,34836,2019-08-23,尾盘14:50,11.71,没涨停→尾盘兑现,-869,51.6,-920,135132,平淡期
2019-08-22,ST鼎龙,3.29,挂涨停价排队·尾盘开缝成交,7300,24017,2019-08-23,尾盘14:50,3.12,没涨停→尾盘兑现,-1241,35.1,-1276,157891,平淡期
2019-08-23,*ST紫鑫,6.37,挂涨停价排队·尾盘开缝成交,8200,52234,2019-08-26,尾盘14:50,6.69,没涨停→尾盘兑现,2624,80.3,2544,125326,平淡期
2019-08-23,鹏都农牧,1.74,挂涨停价排队·尾盘开缝成交,20200,35148,2019-08-26,尾盘14:50,1.91,没涨停→尾盘兑现,3434,55.3,3379,163879,平淡期
2019-08-26,盈趣科技,21.00898332,挂涨停价排队·尾盘开缝成交,2600,54623,2019-08-27,尾盘14:50,21.8,没涨停→尾盘兑现,2069,83.5,1986,105614,恐慌期
2019-08-26,东风科技,9.812385,挂涨停价排队·尾盘开缝成交,3700,36306,2019-08-28,次日早盘9:30,11.3,又涨停→隔夜后早盘兑现,5505,58.6,5446,113084,恐慌期
2019-08-26,千里科技,3.58,挂涨停价排队·尾盘开缝成交,6700,23986,2019-08-28,次日早盘9:30,4.33,又涨停→隔夜后早盘兑现,5025,39.7,4985,142073,恐慌期
2019-08-27,亿帆医药,12.7073618,挂涨停价排队·尾盘开缝成交,2700,34310,2019-08-28,尾盘14:50,12.34,没涨停→尾盘兑现,-991,50.7,-1041,175367,妖股期
2019-08-28,永泰能源,1.60974702,挂涨停价排队·尾盘开缝成交,36300,58434,2019-08-29,尾盘14:50,1.6,没涨停→尾盘兑现,-361,87.4,-448,110223,妖股期
2019-08-28,中央商场,3.51,挂涨停价排队·尾盘开缝成交,11100,38961,2019-08-29,尾盘14:50,3.4,没涨停→尾盘兑现,-1221,57.5,-1279,147934,妖股期
2019-08-28,南京熊猫,11.71791075,挂涨停价排队·尾盘开缝成交,2200,25779,2019-08-29,尾盘14:50,11.36,没涨停→尾盘兑现,-784,38.1,-823,172910,妖股期
2019-08-29,石基信息,13.67408174,挂涨停价排队·尾盘开缝成交,4200,57431,2019-08-30,尾盘14:50,13.25,没涨停→尾盘兑现,-1784,84.8,-1869,134083,平淡期
2019-08-29,*ST湘邮,17.62,挂涨停价排队·尾盘开缝成交,2100,37002,2019-08-30,尾盘14:50,17.22,没涨停→尾盘兑现,-840,54.9,-895,170218,平淡期
2019-08-30,航天发展,10.7555144,挂涨停价排队·尾盘开缝成交,5200,55929,2019-09-03,次日早盘9:30,11.96,又涨停→隔夜后早盘兑现,6254,88.6,6166,113487,平淡期
2019-09-02,中国长城,11.52134676,挂涨停价排队·尾盘开缝成交,3300,38020,2019-09-03,尾盘14:50,12.41,没涨停→尾盘兑现,2917,59.2,2858,154394,平淡期
2019-09-02,神州信息,11.3260165,挂涨停价排队·尾盘开缝成交,2200,24917,2019-09-03,尾盘14:50,11.45,没涨停→尾盘兑现,282,37.6,244,179574,平淡期
2019-09-03,大唐电信,11.67,挂涨停价排队·尾盘开缝成交,3400,39678,2019-09-04,尾盘14:50,11.58,没涨停→尾盘兑现,-306,59.3,-365,119993,平淡期
2019-09-03,电光科技,7.69425624,挂涨停价排队·尾盘开缝成交,7700,59246,2019-09-05,次日早盘9:30,9.28,又涨停→隔夜后早盘兑现,12236,98.0,12137,125233,平淡期
2019-09-04,荣安地产,2.10927948,挂涨停价排队·尾盘开缝成交,18900,39865,2019-09-05,尾盘14:50,2.09,没涨停→尾盘兑现,-407,59.5,-466,164662,平淡期
2019-09-04,先导基电,9.74914488,挂涨停价排队·尾盘开缝成交,2700,26323,2019-09-05,尾盘14:50,9.58,没涨停→尾盘兑现,-464,39.1,-503,190501,平淡期
2019-09-05,世嘉科技,29.44110114,挂涨停价排队·尾盘开缝成交,2100,61826,2019-09-06,尾盘14:50,29.38,没涨停→尾盘兑现,-126,92.6,-218,119834,平淡期
2019-09-05,麦格米特,21.92867775,挂涨停价排队·尾盘开缝成交,1900,41664,2019-09-06,尾盘14:50,21.93,没涨停→尾盘兑现,0,62.5,-62,161467,平淡期
2019-09-05,退市西水,9.3,挂涨停价排队·尾盘开缝成交,3100,28830,2019-09-06,尾盘14:50,9.66,没涨停→尾盘兑现,1116,44.1,1072,191391,平淡期
2019-09-06,沃格光电,15.4789344,挂涨停价排队·尾盘开缝成交,4100,63464,2019-09-09,尾盘14:50,15.95,没涨停→尾盘兑现,1940,96.7,1843,193282,平淡期
2019-09-09,ST合力泰,6.45859489,挂涨停价排队·尾盘开缝成交,6600,42627,2019-09-10,尾盘14:50,6.44,没涨停→尾盘兑现,-131,63.8,-195,100951,平淡期
2019-09-09,榕基软件,9.06139377,挂涨停价排队·尾盘开缝成交,3100,28090,2019-09-10,尾盘14:50,8.73,没涨停→尾盘兑现,-1020,41.4,-1061,128002,平淡期
2019-09-09,延华智能,4.03,挂涨停价排队·尾盘开缝成交,15900,64077,2019-09-11,次日早盘9:30,4.5,又涨停→隔夜后早盘兑现,7473,101.7,7371,156935,平淡期
2019-09-10,晶方科技,8.86724352,挂涨停价排队·尾盘开缝成交,4800,42563,2019-09-11,尾盘14:50,8.36,没涨停→尾盘兑现,-2452,62.0,-2514,197016,平淡期
2019-09-12,ST惠程,9.2,挂涨停价排队·尾盘开缝成交,7100,65320,2019-09-16,尾盘14:50,9.11,没涨停→尾盘兑现,-639,97.5,-737,123562,平淡期
2019-09-12,中超控股,3.0525514,挂涨停价排队·尾盘开缝成交,14300,43651,2019-09-16,尾盘14:50,2.96,没涨停→尾盘兑现,-1267,64.5,-1332,165914,平淡期
2019-09-12,峰璟股份,3.03285039,挂涨停价排队·尾盘开缝成交,9600,29115,2019-09-16,尾盘14:50,3.15,没涨停→尾盘兑现,1144,44.5,1099,196150,平淡期
2019-09-17,科力尔,10.91128372,挂涨停价排队·尾盘开缝成交,5900,64377,2019-09-18,尾盘14:50,10.46,没涨停→尾盘兑现,-2646,94.6,-2740,120784,恐慌期
2019-09-17,佛燃能源,5.80464429,挂涨停价排队·尾盘开缝成交,7500,43535,2019-09-18,尾盘14:50,5.64,没涨停→尾盘兑现,-1269,64.4,-1333,163018,恐慌期
2019-09-17,退市海医,4.7,挂涨停价排队·尾盘开缝成交,6200,29140,2019-09-19,次日早盘9:30,5.5,又涨停→隔夜后早盘兑现,4960,47.4,4913,197092,恐慌期
2019-09-19,中光学,24.2639692,挂涨停价排队·尾盘开缝成交,2700,65513,2019-09-20,尾盘14:50,23.96,没涨停→尾盘兑现,-809,97.7,-907,152763,平淡期
2019-09-19,航天机电,5.72,挂涨停价排队·尾盘开缝成交,7600,43472,2019-09-20,尾盘14:50,5.61,没涨停→尾盘兑现,-836,64.6,-901,195367,平淡期
2019-09-20,神州高铁,3.94666668,挂涨停价排队·尾盘开缝成交,16500,65120,2019-09-23,尾盘14:50,4.02,没涨停→尾盘兑现,1151,98.5,1053,124272,平淡期
2019-09-20,晋西车轴,4.7010288,挂涨停价排队·尾盘开缝成交,9200,43249,2019-09-23,尾盘14:50,4.82,没涨停→尾盘兑现,1081,65.7,1016,168569,平淡期
2019-09-20,康尼机电,5.16908788,挂涨停价排队·尾盘开缝成交,5600,28947,2019-09-23,尾盘14:50,4.97,没涨停→尾盘兑现,-1092,42.6,-1135,196403,平淡期
2019-09-23,通富微电,11.6566884,挂涨停价排队·尾盘开缝成交,5600,65277,2019-09-24,尾盘14:50,12.46,没涨停→尾盘兑现,4496,101.3,4395,157835,平淡期
2019-09-23,华阳集团,11.624675,挂涨停价排队·尾盘开缝成交,3700,43011,2019-09-25,次日早盘9:30,12.15,又涨停→隔夜后早盘兑现,1961,66.0,1895,150484,平淡期
2019-09-24,渤海化学,6.3,挂涨停价排队·尾盘开缝成交,8300,52290,2019-09-25,尾盘14:50,6.14,没涨停→尾盘兑现,-1328,77.4,-1405,201408,恐慌期
2019-09-25,旭光电子,4.33170625,挂涨停价排队·尾盘开缝成交,15400,66708,2019-09-27,次日早盘9:30,4.83,又涨停→隔夜后早盘兑现,7685,105.8,7579,209037,平淡期
2019-09-27,广电运通,7.28770615,挂涨停价排队·尾盘开缝成交,9500,69233,2019-09-30,尾盘14:50,7.63,没涨停→尾盘兑现,3281,106.3,3174,135149,平淡期
2019-09-27,共达电声,10.49385339,挂涨停价排队·尾盘开缝成交,4400,46173,2019-09-30,尾盘14:50,10.07,没涨停→尾盘兑现,-1875,67.9,-1943,179414,平淡期
2019-09-27,联创光电,12.89208728,挂涨停价排队·尾盘开缝成交,2400,30941,2019-09-30,尾盘14:50,12.39,没涨停→尾盘兑现,-1210,45.5,-1256,209123,平淡期
2019-09-30,退市海越,8.26251232,挂涨停价排队·尾盘开缝成交,8400,69405,2019-10-08,尾盘14:50,8.12,没涨停→尾盘兑现,-1236,103.2,-1340,207835,恐慌期
2019-10-08,玉龙股份,4.9051827,挂涨停价排队·尾盘开缝成交,14100,69163,2019-10-09,尾盘14:50,4.97,没涨停→尾盘兑现,978,104.5,874,208761,平淡期
2019-10-09,新疆天业,4.81682479,挂涨停价排队·尾盘开缝成交,14400,69362,2019-10-10,尾盘14:50,4.89,没涨停→尾盘兑现,1090,104.9,985,132925,平淡期
2019-10-09,华微电子,6.25637794,挂涨停价排队·尾盘开缝成交,7400,46297,2019-10-10,尾盘14:50,6.38,没涨停→尾盘兑现,939,70.2,869,180125,平淡期
2019-10-09,百傲化学,7.84011074,挂涨停价排队·尾盘开缝成交,3900,30576,2019-10-10,尾盘14:50,8.01,没涨停→尾盘兑现,673,46.4,627,211352,平淡期
2019-10-10,汉缆股份,2.88598893,挂涨停价排队·尾盘开缝成交,24400,70418,2019-10-11,尾盘14:50,2.8,没涨停→尾盘兑现,-2051,104.1,-2155,131467,平淡期
2019-10-10,奥士康,26.00129196,挂涨停价排队·尾盘开缝成交,1800,46802,2019-10-11,尾盘14:50,25.5,没涨停→尾盘兑现,-909,69.5,-979,177326,平淡期
2019-10-10,福日电子,7.37617331,挂涨停价排队·尾盘开缝成交,4200,30980,2019-10-11,尾盘14:50,7.04,没涨停→尾盘兑现,-1425,45.4,-1471,206858,平淡期
2019-10-11,*ST华铁,5.7086883,挂涨停价排队·尾盘开缝成交,12000,68504,2019-10-14,尾盘14:50,5.74,没涨停→尾盘兑现,358,103.0,255,161321,平淡期
2019-10-11,*ST艾格,3.14,挂涨停价排队·尾盘开缝成交,14600,45844,2019-10-14,尾盘14:50,3.14,没涨停→尾盘兑现,0,68.8,-69,207130,平淡期
2019-10-14,顺利退,6.38,挂涨停价排队·尾盘开缝成交,10800,68904,2019-10-15,尾盘14:50,6.11,没涨停→尾盘兑现,-2916,101.2,-3017,127879,妖股期
2019-10-14,立霸股份,10.4695306,挂涨停价排队·尾盘开缝成交,2900,30362,2019-10-15,尾盘14:50,9.79,没涨停→尾盘兑现,-1973,44.1,-2017,156246,妖股期
2019-10-14,ST粤泰,2.67,挂涨停价排队·尾盘开缝成交,17200,45924,2019-10-16,次日早盘9:30,3.09,又涨停→隔夜后早盘兑现,7224,74.3,7150,157378,妖股期
2019-10-15,绿能慧充,5.84,挂涨停价排队·尾盘开缝成交,8900,51976,2019-10-16,尾盘14:50,5.49,没涨停→尾盘兑现,-3115,75.6,-3191,206203,平淡期
2019-10-17,中原内配,5.0558256,挂涨停价排队·尾盘开缝成交,13500,68254,2019-10-21,次日早盘9:30,5.34,又涨停→隔夜后早盘兑现,3852,105.3,3747,210000,平淡期
2019-10-21,天邦食品,9.8397145,挂涨停价排队·尾盘开缝成交,7100,69862,2019-10-22,尾盘14:50,10.33,没涨停→尾盘兑现,3469,107.4,3362,167249,恐慌期
2019-10-21,新五丰,9.42162484,挂涨停价排队·尾盘开缝成交,4900,46166,2019-10-22,尾盘14:50,9.6,没涨停→尾盘兑现,872,69.9,802,214251,恐慌期
2019-10-22,丰原药业,4.56159,挂涨停价排队·尾盘开缝成交,15600,71161,2019-10-23,尾盘14:50,4.64,没涨停→尾盘兑现,1238,107.7,1130,167914,恐慌期
2019-10-22,华联股份,2.4,挂涨停价排队·尾盘开缝成交,19800,47520,2019-10-23,尾盘14:50,2.3,没涨停→尾盘兑现,-1980,69.8,-2050,213420,恐慌期
2019-10-28,*ST旭蓝,5.27,挂涨停价排队·尾盘开缝成交,13400,70618,2019-10-29,尾盘14:50,5.13,没涨停→尾盘兑现,-1876,104.5,-1981,132719,主线期
2019-10-28,三维通信,8.62441314,挂涨停价排队·尾盘开缝成交,5500,47434,2019-10-29,尾盘14:50,8.29,没涨停→尾盘兑现,-1860,69.8,-1930,178259,主线期
2019-10-28,辉煌科技,7.12269536,挂涨停价排队·尾盘开缝成交,4400,31340,2019-10-29,尾盘14:50,6.74,没涨停→尾盘兑现,-1676,45.8,-1722,207900,主线期
2019-11-06,海洋王,6.73500817,挂涨停价排队·尾盘开缝成交,10200,68697,2019-11-07,尾盘14:50,7.08,没涨停→尾盘兑现,3542,105.7,3436,211388,恐慌期
2019-11-07,华讯退,7.11,挂涨停价排队·尾盘开缝成交,9900,70389,2019-11-11,次日早盘9:30,7.37,又涨停→隔夜后早盘兑现,2574,107.5,2466,166911,平淡期
2019-11-07,安孚科技,8.39215975,挂涨停价排队·尾盘开缝成交,5600,46996,2019-11-11,次日早盘9:30,10.16,又涨停→隔夜后早盘兑现,9883,77.9,9805,223748,平淡期
2019-11-13,大港股份,5.42,挂涨停价排队·尾盘开缝成交,13700,74254,2019-11-14,尾盘14:50,5.47,没涨停→尾盘兑现,685,111.9,573,224376,平淡期
2019-11-14,安洁科技,14.48507676,挂涨停价排队·尾盘开缝成交,5100,73874,2019-11-15,尾盘14:50,14.19,没涨停→尾盘兑现,-1494,109.7,-1604,139510,平淡期
2019-11-14,奋达科技,4.58,挂涨停价排队·尾盘开缝成交,10900,49922,2019-11-15,尾盘14:50,4.69,没涨停→尾盘兑现,1199,75.8,1123,190593,平淡期
2019-11-14,波导股份,3.63,挂涨停价排队·尾盘开缝成交,9200,33396,2019-11-15,尾盘14:50,3.5,没涨停→尾盘兑现,-1196,49.2,-1245,222768,平淡期
2019-11-18,*ST易连,4.17,挂涨停价排队·尾盘开缝成交,17800,74226,2019-11-19,尾盘14:50,4.35,没涨停→尾盘兑现,3204,113.7,3090,225914,平淡期
2019-11-19,三七互娱,16.50505066,挂涨停价排队·尾盘开缝成交,4500,74273,2019-11-20,尾盘14:50,17.04,没涨停→尾盘兑现,2419,113.2,2306,177906,平淡期
2019-11-19,退市未来,3.65,挂涨停价排队·尾盘开缝成交,13800,50370,2019-11-21,次日早盘9:30,4.02,又涨停→隔夜后早盘兑现,5106,79.4,5027,135784,平淡期
2019-11-20,*ST金洲,1.87,挂涨停价排队·尾盘开缝成交,31700,59279,2019-11-21,尾盘14:50,1.81,没涨停→尾盘兑现,-1902,87.5,-1989,193118,恐慌期
2019-11-20,恒为科技,13.6705492,挂涨停价排队·尾盘开缝成交,2800,38278,2019-11-21,尾盘14:50,13.04,没涨停→尾盘兑现,-1771,56.1,-1827,229597,恐慌期
2019-11-21,ST贵人,3.86,挂涨停价排队·尾盘开缝成交,19800,76428,2019-11-25,次日早盘9:30,4.68,又涨停→隔夜后早盘兑现,16236,126.8,16109,245763,平淡期
2019-11-25,ST阳光城,6.48920909,挂涨停价排队·尾盘开缝成交,12600,81764,2019-11-26,尾盘14:50,6.2,没涨停→尾盘兑现,-3629,119.9,-3749,151410,恐慌期
2019-11-25,中南股份,4.05760212,挂涨停价排队·尾盘开缝成交,13400,54372,2019-11-26,尾盘14:50,3.99,没涨停→尾盘兑现,-929,80.9,-1010,204812,恐慌期
2019-11-25,青松建化,3.18371766,挂涨停价排队·尾盘开缝成交,11400,36294,2019-11-26,尾盘14:50,3.22,没涨停→尾盘兑现,396,54.7,341,241474,恐慌期
2019-12-03,恒立退,4.94,挂涨停价排队·尾盘开缝成交,16200,80028,2019-12-04,尾盘14:50,5.11,没涨停→尾盘兑现,2754,122.1,2632,190430,平淡期
2019-12-03,ST亿利,3.05318208,挂涨停价排队·尾盘开缝成交,17600,53736,2019-12-04,尾盘14:50,3.0,没涨停→尾盘兑现,-904,79.9,-984,243223,平淡期
2019-12-05,淳中科技,25.84443904,挂涨停价排队·尾盘开缝成交,3100,80118,2019-12-06,尾盘14:50,25.29,没涨停→尾盘兑现,-1725,118.9,-1844,241439,平淡期
2019-12-06,*ST超华,4.92,挂涨停价排队·尾盘开缝成交,16300,80196,2019-12-09,尾盘14:50,4.96,没涨停→尾盘兑现,652,120.8,531,242030,平淡期
2019-12-09,赛福天,8.46676908,挂涨停价排队·尾盘开缝成交,9500,80434,2019-12-10,尾盘14:50,8.63,没涨停→尾盘兑现,1577,121.8,1455,243546,恐慌期
2019-12-11,*ST奥维,7.52,挂涨停价排队·尾盘开缝成交,10700,80464,2019-12-12,尾盘14:50,7.6,没涨停→尾盘兑现,856,121.3,735,190686,平淡期
2019-12-11,ST明诚,10.95,挂涨停价排队·尾盘开缝成交,4900,53655,2019-12-12,尾盘14:50,10.89,没涨停→尾盘兑现,-294,80.3,-374,244006,平淡期
2019-12-12,超声电子,10.7698651,挂涨停价排队·尾盘开缝成交,7500,80774,2019-12-13,尾盘14:50,10.79,没涨停→尾盘兑现,138,121.3,16,190527,平淡期
2019-12-12,联明股份,8.63810815,挂涨停价排队·尾盘开缝成交,6200,53556,2019-12-13,尾盘14:50,8.84,没涨停→尾盘兑现,1234,81.3,1153,245276,平淡期
2019-12-13,*ST民控,5.26228022,挂涨停价排队·尾盘开缝成交,15500,81565,2019-12-16,尾盘14:50,5.41,没涨停→尾盘兑现,2274,124.1,2150,158043,平淡期
2019-12-13,璞泰来,17.69486766,挂涨停价排队·尾盘开缝成交,2000,35390,2019-12-16,尾盘14:50,18.08,没涨停→尾盘兑现,767,53.7,714,194173,平淡期
2019-12-13,退市绿庭,5.69,挂涨停价排队·尾盘开缝成交,9500,54055,2019-12-17,次日早盘9:30,6.76,又涨停→隔夜后早盘兑现,10165,88.7,10076,151548,平淡期
2019-12-16,红太阳,8.216883,挂涨停价排队·尾盘开缝成交,7800,64092,2019-12-17,尾盘14:50,8.23,没涨停→尾盘兑现,70,96.2,-26,215662,平淡期
2019-12-16,卧龙电驱,9.08618173,挂涨停价排队·尾盘开缝成交,4700,42705,2019-12-17,尾盘14:50,9.29,没涨停→尾盘兑现,955,64.8,890,259289,平淡期
2019-12-17,ST旭电,3.54,挂涨停价排队·尾盘开缝成交,24400,86376,2019-12-18,尾盘14:50,3.69,没涨停→尾盘兑现,3660,132.3,3528,168313,平淡期
2019-12-17,东方通信,21.53746773,挂涨停价排队·尾盘开缝成交,2600,55997,2019-12-18,尾盘14:50,22.03,没涨停→尾盘兑现,1288,85.0,1203,225556,平淡期
2019-12-17,泰晶科技,9.18348515,挂涨停价排队·尾盘开缝成交,4200,38571,2019-12-19,次日早盘9:30,10.05,又涨停→隔夜后早盘兑现,3626,60.6,3565,143105,平淡期
2019-12-18,ST达华,5.95,挂涨停价排队·尾盘开缝成交,12600,74970,2019-12-19,尾盘14:50,6.12,没涨停→尾盘兑现,2142,114.1,2028,220159,平淡期
2019-12-18,世纪华通,9.36710392,挂涨停价排队·尾盘开缝成交,5300,49646,2019-12-19,尾盘14:50,9.74,没涨停→尾盘兑现,1984,76.0,1908,271750,平淡期
2019-12-19,儒意电影,18.15,挂涨停价排队·尾盘开缝成交,3300,59895,2019-12-20,尾盘14:50,18.2,没涨停→尾盘兑现,165,90.0,75,141003,平淡期
2019-12-19,天通股份,7.2128518,挂涨停价排队·尾盘开缝成交,5600,40392,2019-12-20,尾盘14:50,6.97,没涨停→尾盘兑现,-1350,59.6,-1410,180016,平淡期
2019-12-19,亚太股份,5.16996942,挂涨停价排队·尾盘开缝成交,17500,90474,2019-12-23,次日早盘9:30,5.77,又涨停→隔夜后早盘兑现,10575,143.6,10431,280990,平淡期
2019-12-24,中科三环,9.6270155,挂涨停价排队·尾盘开缝成交,9700,93382,2019-12-25,尾盘14:50,9.57,没涨停→尾盘兑现,-601,139.6,-741,177017,平淡期
2019-12-24,江特电机,3.77,挂涨停价排队·尾盘开缝成交,16500,62205,2019-12-25,尾盘14:50,3.67,没涨停→尾盘兑现,-1650,92.1,-1742,237526,平淡期
2019-12-24,兴森科技,8.05825416,挂涨停价排队·尾盘开缝成交,5100,41097,2019-12-25,尾盘14:50,8.1,没涨停→尾盘兑现,197,61.8,135,278789,平淡期
2019-12-25,精工科技,4.66373115,挂涨停价排队·尾盘开缝成交,19900,92808,2019-12-26,尾盘14:50,4.6,没涨停→尾盘兑现,-1334,138.2,-1472,215452,平淡期
2019-12-25,*ST西源,3.58,挂涨停价排队·尾盘开缝成交,17300,61934,2019-12-26,尾盘14:50,3.6,没涨停→尾盘兑现,346,93.2,253,277686,平淡期
2019-12-26,*ST搜特,2.44,挂涨停价排队·尾盘开缝成交,37900,92476,2019-12-27,尾盘14:50,2.36,没涨停→尾盘兑现,-3032,136.4,-3168,172281,平淡期
2019-12-26,退市国化,9.93598439,挂涨停价排队·尾盘开缝成交,6200,61603,2019-12-27,尾盘14:50,9.73,没涨停→尾盘兑现,-1307,91.4,-1398,232532,平淡期
2019-12-26,三美股份,25.43920236,挂涨停价排队·尾盘开缝成交,1600,40703,2019-12-27,尾盘14:50,24.73,没涨停→尾盘兑现,-1128,60.2,-1188,272077,平淡期
2019-12-27,ST雪发,6.78,挂涨停价排队·尾盘开缝成交,13300,90174,2019-12-30,尾盘14:50,7.04,没涨停→尾盘兑现,3458,137.9,3320,214928,平淡期
2019-12-27,千里科技,3.22,挂涨停价排队·尾盘开缝成交,18800,60536,2019-12-30,尾盘14:50,3.1,没涨停→尾盘兑现,-2256,89.1,-2345,273165,平淡期
2019-12-30,康达新材,13.19273238,挂涨停价排队·尾盘开缝成交,6900,91030,2019-12-31,尾盘14:50,12.81,没涨停→尾盘兑现,-2666,134.5,-2800,170242,平淡期
2019-12-30,耀皮玻璃,4.97691936,挂涨停价排队·尾盘开缝成交,8200,40811,2019-12-31,尾盘14:50,4.88,没涨停→尾盘兑现,-786,60.6,-847,210236,平淡期
2019-12-30,*ST九鼎,22.83846776,挂涨停价排队·尾盘开缝成交,2600,59380,2020-01-02,次日早盘9:30,27.63,又涨停→隔夜后早盘兑现,12456,98.4,12358,165624,平淡期
2019-12-31,四环生物,3.63,挂涨停价排队·尾盘开缝成交,19300,70059,2020-01-02,尾盘14:50,3.72,没涨停→尾盘兑现,1737,106.4,1631,237366,平淡期
2019-12-31,*ST未名,7.24,挂涨停价排队·尾盘开缝成交,6400,46336,2020-01-02,尾盘14:50,7.22,没涨停→尾盘兑现,-128,69.4,-197,283540,平淡期
2020-01-02,南极电商,10.91964,挂涨停价排队·尾盘开缝成交,8600,93909,2020-01-03,尾盘14:50,11.01,没涨停→尾盘兑现,783,141.5,641,180197,妖股期
2020-01-02,东山精密,24.51525705,挂涨停价排队·尾盘开缝成交,2500,61288,2020-01-03,尾盘14:50,25.89,没涨停→尾盘兑现,3441,94.5,3346,244878,妖股期
2020-01-02,中信重工,3.95979076,挂涨停价排队·尾盘开缝成交,10800,42766,2020-01-03,尾盘14:50,3.9,没涨停→尾盘兑现,-627,63.7,-691,286985,妖股期
2020-01-03,芭田股份,3.2850376,挂涨停价排队·尾盘开缝成交,29100,95595,2020-01-06,尾盘14:50,3.55,没涨停→尾盘兑现,7751,149.2,7602,189183,妖股期
2020-01-03,万向德农,9.55389312,挂涨停价排队·尾盘开缝成交,4400,42037,2020-01-06,尾盘14:50,10.19,没涨停→尾盘兑现,2796,65.2,2731,233983,妖股期
2020-01-03,敦煌种业,5.82,挂涨停价排队·尾盘开缝成交,10900,63438,2020-01-07,次日早盘9:30,6.09,又涨停→隔夜后早盘兑现,2943,97.4,2846,171121,妖股期
2020-01-06,同洲电子,3.63,挂涨停价排队·尾盘开缝成交,21400,77682,2020-01-07,尾盘14:50,3.67,没涨停→尾盘兑现,856,117.2,739,249600,妖股期
2020-01-06,众业达,6.52037222,挂涨停价排队·尾盘开缝成交,7900,51511,2020-01-08,次日早盘9:30,7.67,又涨停→隔夜后早盘兑现,9054,84.1,8970,171812,妖股期
2020-01-07,拓日新能,3.27855606,挂涨停价排队·尾盘开缝成交,25300,82947,2020-01-08,尾盘14:50,3.4,没涨停→尾盘兑现,3190,126.8,3063,257885,妖股期
2020-01-07,中利集团,6.92,挂涨停价排队·尾盘开缝成交,8000,55360,2020-01-08,尾盘14:50,6.89,没涨停→尾盘兑现,-240,82.9,-323,312964,妖股期
2020-01-08,万向钱潮,5.21519702,挂涨停价排队·尾盘开缝成交,20000,104304,2020-01-09,尾盘14:50,5.01,没涨停→尾盘兑现,-4087,153.4,-4241,193392,平淡期
2020-01-08,ST天际,10.30524932,挂涨停价排队·尾盘开缝成交,6700,69045,2020-01-09,尾盘14:50,10.5,没涨停→尾盘兑现,1276,104.5,1172,263661,平淡期
2020-01-08,东材科技,4.1030314,挂涨停价排队·尾盘开缝成交,11300,46364,2020-01-09,尾盘14:50,4.1,没涨停→尾盘兑现,-82,69.5,-152,309908,平淡期
2020-01-09,中广核技,7.5433437,挂涨停价排队·尾盘开缝成交,13600,102589,2020-01-10,尾盘14:50,7.38,没涨停→尾盘兑现,-2280,152.2,-2432,193022,平淡期
2020-01-09,青岛金王,5.43,挂涨停价排队·尾盘开缝成交,12700,68961,2020-01-10,尾盘14:50,5.29,没涨停→尾盘兑现,-1778,102.1,-1880,260155,平淡期
2020-01-09,太极集团,12.6584304,挂涨停价排队·尾盘开缝成交,3600,45570,2020-01-10,尾盘14:50,12.49,没涨停→尾盘兑现,-607,67.9,-675,305084,平淡期
2020-01-10,北京科锐,5.90141145,挂涨停价排队·尾盘开缝成交,17200,101504,2020-01-13,尾盘14:50,5.75,没涨停→尾盘兑现,-2572,150.3,-2722,302438,平淡期
2020-01-13,高德红外,6.1829493,挂涨停价排队·尾盘开缝成交,16300,100782,2020-01-14,尾盘14:50,6.02,没涨停→尾盘兑现,-2695,149.2,-2844,191158,平淡期
2020-01-13,金溢科技,46.1599959,挂涨停价排队·尾盘开缝成交,900,41544,2020-01-14,尾盘14:50,43.04,没涨停→尾盘兑现,-2811,60.2,-2871,229862,平淡期
2020-01-13,英维克,3.60043017,挂涨停价排队·尾盘开缝成交,18600,66968,2020-01-15,次日早盘9:30,4.18,又涨停→隔夜后早盘兑现,10857,108.6,10748,180201,平淡期
2020-01-14,*ST泛海,4.91747387,挂涨停价排队·尾盘开缝成交,15500,76221,2020-01-15,尾盘14:50,4.92,没涨停→尾盘兑现,0,114.3,-114,256365,平淡期
2020-01-14,藏格矿业,6.56498928,挂涨停价排队·尾盘开缝成交,7800,51207,2020-01-15,尾盘14:50,6.27,没涨停→尾盘兑现,-2322,75.1,-2397,305213,平淡期
2020-01-15,*ST东珠,11.7244506,挂涨停价排队·尾盘开缝成交,8600,100830,2020-01-16,尾盘14:50,12.15,没涨停→尾盘兑现,3629,154.0,3475,308764,恐慌期
2020-01-16,德赛电池,26.51769939,挂涨停价排队·尾盘开缝成交,3800,100767,2020-01-17,尾盘14:50,26.15,没涨停→尾盘兑现,-1411,150.1,-1561,237992,恐慌期
2020-01-16,保变电气,3.43,挂涨停价排队·尾盘开缝成交,20200,69286,2020-01-17,尾盘14:50,3.38,没涨停→尾盘兑现,-1010,103.2,-1113,306217,恐慌期
2020-01-20,航天发展,12.7469112,挂涨停价排队·尾盘开缝成交,8000,101975,2020-01-21,尾盘14:50,13.0,没涨停→尾盘兑现,2051,154.5,1896,195281,平淡期
2020-01-20,科华生物,12.46325488,挂涨停价排队·尾盘开缝成交,5400,67302,2020-01-22,次日早盘9:30,15.08,又涨停→隔夜后早盘兑现,14132,111.6,14020,211715,平淡期
2020-01-20,西陇科学,5.5617856,挂涨停价排队·尾盘开缝成交,8200,45607,2020-01-22,次日早盘9:30,6.26,又涨停→隔夜后早盘兑现,5701,72.7,5628,262984,平淡期
2020-01-21,华神科技,5.11325925,挂涨停价排队·尾盘开缝成交,12700,64938,2020-01-22,尾盘14:50,4.77,没涨停→尾盘兑现,-4396,94.1,-4490,323481,平淡期
2020-01-22,雅克科技,33.93542094,挂涨停价排队·尾盘开缝成交,3100,105200,2020-01-23,尾盘14:50,32.16,没涨停→尾盘兑现,-5496,153.7,-5650,198188,恐慌期
2020-01-22,天赐材料,7.35541805,挂涨停价排队·尾盘开缝成交,9800,72083,2020-01-23,尾盘14:50,7.02,没涨停→尾盘兑现,-3283,105.7,-3388,266937,恐慌期
2020-01-22,上海贝岭,18.32265168,挂涨停价排队·尾盘开缝成交,2600,47639,2020-01-23,尾盘14:50,18.32,没涨停→尾盘兑现,0,71.5,-71,314540,恐慌期
2020-02-03,ST沈化,3.87016896,挂涨停价排队·尾盘开缝成交,27000,104495,2020-02-04,尾盘14:50,4.11,没涨停→尾盘兑现,6398,161.5,6236,204992,恐慌期
2020-02-03,新华制药,8.54791704,挂涨停价排队·尾盘开缝成交,8100,69238,2020-02-04,尾盘14:50,8.36,没涨停→尾盘兑现,-1553,102.7,-1656,272626,恐慌期
2020-02-03,永太科技,12.60108072,挂涨停价排队·尾盘开缝成交,3700,46624,2020-02-05,次日早盘9:30,14.86,又涨停→隔夜后早盘兑现,8357,76.2,8281,176479,恐慌期
2020-02-04,丰原药业,4.667366,挂涨停价排队·尾盘开缝成交,19400,90547,2020-02-05,尾盘14:50,5.0,没涨停→尾盘兑现,6413,140.6,6272,273366,主线期
2020-02-04,ST万邦,9.17277966,挂涨停价排队·尾盘开缝成交,6600,60540,2020-02-05,尾盘14:50,9.77,没涨停→尾盘兑现,3958,93.8,3864,337815,主线期
2020-02-05,亿帆医药,18.3271829,挂涨停价排队·尾盘开缝成交,4000,73309,2020-02-06,尾盘14:50,18.88,没涨停→尾盘兑现,2202,111.6,2090,177275,妖股期
2020-02-05,*ST紫鑫,6.61,挂涨停价排队·尾盘开缝成交,7600,50236,2020-02-06,尾盘14:50,6.84,没涨停→尾盘兑现,1748,76.7,1671,229220,妖股期
2020-02-05,英力特,7.25478767,挂涨停价排队·尾盘开缝成交,15500,112449,2020-02-07,次日早盘9:30,8.58,又涨停→隔夜后早盘兑现,20513,184.1,20329,236300,妖股期
2020-02-06,海南海药,8.46,挂涨停价排队·尾盘开缝成交,9000,76140,2020-02-07,尾盘14:50,9.1,没涨停→尾盘兑现,5760,118.5,5641,318139,平淡期
2020-02-06,振华科技,18.38616436,挂涨停价排队·尾盘开缝成交,2700,49643,2020-02-07,尾盘14:50,19.61,没涨停→尾盘兑现,3311,76.9,3234,371053,平淡期
2020-02-07,珠海中富,2.38,挂涨停价排队·尾盘开缝成交,51900,123522,2020-02-10,尾盘14:50,2.34,没涨停→尾盘兑现,-2076,183.7,-2260,232382,妖股期
2020-02-07,*ST启环,9.69,挂涨停价排队·尾盘开缝成交,8500,82365,2020-02-10,尾盘14:50,9.94,没涨停→尾盘兑现,2125,125.1,2000,316809,妖股期
2020-02-07,南兴股份,10.41133416,挂涨停价排队·尾盘开缝成交,5200,54139,2020-02-11,次日早盘9:30,11.53,又涨停→隔夜后早盘兑现,5797,85.6,5711,200877,妖股期
2020-02-10,金隅冀东,12.85658517,挂涨停价排队·尾盘开缝成交,8200,105424,2020-02-11,尾盘14:50,13.0,没涨停→尾盘兑现,1139,159.0,980,307361,妖股期
2020-02-10,冰山冷热,3.76457984,挂涨停价排队·尾盘开缝成交,18700,70398,2020-02-11,尾盘14:50,3.62,没涨停→尾盘兑现,-2694,103.6,-2797,375014,妖股期
2020-02-11,帝欧水华,21.74625784,挂涨停价排队·尾盘开缝成交,5700,123954,2020-02-12,尾盘14:50,22.91,没涨停→尾盘兑现,6605,190.9,6414,243185,恐慌期
2020-02-11,鹏鼎控股,41.07454848,挂涨停价排队·尾盘开缝成交,2000,82149,2020-02-12,尾盘14:50,41.35,没涨停→尾盘兑现,545,123.6,421,325817,恐慌期
2020-02-11,亚宝药业,5.0167326,挂涨停价排队·尾盘开缝成交,11200,56187,2020-02-12,尾盘14:50,4.91,没涨停→尾盘兑现,-1207,83.4,-1291,380755,恐慌期
2020-02-12,合众思壮,11.0,挂涨停价排队·尾盘开缝成交,7700,84700,2020-02-13,尾盘14:50,11.16,没涨停→尾盘兑现,1232,128.0,1104,200261,平淡期
2020-02-12,科士达,12.32537565,挂涨停价排队·尾盘开缝成交,4500,55464,2020-02-13,尾盘14:50,13.09,没涨停→尾盘兑现,3449,85.8,3363,259129,平淡期
2020-02-12,ST惠程,7.79,挂涨停价排队·尾盘开缝成交,16200,126198,2020-02-14,次日早盘9:30,8.6,又涨停→隔夜后早盘兑现,13122,199.1,12923,255006,平淡期
2020-02-13,兄弟科技,4.80792165,挂涨停价排队·尾盘开缝成交,17900,86062,2020-02-14,尾盘14:50,5.05,没涨停→尾盘兑现,4295,132.3,4162,345295,平淡期
2020-02-13,云天化,4.54576055,挂涨停价排队·尾盘开缝成交,12600,57277,2020-02-14,尾盘14:50,4.89,没涨停→尾盘兑现,4319,89.2,4230,406844,平淡期
2020-02-14,金浦钛业,2.93855184,挂涨停价排队·尾盘开缝成交,46100,135467,2020-02-17,尾盘14:50,3.1,没涨停→尾盘兑现,7323,208.7,7114,323994,平淡期
2020-02-14,共进股份,12.86656424,挂涨停价排队·尾盘开缝成交,7000,90066,2020-02-18,次日早盘9:30,14.08,又涨停→隔夜后早盘兑现,8464,141.4,8322,242882,平淡期
2020-02-17,安道麦A,11.0162505,挂涨停价排队·尾盘开缝成交,6500,71606,2020-02-18,尾盘14:50,10.65,没涨停→尾盘兑现,-2387,105.6,-2492,312049,妖股期
2020-02-17,国华退,23.47,挂涨停价排队·尾盘开缝成交,4600,107962,2020-02-19,次日早盘9:30,26.84,又涨停→隔夜后早盘兑现,15502,173.6,15328,263085,妖股期
2020-02-18,ST得润,12.66,挂涨停价排队·尾盘开缝成交,8200,103812,2020-02-19,尾盘14:50,13.1,没涨停→尾盘兑现,3608,158.4,3450,370425,主线期
2020-02-18,中光学,20.76454416,挂涨停价排队·尾盘开缝成交,3300,68523,2020-02-19,尾盘14:50,21.94,没涨停→尾盘兑现,3892,105.7,3786,442785,主线期
2020-02-19,新能泰山,5.45,挂涨停价排队·尾盘开缝成交,27000,147150,2020-02-20,尾盘14:50,5.56,没涨停→尾盘兑现,2970,223.0,2747,282222,妖股期
2020-02-19,四川九洲,5.263599,挂涨停价排队·尾盘开缝成交,18700,98429,2020-02-20,次日早盘9:30,5.18,又涨停→隔夜后早盘兑现,-1611,146.4,-1757,378968,妖股期
2020-02-19,钱江摩托,9.5575854,挂涨停价排队·尾盘开缝成交,6800,64992,2020-02-20,尾盘14:50,9.57,没涨停→尾盘兑现,111,97.6,14,444022,妖股期
2020-02-20,闽东电力,6.985491,挂涨停价排队·尾盘开缝成交,21100,147394,2020-02-21,尾盘14:50,6.84,没涨停→尾盘兑现,-3050,218.8,-3268,276612,妖股期
2020-02-20,华西证券,11.02357404,挂涨停价排队·尾盘开缝成交,6000,66141,2020-02-21,尾盘14:50,11.38,没涨停→尾盘兑现,2117,100.8,2017,344820,妖股期
2020-02-20,思源电气,15.32983772,挂涨停价排队·尾盘开缝成交,6400,98111,2020-02-24,次日早盘9:30,18.55,又涨停→隔夜后早盘兑现,20629,162.6,20466,274114,妖股期
2020-02-21,中嘉博创,6.85126862,挂涨停价排队·尾盘开缝成交,16700,114416,2020-02-24,尾盘14:50,7.3,没涨停→尾盘兑现,7516,177.3,7339,395955,主线期
2020-02-21,梦网科技,20.81669699,挂涨停价排队·尾盘开缝成交,3600,74940,2020-02-24,尾盘14:50,22.31,没涨停→尾盘兑现,5381,116.4,5265,476216,主线期
2020-02-24,特发信息,12.18071121,挂涨停价排队·尾盘开缝成交,13000,158349,2020-02-25,尾盘14:50,12.31,没涨停→尾盘兑现,1678,238.8,1439,301622,主线期
2020-02-24,天音控股,6.36097308,挂涨停价排队·尾盘开缝成交,16600,105592,2020-02-25,尾盘14:50,6.77,没涨停→尾盘兑现,6812,163.5,6649,413942,主线期
2020-02-24,国安股份,3.92,挂涨停价排队·尾盘开缝成交,18000,70560,2020-02-25,尾盘14:50,4.09,没涨停→尾盘兑现,3060,108.1,2952,487507,主线期
2020-02-25,南玻A,5.33159704,挂涨停价排队·尾盘开缝成交,30400,162081,2020-02-26,尾盘14:50,5.18,没涨停→尾盘兑现,-4736,239.6,-4976,302754,主线期
2020-02-25,北斗星通,32.751213,挂涨停价排队·尾盘开缝成交,3300,108079,2020-02-26,尾盘14:50,33.15,没涨停→尾盘兑现,1310,163.1,1147,412061,主线期
2020-02-25,东方锆业,6.84,挂涨停价排队·尾盘开缝成交,10500,71820,2020-02-26,尾盘14:50,6.5,没涨停→尾盘兑现,-3570,105.1,-3675,480260,主线期
2020-02-26,富奥股份,3.8513313,挂涨停价排队·尾盘开缝成交,41500,159830,2020-02-27,尾盘14:50,4.0,没涨停→尾盘兑现,6268,244.4,6023,309156,妖股期
2020-02-26,中工国际,8.55687894,挂涨停价排队·尾盘开缝成交,12400,106105,2020-02-27,尾盘14:50,8.34,没涨停→尾盘兑现,-2750,157.1,-2907,412433,妖股期
2020-02-26,宏润建设,3.308925,挂涨停价排队·尾盘开缝成交,21500,71142,2020-02-28,次日早盘9:30,3.5,又涨停→隔夜后早盘兑现,4174,109.8,4064,259147,妖股期
2020-02-27,长高电气,5.68820007,挂涨停价排队·尾盘开缝成交,24100,137086,2020-02-28,尾盘14:50,5.12,没涨停→尾盘兑现,-13731,195.3,-13926,382409,妖股期
2020-02-27,电光科技,8.09383718,挂涨停价排队·尾盘开缝成交,11300,91460,2020-02-28,尾盘14:50,7.34,没涨停→尾盘兑现,-8505,130.8,-8636,465301,妖股期
2020-03-02,中国长城,15.11624268,挂涨停价排队·尾盘开缝成交,10200,154186,2020-03-03,尾盘14:50,15.09,没涨停→尾盘兑现,-301,231.1,-532,293240,妖股期
2020-03-02,上峰材料,12.99468274,挂涨停价排队·尾盘开缝成交,7900,102658,2020-03-03,尾盘14:50,13.18,没涨停→尾盘兑现,1502,155.1,1347,397322,妖股期
2020-03-02,中交发展,6.27152635,挂涨停价排队·尾盘开缝成交,11000,68987,2020-03-04,次日早盘9:30,6.65,又涨停→隔夜后早盘兑现,4214,106.6,4107,250184,妖股期
2020-03-03,华东数控,8.14,挂涨停价排队·尾盘开缝成交,16200,131868,2020-03-04,尾盘14:50,8.13,没涨停→尾盘兑现,-162,197.7,-360,381791,妖股期
2020-03-03,*ST和科,24.56,挂涨停价排队·尾盘开缝成交,3600,88416,2020-03-04,尾盘14:50,25.46,没涨停→尾盘兑现,3240,135.1,3105,473378,妖股期
2020-03-04,*ST发展,3.0274816,挂涨停价排队·尾盘开缝成交,34800,105356,2020-03-05,尾盘14:50,3.08,没涨停→尾盘兑现,1975,159.5,1816,247948,妖股期
2020-03-04,ST泰禾,6.0,挂涨停价排队·尾盘开缝成交,26200,157200,2020-03-06,次日早盘9:30,6.39,又涨停→隔夜后早盘兑现,10218,243.5,9975,333023,妖股期
2020-03-04,普邦股份,2.75,挂涨停价排队·尾盘开缝成交,25500,70125,2020-03-06,次日早盘9:30,3.0,又涨停→隔夜后早盘兑现,6375,110.0,6265,409465,妖股期
2020-03-05,ST西王,5.79,挂涨停价排队·尾盘开缝成交,14200,82218,2020-03-06,尾盘14:50,5.55,没涨停→尾盘兑现,-3408,120.8,-3529,488216,妖股期
2020-03-06,ST海龙,3.88,挂涨停价排队·尾盘开缝成交,41900,162572,2020-03-09,尾盘14:50,3.91,没涨停→尾盘兑现,1257,244.8,1012,308852,妖股期
2020-03-06,秦川机床,4.3762268,挂涨停价排队·尾盘开缝成交,24800,108530,2020-03-09,尾盘14:50,4.17,没涨停→尾盘兑现,-5180,158.9,-5339,412125,妖股期
2020-03-06,跨境通,6.92,挂涨停价排队·尾盘开缝成交,10400,71968,2020-03-09,尾盘14:50,7.01,没涨停→尾盘兑现,936,108.7,827,484974,妖股期
2020-03-09,*ST宜康,4.6,挂涨停价排队·尾盘开缝成交,35100,161460,2020-03-10,尾盘14:50,4.88,没涨停→尾盘兑现,9828,249.6,9578,315392,妖股期
2020-03-09,ST云动,3.26332428,挂涨停价排队·尾盘开缝成交,33000,107690,2020-03-11,次日早盘9:30,3.95,又涨停→隔夜后早盘兑现,22706,178.6,22527,341039,妖股期
2020-03-09,顺威股份,3.5795952,挂涨停价排队·尾盘开缝成交,20000,71592,2020-03-11,次日早盘9:30,4.34,又涨停→隔夜后早盘兑现,15114,118.7,14995,427680,妖股期
2020-03-10,烽火电子,8.05002172,挂涨停价排队·尾盘开缝成交,13000,104650,2020-03-12,次日早盘9:30,8.86,又涨停→隔夜后早盘兑现,10517,164.9,10352,400435,主线期
2020-03-11,金固股份,7.5705196,挂涨停价排队·尾盘开缝成交,18800,142326,2020-03-12,尾盘14:50,7.17,没涨停→尾盘兑现,-7491,207.9,-7699,535169,妖股期
2020-03-12,波导股份,5.12,挂涨停价排队·尾盘开缝成交,34800,178176,2020-03-13,尾盘14:50,5.2,没涨停→尾盘兑现,2784,269.4,2515,537817,平淡期
2020-03-13,杭电股份,6.39135618,挂涨停价排队·尾盘开缝成交,12400,79253,2020-03-16,尾盘14:50,6.16,没涨停→尾盘兑现,-2905,116.7,-3022,236101,平淡期
2020-03-13,中华企业,4.29793616,挂涨停价排队·尾盘开缝成交,41700,179224,2020-03-17,次日早盘9:30,4.47,又涨停→隔夜后早盘兑现,7065,274.1,6791,343593,平淡期
2020-03-13,广电电气,3.26584454,挂涨停价排队·尾盘开缝成交,36600,119530,2020-03-17,次日早盘9:30,3.46,又涨停→隔夜后早盘兑现,7264,184.7,7080,470292,平淡期
2020-03-16,ST海泰,3.87474744,挂涨停价排队·尾盘开缝成交,20300,78657,2020-03-17,尾盘14:50,3.96,没涨停→尾盘兑现,1811,119.3,1691,550699,恐慌期
2020-03-17,太阳电缆,5.56561812,挂涨停价排队·尾盘开缝成交,32900,183109,2020-03-18,尾盘14:50,5.56,没涨停→尾盘兑现,-239,274.5,-514,346858,平淡期
2020-03-17,积成电子,7.25781507,挂涨停价排队·尾盘开缝成交,16800,121931,2020-03-18,尾盘14:50,7.57,没涨停→尾盘兑现,5280,186.9,5093,473974,平淡期
2020-03-17,银河电子,4.76803808,挂涨停价排队·尾盘开缝成交,17100,81533,2020-03-18,尾盘14:50,4.84,没涨停→尾盘兑现,1315,123.3,1192,556760,平淡期
2020-03-18,爱旭股份,5.73602868,挂涨停价排队·尾盘开缝成交,21500,123325,2020-03-19,尾盘14:50,5.83,没涨停→尾盘兑现,2111,186.6,1924,290856,平淡期
2020-03-18,胜利精密,2.27,挂涨停价排队·尾盘开缝成交,81700,185459,2020-03-20,次日早盘9:30,2.75,又涨停→隔夜后早盘兑现,39216,307.6,38908,418570,平淡期
2020-03-18,立霸股份,7.8535424,挂涨停价排队·尾盘开缝成交,10500,82462,2020-03-20,次日早盘9:30,8.86,又涨停→隔夜后早盘兑现,10542,131.6,10410,511505,平淡期
2020-03-19,中央商场,2.18,挂涨停价排队·尾盘开缝成交,44400,96792,2020-03-23,次日早盘9:30,2.64,又涨停→隔夜后早盘兑现,20424,160.5,20263,344654,妖股期
2020-03-20,皇氏集团,4.95199952,挂涨停价排队·尾盘开缝成交,34400,170349,2020-03-23,尾盘14:50,4.95,没涨停→尾盘兑现,0,255.5,-256,514875,妖股期
2020-03-20,仙琚制药,10.92597808,挂涨停价排队·尾盘开缝成交,10400,113630,2020-03-23,尾盘14:50,10.78,没涨停→尾盘兑现,-1528,169.3,-1698,626893,妖股期
2020-03-23,古汉医药,10.89,挂涨停价排队·尾盘开缝成交,19100,207999,2020-03-24,尾盘14:50,10.69,没涨停→尾盘兑现,-3820,309.1,-4129,390772,恐慌期
2020-03-23,誉衡药业,2.73,挂涨停价排队·尾盘开缝成交,34100,93093,2020-03-24,尾盘14:50,2.66,没涨停→尾盘兑现,-2387,137.8,-2525,481410,恐慌期
2020-03-23,正泰电源,6.01967352,挂涨停价排队·尾盘开缝成交,23100,139054,2020-03-25,次日早盘9:30,7.18,又涨停→隔夜后早盘兑现,26839,228.7,26610,380011,恐慌期
2020-03-24,天夏退,3.64,挂涨停价排队·尾盘开缝成交,44000,160160,2020-03-25,尾盘14:50,3.68,没涨停→尾盘兑现,1760,241.6,1518,541810,妖股期
2020-03-24,兴民智通,6.08,挂涨停价排队·尾盘开缝成交,17600,107008,2020-03-25,次日早盘9:30,6.48,又涨停→隔夜后早盘兑现,7040,165.8,6874,655772,妖股期
2020-03-25,襄阳轴承,6.26,挂涨停价排队·尾盘开缝成交,34900,218474,2020-03-26,尾盘14:50,6.3,没涨停→尾盘兑现,1396,328.8,1067,414857,妖股期
2020-03-25,汉森制药,7.67074896,挂涨停价排队·尾盘开缝成交,19000,145744,2020-03-26,尾盘14:50,7.79,没涨停→尾盘兑现,2232,220.3,2011,562722,妖股期
2020-03-25,茂硕电源,9.35936751,挂涨停价排队·尾盘开缝成交,10300,96401,2020-03-26,尾盘14:50,9.73,没涨停→尾盘兑现,3780,147.4,3633,662829,妖股期
2020-03-26,华资实业,5.36209058,挂涨停价排队·尾盘开缝成交,41200,220918,2020-03-30,次日早盘9:30,5.6,又涨停→隔夜后早盘兑现,9837,338.8,9498,525555,平淡期
2020-03-27,*ST华铁,4.8334887,挂涨停价排队·尾盘开缝成交,30400,146938,2020-03-30,尾盘14:50,5.02,没涨停→尾盘兑现,5744,224.7,5520,678123,平淡期
2020-03-30,道道全,12.76088499,挂涨停价排队·尾盘开缝成交,17700,225868,2020-03-31,尾盘14:50,13.42,没涨停→尾盘兑现,11719,347.6,11371,439439,恐慌期
2020-03-30,宁波韵升,5.65358668,挂涨停价排队·尾盘开缝成交,26600,150385,2020-03-31,尾盘14:50,6.05,没涨停→尾盘兑现,10492,233.4,10259,600196,恐慌期
2020-03-30,鸣志电器,12.1754461,挂涨停价排队·尾盘开缝成交,8200,99839,2020-04-01,次日早盘9:30,13.48,又涨停→隔夜后早盘兑现,10680,157.8,10522,377461,恐慌期
2020-03-31,贤丰控股,3.4,挂涨停价排队·尾盘开缝成交,58800,199920,2020-04-01,尾盘14:50,3.28,没涨停→尾盘兑现,-7056,294.6,-7351,570180,妖股期
2020-03-31,国光股份,6.16902072,挂涨停价排队·尾盘开缝成交,21600,133251,2020-04-01,尾盘14:50,6.22,没涨停→尾盘兑现,1063,200.7,862,704393,妖股期
2020-04-02,杰瑞股份,23.2239567,挂涨停价排队·尾盘开缝成交,10100,234562,2020-04-03,尾盘14:50,22.63,没涨停→尾盘兑现,-6007,347.3,-6355,438315,妖股期
2020-04-02,中海油服,11.28622788,挂涨停价排队·尾盘开缝成交,13800,155750,2020-04-03,尾盘14:50,11.66,没涨停→尾盘兑现,5142,237.5,4904,599086,妖股期
2020-04-02,创力集团,6.1627212,挂涨停价排队·尾盘开缝成交,16900,104150,2020-04-03,尾盘14:50,6.47,没涨停→尾盘兑现,5132,160.1,4972,708286,妖股期
2020-04-03,特力A,19.55650392,挂涨停价排队·尾盘开缝成交,12000,234678,2020-04-07,尾盘14:50,19.93,没涨停→尾盘兑现,4463,355.4,4108,450745,妖股期
2020-04-03,华控赛格,3.51,挂涨停价排队·尾盘开缝成交,44900,157599,2020-04-07,尾盘14:50,3.5,没涨停→尾盘兑现,-449,236.1,-685,607777,妖股期
2020-04-03,力合科创,12.86738529,挂涨停价排队·尾盘开缝成交,8100,104226,2020-04-07,尾盘14:50,13.01,没涨停→尾盘兑现,1139,157.2,981,713062,妖股期
2020-04-07,神州信息,16.80189926,挂涨停价排队·尾盘开缝成交,14100,236907,2020-04-08,尾盘14:50,16.89,没涨停→尾盘兑现,1250,356.3,894,449893,妖股期
2020-04-07,甘化科工,7.43788836,挂涨停价排队·尾盘开缝成交,21300,158427,2020-04-08,尾盘14:50,7.39,没涨停→尾盘兑现,-1046,236.9,-1283,607155,妖股期
2020-04-07,华讯退,3.82,挂涨停价排队·尾盘开缝成交,27700,105814,2020-04-09,次日早盘9:30,4.56,又涨停→隔夜后早盘兑现,20498,174.1,20324,397561,妖股期
2020-04-08,奔图科技,31.30484544,挂涨停价排队·尾盘开缝成交,6400,200351,2020-04-09,次日早盘9:30,32.12,又涨停→隔夜后早盘兑现,5186,304.4,4881,602944,妖股期
2020-04-08,奥拓电子,7.0552204,挂涨停价排队·尾盘开缝成交,19200,135460,2020-04-09,尾盘14:50,6.83,没涨停→尾盘兑现,-4358,199.9,-4558,733948,妖股期
2020-04-09,金杯汽车,4.6241646,挂涨停价排队·尾盘开缝成交,52900,244618,2020-04-10,尾盘14:50,4.7,没涨停→尾盘兑现,4208,370.1,3838,737970,妖股期
2020-04-13,双象股份,15.9126609,挂涨停价排队·尾盘开缝成交,15400,245055,2020-04-14,尾盘14:50,15.5,没涨停→尾盘兑现,-6384,362.8,-6747,731406,平淡期
2020-04-14,莱宝高科,8.68618086,挂涨停价排队·尾盘开缝成交,28000,243213,2020-04-15,尾盘14:50,8.61,没涨停→尾盘兑现,-2029,363.3,-2392,566615,妖股期
2020-04-14,协鑫集成,2.94,挂涨停价排队·尾盘开缝成交,55300,162582,2020-04-15,尾盘14:50,2.89,没涨停→尾盘兑现,-2765,241.8,-3007,726312,妖股期
2020-04-15,通化金马,6.33,挂涨停价排队·尾盘开缝成交,38200,241806,2020-04-16,尾盘14:50,6.52,没涨停→尾盘兑现,7258,368.2,6890,464835,平淡期
2020-04-15,ST嘉应,5.23283596,挂涨停价排队·尾盘开缝成交,30800,161171,2020-04-16,尾盘14:50,5.03,没涨停→尾盘兑现,-6117,237.2,-6354,619774,平淡期
2020-04-15,八方股份,35.7922177,挂涨停价排队·尾盘开缝成交,3000,107377,2020-04-16,尾盘14:50,36.76,没涨停→尾盘兑现,2894,163.2,2731,729962,平淡期
2020-04-16,南极电商,11.8933079,挂涨停价排队·尾盘开缝成交,20400,242623,2020-04-17,尾盘14:50,12.62,没涨停→尾盘兑现,14851,375.1,14476,582196,妖股期
2020-04-16,精达股份,2.80039254,挂涨停价排队·尾盘开缝成交,58000,162423,2020-04-17,尾盘14:50,2.66,没涨停→尾盘兑现,-8147,237.5,-8384,736357,妖股期
2020-04-20,北化股份,8.15300624,挂涨停价排队·尾盘开缝成交,30100,245405,2020-04-21,尾盘14:50,8.41,没涨停→尾盘兑现,7851,374.0,7477,581392,妖股期
2020-04-20,奥士康,25.813557,挂涨停价排队·尾盘开缝成交,6300,162625,2020-04-21,尾盘14:50,25.75,没涨停→尾盘兑现,-422,243.6,-666,743474,妖股期
2020-04-22,康强电子,12.47250448,挂涨停价排队·尾盘开缝成交,19800,246956,2020-04-23,次日早盘9:30,12.54,又涨停→隔夜后早盘兑现,1363,371.5,992,469127,妖股期
2020-04-22,云图控股,5.2340067,挂涨停价排队·尾盘开缝成交,31600,165395,2020-04-23,尾盘14:50,5.21,没涨停→尾盘兑现,-807,247.5,-1054,633591,妖股期
2020-04-22,克明食品,16.1954964,挂涨停价排队·尾盘开缝成交,6800,110129,2020-04-23,尾盘14:50,16.94,没涨停→尾盘兑现,5043,169.0,4874,748677,妖股期
2020-04-23,陕建股份,3.7668738,挂涨停价排队·尾盘开缝成交,66200,249367,2020-04-24,尾盘14:50,3.69,没涨停→尾盘兑现,-5159,370.2,-5529,743335,妖股期
2020-04-27,广百股份,7.45955168,挂涨停价排队·尾盘开缝成交,33200,247657,2020-04-28,尾盘14:50,7.76,没涨停→尾盘兑现,10065,379.0,9686,478808,恐慌期
2020-04-27,奥赛康,18.69683855,挂涨停价排队·尾盘开缝成交,8800,164532,2020-04-28,尾盘14:50,18.81,没涨停→尾盘兑现,1001,247.5,753,644216,恐慌期
2020-04-27,大博医疗,78.4760535,挂涨停价排队·尾盘开缝成交,1400,109866,2020-04-28,尾盘14:50,81.52,没涨停→尾盘兑现,4258,168.0,4090,758256,恐慌期
2020-04-29,中信重工,3.68870484,挂涨停价排队·尾盘开缝成交,68500,252676,2020-04-30,尾盘14:50,3.63,没涨停→尾盘兑现,-3979,376.0,-4355,585850,平淡期
2020-04-29,浙江鼎力,46.73335822,挂涨停价排队·尾盘开缝成交,3600,168240,2020-05-06,次日早盘9:30,51.4,又涨停→隔夜后早盘兑现,16798,265.0,16533,445449,平淡期
2020-04-30,退市西水,7.57,挂涨停价排队·尾盘开缝成交,17200,130204,2020-05-06,尾盘14:50,7.65,没涨停→尾盘兑现,1376,196.3,1180,576931,主线期
2020-04-30,世联行,2.80713926,挂涨停价排队·尾盘开缝成交,69500,195096,2020-05-07,次日早盘9:30,3.0,又涨停→隔夜后早盘兑现,13098,302.5,12796,465435,主线期
2020-05-06,中钢天源,6.38442378,挂涨停价排队·尾盘开缝成交,20100,128327,2020-05-07,尾盘14:50,6.5,没涨停→尾盘兑现,2336,194.2,2142,596000,妖股期
2020-05-06,德赛电池,23.31797699,挂涨停价排队·尾盘开缝成交,8200,191207,2020-05-08,次日早盘9:30,26.46,又涨停→隔夜后早盘兑现,25769,306.1,25463,482914,妖股期
2020-05-07,新宏泰,23.04769809,挂涨停价排队·尾盘开缝成交,8600,198210,2020-05-08,尾盘14:50,22.93,没涨停→尾盘兑现,-991,296.6,-1288,679985,妖股期
2020-05-07,奇精机械,10.2882795,挂涨停价排队·尾盘开缝成交,12800,131690,2020-05-08,尾盘14:50,9.91,没涨停→尾盘兑现,-4810,193.9,-5003,806770,妖股期
2020-05-08,丰原药业,5.374743,挂涨停价排队·尾盘开缝成交,50000,268737,2020-05-11,尾盘14:50,5.25,没涨停→尾盘兑现,-6280,398.4,-6679,503395,妖股期
2020-05-08,*ST美吉,6.63291712,挂涨停价排队·尾盘开缝成交,27000,179089,2020-05-11,尾盘14:50,6.41,没涨停→尾盘兑现,-5982,264.1,-6247,676371,妖股期
2020-05-08,泛微网络,43.63286,挂涨停价排队·尾盘开缝成交,2700,117809,2020-05-11,尾盘14:50,44.99,没涨停→尾盘兑现,3663,179.5,3484,797752,妖股期
2020-05-13,顺利退,4.28,挂涨停价排队·尾盘开缝成交,62100,265788,2020-05-14,尾盘14:50,4.3,没涨停→尾盘兑现,1242,399.6,842,504476,妖股期
2020-05-13,南京新百,8.7993178,挂涨停价排队·尾盘开缝成交,20100,176866,2020-05-14,尾盘14:50,9.43,没涨停→尾盘兑现,12647,274.8,12373,693848,妖股期
2020-05-13,重百集团,18.0695052,挂涨停价排队·尾盘开缝成交,6500,117452,2020-05-14,尾盘14:50,18.95,没涨停→尾盘兑现,5698,180.5,5517,816905,妖股期
2020-05-14,飞亚达,7.51435737,挂涨停价排队·尾盘开缝成交,36200,272020,2020-05-15,尾盘14:50,7.66,没涨停→尾盘兑现,5155,411.9,4743,821852,平淡期
2020-05-15,粤传媒,4.60865921,挂涨停价排队·尾盘开缝成交,59400,273754,2020-05-18,尾盘14:50,4.64,没涨停→尾盘兑现,1646,411.9,1234,519764,平淡期
2020-05-15,共达电声,11.23704414,挂涨停价排队·尾盘开缝成交,16200,182040,2020-05-18,尾盘14:50,10.3,没涨停→尾盘兑现,-15250,261.6,-15512,686428,平淡期
2020-05-15,云赛智联,7.73808453,挂涨停价排队·尾盘开缝成交,15700,121488,2020-05-18,尾盘14:50,7.53,没涨停→尾盘兑现,-3337,179.7,-3516,804491,平淡期
2020-05-18,中国稀土,11.4555727,挂涨停价排队·尾盘开缝成交,23400,268060,2020-05-19,尾盘14:50,11.76,没涨停→尾盘兑现,7182,407.5,6775,514200,平淡期
2020-05-18,西部材料,6.5967174,挂涨停价排队·尾盘开缝成交,27100,178771,2020-05-19,尾盘14:50,6.74,没涨停→尾盘兑现,4006,271.2,3735,696840,平淡期
2020-05-18,恒顺醋业,16.0129464,挂涨停价排队·尾盘开缝成交,7400,118496,2020-05-19,尾盘14:50,16.06,没涨停→尾盘兑现,375,178.0,197,815622,平淡期
2020-05-19,国星光电,11.24554256,挂涨停价排队·尾盘开缝成交,24100,271018,2020-05-20,尾盘14:50,11.41,没涨停→尾盘兑现,3865,409.4,3456,638530,妖股期
2020-05-19,科沃斯,23.47410472,挂涨停价排队·尾盘开缝成交,7700,180751,2020-05-20,尾盘14:50,24.64,没涨停→尾盘兑现,8943,277.8,8665,828081,妖股期
2020-05-20,海思科,21.40545762,挂涨停价排队·尾盘开缝成交,5700,122011,2020-05-21,尾盘14:50,22.01,没涨停→尾盘兑现,3434,185.6,3248,372229,妖股期
2020-05-20,创元科技,6.625443,挂涨停价排队·尾盘开缝成交,41600,275618,2020-05-22,次日早盘9:30,8.02,又涨停→隔夜后早盘兑现,58130,457.0,57673,582147,妖股期
2020-05-20,桂林三金,10.7984505,挂涨停价排队·尾盘开缝成交,17000,183574,2020-05-22,次日早盘9:30,12.19,又涨停→隔夜后早盘兑现,23704,293.1,23410,789268,妖股期
2020-05-21,湖北广电,5.4202212,挂涨停价排队·尾盘开缝成交,22800,123581,2020-05-22,尾盘14:50,5.73,没涨停→尾盘兑现,7029,190.6,6839,919781,平淡期
2020-05-22,贵航股份,14.16881466,挂涨停价排队·尾盘开缝成交,21600,306046,2020-05-25,尾盘14:50,14.19,没涨停→尾盘兑现,402,459.4,-57,919953,平淡期
2020-05-25,三元股份,5.17817405,挂涨停价排队·尾盘开缝成交,59200,306548,2020-05-26,尾盘14:50,5.14,没涨停→尾盘兑现,-2292,458.1,-2750,576851,恐慌期
2020-05-25,德邦股份,12.612405,挂涨停价排队·尾盘开缝成交,16200,204321,2020-05-26,次日早盘9:30,12.62,又涨停→隔夜后早盘兑现,157,306.6,-149,781176,恐慌期
2020-05-25,福达股份,5.38582474,挂涨停价排队·尾盘开缝成交,25300,136261,2020-05-27,次日早盘9:30,6.4,又涨停→隔夜后早盘兑现,25734,223.7,25510,509758,恐慌期
2020-05-26,安泰科技,5.709714,挂涨停价排队·尾盘开缝成交,45600,260363,2020-05-27,尾盘14:50,6.01,没涨停→尾盘兑现,13886,401.0,13485,783801,妖股期
2020-05-26,联创电子,11.085173,挂涨停价排队·尾盘开缝成交,15600,172929,2020-05-27,尾盘14:50,11.46,没涨停→尾盘兑现,5864,263.8,5600,962459,妖股期
2020-05-27,老板电器,27.55700976,挂涨停价排队·尾盘开缝成交,11600,319661,2020-05-28,尾盘14:50,27.81,没涨停→尾盘兑现,2899,481.7,2418,752427,妖股期
2020-05-27,金牌家居,34.86717792,挂涨停价排队·尾盘开缝成交,6100,212690,2020-05-28,尾盘14:50,35.45,没涨停→尾盘兑现,3543,321.7,3221,968497,妖股期
2020-05-28,金龙汽车,6.15340089,挂涨停价排队·尾盘开缝成交,52400,322438,2020-05-29,尾盘14:50,6.26,没涨停→尾盘兑现,5568,487.8,5080,973819,平淡期
2020-05-29,海信家电,9.43193778,挂涨停价排队·尾盘开缝成交,34400,324459,2020-06-01,尾盘14:50,9.96,没涨停→尾盘兑现,18056,500.2,17556,631239,妖股期
2020-05-29,万润股份,13.84076793,挂涨停价排队·尾盘开缝成交,10400,143944,2020-06-01,尾盘14:50,14.7,没涨停→尾盘兑现,8944,222.6,8721,784012,妖股期
2020-05-29,实益达,7.43764076,挂涨停价排队·尾盘开缝成交,29100,216435,2020-06-02,次日早盘9:30,9.0,又涨停→隔夜后早盘兑现,45428,358.7,45070,610687,妖股期
2020-06-01,中期退,8.54,挂涨停价排队·尾盘开缝成交,20400,174216,2020-06-02,尾盘14:50,8.33,没涨停→尾盘兑现,-4284,258.1,-4542,780491,妖股期
2020-06-01,东海A退,8.81,挂涨停价排队·尾盘开缝成交,29600,260776,2020-06-03,次日早盘9:30,9.5,又涨停→隔夜后早盘兑现,20424,406.5,20018,628054,妖股期
2020-06-02,黑猫股份,4.30732329,挂涨停价排队·尾盘开缝成交,60400,260162,2020-06-03,尾盘14:50,4.28,没涨停→尾盘兑现,-1746,388.9,-2135,886277,妖股期
2020-06-02,勤上股份,2.38,挂涨停价排队·尾盘开缝成交,72800,173264,2020-06-03,尾盘14:50,2.34,没涨停→尾盘兑现,-2912,257.7,-3170,1056501,妖股期
2020-06-03,深物业A,9.75170304,挂涨停价排队·尾盘开缝成交,36100,352036,2020-06-04,尾盘14:50,9.95,没涨停→尾盘兑现,7334,533.6,6801,672658,妖股期
2020-06-03,*ST柏龙,8.39614512,挂涨停价排队·尾盘开缝成交,27900,234252,2020-06-04,尾盘14:50,8.0,没涨停→尾盘兑现,-11115,343.0,-11458,895628,妖股期
2020-06-03,退市济堂,3.23,挂涨停价排队·尾盘开缝成交,48500,156655,2020-06-04,尾盘14:50,3.14,没涨停→尾盘兑现,-4365,231.7,-4597,1047804,妖股期
2020-06-04,威孚高科,15.70244049,挂涨停价排队·尾盘开缝成交,22200,348594,2020-06-05,尾盘14:50,16.73,没涨停→尾盘兑现,22711,539.9,22171,682413,妖股期
2020-06-04,燕京啤酒,6.68498545,挂涨停价排队·尾盘开缝成交,34800,232637,2020-06-05,尾盘14:50,6.38,没涨停→尾盘兑现,-10737,340.9,-11078,904147,妖股期
2020-06-04,珠江啤酒,8.86774,挂涨停价排队·尾盘开缝成交,17500,155185,2020-06-05,尾盘14:50,8.76,没涨停→尾盘兑现,-1920,231.3,-2151,1057298,妖股期
2020-06-05,绿康生化,14.44380399,挂涨停价排队·尾盘开缝成交,24400,352429,2020-06-08,尾盘14:50,14.99,没涨停→尾盘兑现,13249,538.6,12711,1070273,恐慌期
2020-06-08,合肥城建,8.5735686,挂涨停价排队·尾盘开缝成交,41600,356660,2020-06-09,尾盘14:50,8.43,没涨停→尾盘兑现,-5905,530.6,-6436,1064105,恐慌期
2020-06-09,盈趣科技,27.60992862,挂涨停价排队·尾盘开缝成交,12800,353407,2020-06-10,尾盘14:50,28.02,没涨停→尾盘兑现,5195,534.0,4661,674948,平淡期
2020-06-09,太极集团,14.13657,挂涨停价排队·尾盘开缝成交,16700,236081,2020-06-10,尾盘14:50,14.14,没涨停→尾盘兑现,0,354.1,-354,910852,平淡期
2020-06-09,四川长虹,2.93139564,挂涨停价排队·尾盘开缝成交,53900,158002,2020-06-10,尾盘14:50,2.96,没涨停→尾盘兑现,1544,238.2,1306,1070278,平淡期
2020-06-10,诚意药业,7.44549247,挂涨停价排队·尾盘开缝成交,47900,356639,2020-06-11,尾盘14:50,7.49,没涨停→尾盘兑现,1992,536.5,1456,1072002,恐慌期
2020-06-12,东望时代,3.4569072,挂涨停价排队·尾盘开缝成交,103300,357099,2020-06-15,尾盘14:50,3.62,没涨停→尾盘兑现,16863,548.3,16315,1088584,平淡期
2020-06-15,四环生物,4.52,挂涨停价排队·尾盘开缝成交,80200,362504,2020-06-16,尾盘14:50,4.3,没涨停→尾盘兑现,-17644,530.5,-18175,668100,平淡期
2020-06-15,益佰制药,5.97995198,挂涨停价排队·尾盘开缝成交,40400,241590,2020-06-16,尾盘14:50,5.86,没涨停→尾盘兑现,-4810,358.8,-5168,904703,平淡期
2020-06-15,鲁抗医药,8.99392086,挂涨停价排队·尾盘开缝成交,17900,160991,2020-06-16,尾盘14:50,8.72,没涨停→尾盘兑现,-4894,237.8,-5132,1060683,平淡期
2020-06-17,国药现代,8.98346449,挂涨停价排队·尾盘开缝成交,39300,353050,2020-06-18,尾盘14:50,8.97,没涨停→尾盘兑现,-705,529.0,-1234,823976,平淡期
2020-06-17,神奇制药,6.73537095,挂涨停价排队·尾盘开缝成交,35000,235738,2020-06-18,尾盘14:50,6.64,没涨停→尾盘兑现,-3207,351.2,-3559,1056332,平淡期
2020-06-19,航天电器,31.24186043,挂涨停价排队·尾盘开缝成交,11200,349909,2020-06-22,尾盘14:50,32.81,没涨停→尾盘兑现,17588,538.1,17050,1073644,妖股期
2020-06-23,*ST富润,11.75698657,挂涨停价排队·尾盘开缝成交,30400,357412,2020-06-24,尾盘14:50,11.55,没涨停→尾盘兑现,-6313,531.4,-6844,669717,平淡期
2020-06-23,玉龙股份,10.44457084,挂涨停价排队·尾盘开缝成交,22800,238136,2020-06-24,尾盘14:50,11.03,没涨停→尾盘兑现,13330,367.2,12963,920995,平淡期
2020-06-23,康德莱,15.02026484,挂涨停价排队·尾盘开缝成交,10600,159215,2020-06-24,尾盘14:50,15.37,没涨停→尾盘兑现,3759,241.6,3517,1083846,平淡期
2020-06-24,工业富联,13.0244616,挂涨停价排队·尾盘开缝成交,18400,239650,2020-06-29,尾盘14:50,12.77,没涨停→尾盘兑现,-4632,356.0,-4988,558220,平淡期
2020-06-24,金晶科技,2.86009489,挂涨停价排队·尾盘开缝成交,126300,361230,2020-06-30,次日早盘9:30,3.35,又涨停→隔夜后早盘兑现,62362,588.6,61774,795841,平淡期
2020-06-24,福莱特,16.4522925,挂涨停价排队·尾盘开缝成交,9700,159587,2020-06-30,次日早盘9:30,17.28,又涨停→隔夜后早盘兑现,8025,245.4,7780,963327,平淡期
2020-06-29,深华发A,10.43,挂涨停价排队·尾盘开缝成交,17800,185654,2020-07-01,次日早盘9:30,11.06,又涨停→隔夜后早盘兑现,11214,286.9,10927,625624,平淡期
2020-06-30,中科金财,15.53,挂涨停价排队·尾盘开缝成交,13800,214314,2020-07-01,尾盘14:50,15.24,没涨停→尾盘兑现,-4002,318.5,-4320,835778,平淡期
2020-06-30,雷柏科技,13.45,挂涨停价排队·尾盘开缝成交,23800,320110,2020-07-02,次日早盘9:30,15.41,又涨停→隔夜后早盘兑现,46648,515.2,46133,739263,平淡期
2020-07-01,中交发展,7.28936483,挂涨停价排队·尾盘开缝成交,38200,278454,2020-07-02,尾盘14:50,7.81,没涨停→尾盘兑现,20024,432.7,19592,1037517,平淡期
2020-07-01,天士力,15.25161224,挂涨停价排队·尾盘开缝成交,12100,184545,2020-07-02,尾盘14:50,15.28,没涨停→尾盘兑现,310,277.0,33,1222233,平淡期
2020-07-02,山西证券,6.50509794,挂涨停价排队·尾盘开缝成交,62600,407219,2020-07-06,次日早盘9:30,7.56,又涨停→隔夜后早盘兑现,66187,660.5,65527,836350,平淡期
2020-07-02,普路通,7.89796319,挂涨停价排队·尾盘开缝成交,34300,270900,2020-07-06,次日早盘9:30,8.5,又涨停→隔夜后早盘兑现,20682,421.9,20260,1127713,平淡期
2020-07-02,青鸟智控,6.62326491,挂涨停价排队·尾盘开缝成交,27300,180815,2020-07-06,次日早盘9:30,7.29,又涨停→隔夜后早盘兑现,18081,284.8,17796,1326461,平淡期
2020-07-06,金融街,7.13001454,挂涨停价排队·尾盘开缝成交,62000,442061,2020-07-07,尾盘14:50,7.03,没涨停→尾盘兑现,-6226,658.4,-6885,829477,平淡期
2020-07-06,*ST天茂,6.13211484,挂涨停价排队·尾盘开缝成交,32000,196228,2020-07-07,尾盘14:50,5.87,没涨停→尾盘兑现,-8330,288.1,-8619,1017233,平淡期
2020-07-06,远大控股,6.89,挂涨停价排队·尾盘开缝成交,42700,294203,2020-07-08,次日早盘9:30,7.42,又涨停→隔夜后早盘兑现,22631,458.3,22173,769655,平淡期
2020-07-07,英力特,8.04493835,挂涨停价排队·尾盘开缝成交,42100,338692,2020-07-08,尾盘14:50,7.83,没涨停→尾盘兑现,-9143,501.2,-9644,1098957,平淡期
2020-07-07,新洋丰,8.9833809,挂涨停价排队·尾盘开缝成交,25100,225483,2020-07-08,尾盘14:50,9.32,没涨停→尾盘兑现,8326,344.5,7982,1332591,平淡期
2020-07-08,北斗星通,38.14027623,挂涨停价排队·尾盘开缝成交,7700,293680,2020-07-09,尾盘14:50,38.96,没涨停→尾盘兑现,6343,445.3,5898,697478,平淡期
2020-07-08,捷顺科技,14.63672832,挂涨停价排队·尾盘开缝成交,13500,197596,2020-07-09,尾盘14:50,15.49,没涨停→尾盘兑现,11578,305.1,11273,906495,平淡期
2020-07-08,航天发展,16.80432861,挂涨停价排队·尾盘开缝成交,26400,443634,2020-07-10,次日早盘9:30,18.86,又涨停→隔夜后早盘兑现,54242,706.1,53536,900987,平淡期
2020-07-09,招金黄金,2.92,挂涨停价排队·尾盘开缝成交,103400,301928,2020-07-10,尾盘14:50,2.95,没涨停→尾盘兑现,3102,455.2,2647,1205788,平淡期
2020-07-09,仁和药业,6.3233863,挂涨停价排队·尾盘开缝成交,31800,201084,2020-07-10,尾盘14:50,6.57,没涨停→尾盘兑现,7912,307.6,7605,1414627,平淡期
2020-07-10,ST星源,3.18,挂涨停价排队·尾盘开缝成交,148200,471276,2020-07-13,尾盘14:50,3.31,没涨停→尾盘兑现,19266,721.4,18545,911196,平淡期
2020-07-10,特力A,22.20990792,挂涨停价排队·尾盘开缝成交,9400,208773,2020-07-13,尾盘14:50,23.52,没涨停→尾盘兑现,12357,322.4,12034,1132160,平淡期
2020-07-10,沙河股份,9.92266779,挂涨停价排队·尾盘开缝成交,31600,313556,2020-07-14,次日早盘9:30,11.2,又涨停→隔夜后早盘兑现,40238,500.5,39738,856995,平淡期
2020-07-13,广弘控股,7.8759616,挂涨停价排队·尾盘开缝成交,47900,377259,2020-07-14,尾盘14:50,7.63,没涨停→尾盘兑现,-11672,557.1,-12229,1222307,平淡期
2020-07-13,海南海药,9.11,挂涨停价排队·尾盘开缝成交,27600,251436,2020-07-15,次日早盘9:30,11.02,又涨停→隔夜后早盘兑现,52716,416.7,52299,847677,平淡期
2020-07-14,渝开发,4.52718068,挂涨停价排队·尾盘开缝成交,89900,406994,2020-07-15,尾盘14:50,4.25,没涨停→尾盘兑现,-25328,591.5,-25919,1229057,妖股期
2020-07-14,*ST中天,4.38,挂涨停价排队·尾盘开缝成交,62000,271560,2020-07-16,次日早盘9:30,5.0,又涨停→隔夜后早盘兑现,38440,436.2,38004,856322,妖股期
2020-07-15,新金路,5.39,挂涨停价排队·尾盘开缝成交,76000,409640,2020-07-16,尾盘14:50,4.85,没涨停→尾盘兑现,-41040,583.7,-41624,1224646,妖股期
2020-07-15,中泰化学,6.0770997,挂涨停价排队·尾盘开缝成交,44900,272862,2020-07-16,尾盘14:50,5.56,没涨停→尾盘兑现,-23028,392.0,-23420,1474292,妖股期
2020-07-17,雪峰科技,4.08590904,挂涨停价排队·尾盘开缝成交,120200,491126,2020-07-20,尾盘14:50,4.13,没涨停→尾盘兑现,5373,740.7,4633,1479293,恐慌期
2020-07-20,南玻A,5.23144364,挂涨停价排队·尾盘开缝成交,94200,492802,2020-07-21,尾盘14:50,5.36,没涨停→尾盘兑现,12403,748.5,11654,943781,平淡期
2020-07-20,金隅冀东,16.3379592,挂涨停价排队·尾盘开缝成交,20100,328393,2020-07-21,尾盘14:50,16.26,没涨停→尾盘兑现,-1520,491.4,-2012,1270409,平淡期
2020-07-20,ST晨鸣,5.49230628,挂涨停价排队·尾盘开缝成交,39900,219143,2020-07-21,尾盘14:50,5.59,没涨停→尾盘兑现,3791,331.6,3460,1493176,平淡期
2020-07-21,苏宁环球,3.34866548,挂涨停价排队·尾盘开缝成交,148600,497612,2020-07-22,尾盘14:50,3.27,没涨停→尾盘兑现,-11724,737.6,-12461,928146,平淡期
2020-07-21,ST新纶,5.5,挂涨停价排队·尾盘开缝成交,60300,331650,2020-07-22,尾盘14:50,5.41,没涨停→尾盘兑现,-5427,493.4,-5920,1254124,平淡期
2020-07-21,羚锐制药,8.28807876,挂涨停价排队·尾盘开缝成交,26700,221292,2020-07-22,尾盘14:50,8.78,没涨停→尾盘兑现,13030,341.7,12688,1488270,平淡期
2020-07-23,新华制药,11.25110448,挂涨停价排队·尾盘开缝成交,44000,495049,2020-07-24,尾盘14:50,10.95,没涨停→尾盘兑现,-13260,732.6,-13993,1143604,平淡期
2020-07-23,新华医疗,13.08476022,挂涨停价排队·尾盘开缝成交,25300,331044,2020-07-24,尾盘14:50,13.9,没涨停→尾盘兑现,20499,511.9,19987,1494884,平淡期
2020-07-24,山东海化,3.93931581,挂涨停价排队·尾盘开缝成交,126400,497930,2020-07-27,尾盘14:50,4.14,没涨停→尾盘兑现,25442,766.0,24676,1188002,恐慌期
2020-07-24,德新科技,13.60373586,挂涨停价排队·尾盘开缝成交,24400,331931,2020-07-27,尾盘14:50,14.2,没涨停→尾盘兑现,14568,508.8,14059,1534240,恐慌期
2020-07-27,澳柯玛,6.94775774,挂涨停价排队·尾盘开缝成交,73600,511355,2020-07-28,尾盘14:50,6.57,没涨停→尾盘兑现,-27867,746.1,-28613,938695,妖股期
2020-07-27,*ST亿晶,3.45,挂涨停价排队·尾盘开缝成交,98800,340860,2020-07-28,尾盘14:50,3.36,没涨停→尾盘兑现,-8892,504.6,-9397,1270414,妖股期
2020-07-27,中国海防,35.3838034,挂涨停价排队·尾盘开缝成交,6400,226456,2020-07-28,尾盘14:50,32.73,没涨停→尾盘兑现,-17015,326.9,-17341,1479698,妖股期
2020-07-28,千禾味业,16.61834328,挂涨停价排队·尾盘开缝成交,29600,491903,2020-07-29,尾盘14:50,16.57,没涨停→尾盘兑现,-1402,736.8,-2139,1149067,妖股期
2020-07-28,广州酒家,23.3235072,挂涨停价排队·尾盘开缝成交,14100,328861,2020-07-29,次日早盘9:30,23.56,又涨停→隔夜后早盘兑现,3349,495.8,2853,1481028,妖股期
2020-07-29,思源电气,25.67749228,挂涨停价排队·尾盘开缝成交,19200,493008,2020-07-30,尾盘14:50,26.84,没涨停→尾盘兑现,22409,756.3,21653,954709,平淡期
2020-07-29,龙星科技,4.5748536,挂涨停价排队·尾盘开缝成交,71900,328932,2020-07-30,尾盘14:50,4.42,没涨停→尾盘兑现,-11459,484.8,-11943,1271945,平淡期
2020-07-29,东诚药业,23.59243007,挂涨停价排队·尾盘开缝成交,9300,219410,2020-07-30,尾盘14:50,23.53,没涨停→尾盘兑现,-615,328.7,-944,1490575,平淡期
2020-07-30,甘肃能源,3.24739356,挂涨停价排队·尾盘开缝成交,153000,496851,2020-07-31,尾盘14:50,3.48,没涨停→尾盘兑现,35295,771.7,34524,973935,妖股期
2020-07-30,亚太药业,5.45,挂涨停价排队·尾盘开缝成交,60700,330815,2020-07-31,尾盘14:50,5.79,没涨停→尾盘兑现,20638,511.7,20126,1325124,妖股期
2020-07-30,天原股份,4.46805344,挂涨停价排队·尾盘开缝成交,49400,220722,2020-08-03,次日早盘9:30,4.91,又涨停→隔夜后早盘兑现,21928,347.5,21581,832253,妖股期
2020-07-31,锦龙股份,18.60737564,挂涨停价排队·尾盘开缝成交,23700,440995,2020-08-03,尾盘14:50,19.16,没涨停→尾盘兑现,13026,671.3,12355,1285933,妖股期
2020-07-31,华神科技,5.94636,挂涨停价排队·尾盘开缝成交,49500,294345,2020-08-04,次日早盘9:30,7.13,又涨停→隔夜后早盘兑现,58378,485.3,57893,924473,妖股期
2020-08-03,烽火电子,9.3384247,挂涨停价排队·尾盘开缝成交,45900,428634,2020-08-04,尾盘14:50,9.27,没涨停→尾盘兑现,-3209,640.5,-3850,1349579,平淡期
2020-08-03,中鼎股份,9.54129408,挂涨停价排队·尾盘开缝成交,29900,285285,2020-08-05,次日早盘9:30,10.59,又涨停→隔夜后早盘兑现,31238,451.4,30786,916329,平淡期
2020-08-04,中利集团,6.49,挂涨停价排队·尾盘开缝成交,69300,449757,2020-08-05,尾盘14:50,6.28,没涨停→尾盘兑现,-14553,663.7,-15217,1351207,妖股期
2020-08-04,华宏科技,8.76541912,挂涨停价排队·尾盘开缝成交,34200,299777,2020-08-05,尾盘14:50,8.94,没涨停→尾盘兑现,5807,454.0,5353,1656563,妖股期
2020-08-05,浙江美大,12.14980935,挂涨停价排队·尾盘开缝成交,30200,366924,2020-08-06,尾盘14:50,12.53,没涨停→尾盘兑现,11518,559.0,10959,870017,平淡期
2020-08-05,国睿科技,19.65030681,挂涨停价排队·尾盘开缝成交,12500,245629,2020-08-06,尾盘14:50,20.45,没涨停→尾盘兑现,9972,375.9,9596,1125426,平淡期
2020-08-05,西藏矿业,9.65299328,挂涨停价排队·尾盘开缝成交,57200,552151,2020-08-07,次日早盘9:30,10.93,又涨停→隔夜后早盘兑现,72915,882.9,72032,1125326,平淡期
2020-08-06,金螳螂,9.2235462,挂涨停价排队·尾盘开缝成交,40600,374476,2020-08-10,次日早盘9:30,10.12,又涨停→隔夜后早盘兑现,36193,588.9,35605,1160594,妖股期
2020-08-06,深南退,8.54,挂涨停价排队·尾盘开缝成交,29300,250222,2020-08-10,次日早盘9:30,9.29,又涨停→隔夜后早盘兑现,21975,391.8,21583,1432587,妖股期
2020-08-07,冀东装备,10.22050887,挂涨停价排队·尾盘开缝成交,36700,375093,2020-08-11,次日早盘9:30,10.95,又涨停→隔夜后早盘兑现,26662,582.6,26079,1038347,妖股期
2020-08-10,广田集团,4.22,挂涨停价排队·尾盘开缝成交,75400,318188,2020-08-11,尾盘14:50,4.08,没涨停→尾盘兑现,-10556,469.4,-11025,1345748,妖股期
2020-08-10,ST兴化,3.33920168,挂涨停价排队·尾盘开缝成交,143000,477506,2020-08-12,次日早盘9:30,3.49,又涨停→隔夜后早盘兑现,21461,732.4,20729,1844340,妖股期
2020-08-13,特发信息,13.26,挂涨停价排队·尾盘开缝成交,46300,613938,2020-08-14,次日早盘9:30,13.46,又涨停→隔夜后早盘兑现,9260,927.9,8332,1169907,妖股期
2020-08-13,红棉股份,6.7184994,挂涨停价排队·尾盘开缝成交,61000,409828,2020-08-14,尾盘14:50,6.26,没涨停→尾盘兑现,-27970,593.8,-28564,1551478,妖股期
2020-08-13,巨轮智能,2.23,挂涨停价排队·尾盘开缝成交,122600,273398,2020-08-14,尾盘14:50,2.12,没涨停→尾盘兑现,-13486,400.0,-13886,1811195,妖股期
2020-08-14,美湖股份,10.17854052,挂涨停价排队·尾盘开缝成交,59300,603587,2020-08-18,次日早盘9:30,11.17,又涨停→隔夜后早盘兑现,58939,949.6,57989,1198992,平淡期
2020-08-17,光洋股份,7.34,挂涨停价排队·尾盘开缝成交,54800,402232,2020-08-18,尾盘14:50,7.65,没涨停→尾盘兑现,16988,616.1,16372,1617897,妖股期
2020-08-17,天通股份,11.23068682,挂涨停价排队·尾盘开缝成交,23900,268413,2020-08-18,次日早盘9:30,11.14,又涨停→隔夜后早盘兑现,-2084,401.1,-2485,1884027,妖股期
2020-08-18,*ST康佳A,7.7635472,挂涨停价排队·尾盘开缝成交,80800,627295,2020-08-19,尾盘14:50,7.35,没涨停→尾盘兑现,-33098,916.1,-34015,1153799,妖股期
2020-08-18,ST百灵,10.1,挂涨停价排队·尾盘开缝成交,41400,418140,2020-08-19,尾盘14:50,10.14,没涨停→尾盘兑现,1656,628.5,1028,1573280,妖股期
2020-08-18,晶澳科技,11.0533214,挂涨停价排队·尾盘开缝成交,25200,278544,2020-08-19,尾盘14:50,10.59,没涨停→尾盘兑现,-11555,409.1,-11964,1840069,妖股期
2020-08-19,晋控电力,2.84,挂涨停价排队·尾盘开缝成交,215900,613156,2020-08-20,尾盘14:50,2.74,没涨停→尾盘兑现,-21590,903.5,-22494,1136897,妖股期
2020-08-19,张裕A,32.93175969,挂涨停价排队·尾盘开缝成交,12400,408354,2020-08-20,尾盘14:50,30.85,没涨停→尾盘兑现,-25768,593.2,-26361,1519196,妖股期
2020-08-19,闽东电力,7.19746452,挂涨停价排队·尾盘开缝成交,37900,272784,2020-08-21,次日早盘9:30,8.19,又涨停→隔夜后早盘兑现,37613,437.4,37175,1323098,妖股期
2020-08-20,广安爱众,3.8064812,挂涨停价排队·尾盘开缝成交,133000,506262,2020-08-21,尾盘14:50,3.76,没涨停→尾盘兑现,-6189,754.8,-6944,1822796,恐慌期
2020-08-21,涪陵榨菜,30.95633428,挂涨停价排队·尾盘开缝成交,19600,606744,2020-08-24,尾盘14:50,31.3,没涨停→尾盘兑现,6792,915.2,5877,1424020,平淡期
2020-08-21,国投中鲁,10.89,挂涨停价排队·尾盘开缝成交,37200,405108,2020-08-24,尾盘14:50,10.83,没涨停→尾盘兑现,-2232,606.0,-2838,1826594,平淡期
2020-08-24,超声电子,12.80161248,挂涨停价排队·尾盘开缝成交,47500,608077,2020-08-25,尾盘14:50,12.88,没涨停→尾盘兑现,3515,914.8,2600,1153253,妖股期
2020-08-24,华电辽能,3.14,挂涨停价排队·尾盘开缝成交,129300,406002,2020-08-25,尾盘14:50,3.26,没涨停→尾盘兑现,15516,620.6,14895,1574455,妖股期
2020-08-24,大豪科技,6.70955406,挂涨停价排队·尾盘开缝成交,40300,270395,2020-08-25,尾盘14:50,6.55,没涨停→尾盘兑现,-6595,400.6,-6996,1838057,妖股期
2020-08-25,捷荣技术,12.75759342,挂涨停价排队·尾盘开缝成交,48000,612364,2020-08-26,尾盘14:50,12.09,没涨停→尾盘兑现,-31879,894.6,-32774,1397949,平淡期
2020-08-25,坤彩科技,15.68436567,挂涨停价排队·尾盘开缝成交,26000,407794,2020-08-26,尾盘14:50,15.24,没涨停→尾盘兑现,-11465,603.1,-12068,1793980,平淡期
2020-08-26,吉华集团,7.05107196,挂涨停价排队·尾盘开缝成交,84800,597931,2020-08-27,尾盘14:50,6.71,没涨停→尾盘兑现,-29004,875.1,-29879,1764549,恐慌期
2020-08-28,仙琚制药,13.80894723,挂涨停价排队·尾盘开缝成交,28400,392174,2020-08-31,尾盘14:50,14.1,没涨停→尾盘兑现,8402,594.6,7807,924315,平淡期
2020-08-28,奥佳华,14.79560915,挂涨停价排队·尾盘开缝成交,17600,260403,2020-08-31,尾盘14:50,14.23,没涨停→尾盘兑现,-9930,383.2,-10313,1174600,平淡期
2020-08-28,*ST发展,3.20749013,挂涨停价排队·尾盘开缝成交,183300,587933,2020-09-01,次日早盘9:30,3.69,又涨停→隔夜后早盘兑现,89191,948.8,88242,1200014,平淡期
2020-08-31,齐翔腾达,5.82616566,挂涨停价排队·尾盘开缝成交,44900,261595,2020-09-01,尾盘14:50,5.89,没涨停→尾盘兑现,2966,394.6,2571,1464376,妖股期
2020-08-31,汉王科技,21.29,挂涨停价排队·尾盘开缝成交,18300,389607,2020-09-02,次日早盘9:30,24.0,又涨停→隔夜后早盘兑现,49593,621.6,48971,1415701,妖股期
2020-09-01,今飞凯达,7.35363532,挂涨停价排队·尾盘开缝成交,66300,487546,2020-09-02,尾盘14:50,7.34,没涨停→尾盘兑现,-654,730.8,-1384,1902228,平淡期
2020-09-14,中科三环,9.13836924,挂涨停价排队·尾盘开缝成交,69300,633289,2020-09-15,尾盘14:50,9.04,没涨停→尾盘兑现,-6783,944.8,-7728,1190341,平淡期
2020-09-14,精工科技,5.5926468,挂涨停价排队·尾盘开缝成交,75600,422804,2020-09-15,尾盘14:50,5.72,没涨停→尾盘兑现,9412,641.3,8770,1622233,平淡期
2020-09-14,森源电气,5.75163314,挂涨停价排队·尾盘开缝成交,49000,281830,2020-09-15,尾盘14:50,5.86,没涨停→尾盘兑现,5318,426.7,4891,1909165,平淡期
2020-09-17,沪电股份,16.984485,挂涨停价排队·尾盘开缝成交,37400,635220,2020-09-18,尾盘14:50,17.31,没涨停→尾盘兑现,12087,961.9,11125,1496309,平淡期
2020-09-17,火炬电子,40.42452576,挂涨停价排队·尾盘开缝成交,10500,424458,2020-09-18,尾盘14:50,41.66,没涨停→尾盘兑现,12987,646.4,12341,1933426,平淡期
2020-09-18,通宇通讯,17.3211052,挂涨停价排队·尾盘开缝成交,37200,644345,2020-09-21,尾盘14:50,16.84,没涨停→尾盘兑现,-17868,953.1,-18821,1200342,平淡期
2020-09-18,均胜电子,23.3960412,挂涨停价排队·尾盘开缝成交,18300,428148,2020-09-21,尾盘14:50,23.68,没涨停→尾盘兑现,5206,646.1,4560,1633371,平淡期
2020-09-18,新疆众和,4.520489,挂涨停价排队·尾盘开缝成交,63400,286599,2020-09-21,尾盘14:50,4.63,没涨停→尾盘兑现,6978,435.1,6543,1926728,平淡期
2020-09-23,福日电子,7.4859675,挂涨停价排队·尾盘开缝成交,85700,641547,2020-09-24,尾盘14:50,7.32,没涨停→尾盘兑现,-14542,951.4,-15493,1911716,平淡期
2020-09-29,武汉凡谷,14.27786316,挂涨停价排队·尾盘开缝成交,44600,636793,2020-09-30,尾盘14:50,13.95,没涨停→尾盘兑现,-14577,944.3,-15521,1896673,恐慌期
2020-10-09,新能泰山,4.06,挂涨停价排队·尾盘开缝成交,155700,632142,2020-10-12,尾盘14:50,4.07,没涨停→尾盘兑现,1557,949.4,608,1195470,妖股期
2020-10-09,科士达,14.63078024,挂涨停价排队·尾盘开缝成交,28800,421366,2020-10-12,尾盘14:50,15.25,没涨停→尾盘兑现,17913,645.5,17268,1634420,妖股期
2020-10-09,浙江世宝,4.98966552,挂涨停价排队·尾盘开缝成交,56300,280918,2020-10-12,尾盘14:50,5.15,没涨停→尾盘兑现,8918,428.1,8490,1924039,妖股期
2020-10-12,海螺新材,6.12136416,挂涨停价排队·尾盘开缝成交,104700,640907,2020-10-13,尾盘14:50,6.16,没涨停→尾盘兑现,4148,964.5,3184,1215670,妖股期
2020-10-12,佳电股份,5.75065647,挂涨停价排队·尾盘开缝成交,74300,427274,2020-10-13,尾盘14:50,5.85,没涨停→尾盘兑现,7496,646.5,6849,1650113,妖股期
2020-10-12,兴民智通,6.3,挂涨停价排队·尾盘开缝成交,45200,284760,2020-10-13,尾盘14:50,6.27,没涨停→尾盘兑现,-1356,426.1,-1782,1933305,妖股期
2020-10-14,滨化股份,5.08985184,挂涨停价排队·尾盘开缝成交,126600,644375,2020-10-15,尾盘14:50,4.98,没涨停→尾盘兑现,-13710,956.3,-14666,1919122,平淡期
2020-10-20,万里扬,9.50034972,挂涨停价排队·尾盘开缝成交,67300,639374,2020-10-21,尾盘14:50,9.92,没涨停→尾盘兑现,28260,980.3,27279,1237260,平淡期
2020-10-20,万安科技,8.746524,挂涨停价排队·尾盘开缝成交,48700,425956,2020-10-21,尾盘14:50,8.5,没涨停→尾盘兑现,-12224,629.8,-12854,1650682,平淡期
2020-10-20,美格智能,17.61891796,挂涨停价排队·尾盘开缝成交,16100,283665,2020-10-21,尾盘14:50,17.66,没涨停→尾盘兑现,610,426.0,184,1934743,平淡期
2020-10-28,珀莱雅,81.8421758,挂涨停价排队·尾盘开缝成交,7800,638369,2020-10-29,尾盘14:50,83.33,没涨停→尾盘兑现,11607,966.3,10640,1945863,平淡期
2020-10-29,旗滨集团,7.48836816,挂涨停价排队·尾盘开缝成交,86600,648493,2020-10-30,尾盘14:50,7.54,没涨停→尾盘兑现,4266,975.9,3290,1949639,平淡期
2020-11-02,*ST特迅,15.99,挂涨停价排队·尾盘开缝成交,40600,649194,2020-11-03,尾盘14:50,15.4,没涨停→尾盘兑现,-23954,955.8,-24910,1493847,平淡期
2020-11-02,迎驾贡酒,21.78633528,挂涨停价排队·尾盘开缝成交,19800,431369,2020-11-04,次日早盘9:30,25.2,又涨停→隔夜后早盘兑现,67502,697.7,66805,1162843,平淡期
2020-11-03,古越龙山,9.2333016,挂涨停价排队·尾盘开缝成交,53900,497675,2020-11-04,尾盘14:50,9.15,没涨停→尾盘兑现,-4589,743.1,-5332,1655559,平淡期
2020-11-03,盛屯矿业,5.7211511,挂涨停价排队·尾盘开缝成交,58000,331827,2020-11-04,尾盘14:50,6.01,没涨停→尾盘兑现,16731,510.3,16220,2003855,平淡期
2020-11-04,宇通客车,12.15220088,挂涨停价排队·尾盘开缝成交,54900,667156,2020-11-05,尾盘14:50,12.92,没涨停→尾盘兑现,41983,1032.2,40951,1303441,平淡期
2020-11-04,江淮汽车,9.4459735,挂涨停价排队·尾盘开缝成交,47100,444905,2020-11-05,尾盘14:50,9.71,没涨停→尾盘兑现,12645,676.8,11968,1760648,平淡期
2020-11-04,金龙汽车,7.10431663,挂涨停价排队·尾盘开缝成交,41800,296960,2020-11-06,次日早盘9:30,8.6,又涨停→隔夜后早盘兑现,62390,492.2,61898,1142893,平淡期
2020-11-05,步步高,12.06093152,挂涨停价排队·尾盘开缝成交,48600,586161,2020-11-06,尾盘14:50,12.68,没涨停→尾盘兑现,30229,901.9,29327,1758821,平淡期
2020-11-05,钧达股份,12.28536855,挂涨停价排队·尾盘开缝成交,31800,390675,2020-11-06,尾盘14:50,13.43,没涨停→尾盘兑现,36285,613.2,35672,2185460,平淡期
2020-11-09,*ST嘉凯,4.9,挂涨停价排队·尾盘开缝成交,148600,728140,2020-11-10,尾盘14:50,4.68,没涨停→尾盘兑现,-32692,1067.7,-33760,1344148,妖股期
2020-11-09,常铝股份,4.14,挂涨停价排队·尾盘开缝成交,117300,485622,2020-11-10,尾盘14:50,4.19,没涨停→尾盘兑现,5865,732.8,5132,1835266,妖股期
2020-11-09,东山精密,28.2874275,挂涨停价排队·尾盘开缝成交,11400,322477,2020-11-10,尾盘14:50,27.78,没涨停→尾盘兑现,-5825,479.3,-6305,2151680,妖股期
2020-11-11,鲁阳节能,7.17155333,挂涨停价排队·尾盘开缝成交,100000,717155,2020-11-12,尾盘14:50,7.49,没涨停→尾盘兑现,31742,1099.5,30643,1386090,恐慌期
2020-11-11,三峡新材,2.85,挂涨停价排队·尾盘开缝成交,111800,318630,2020-11-12,尾盘14:50,2.68,没涨停→尾盘兑现,-19006,463.7,-19470,1685490,恐慌期
2020-11-11,天佑德酒,12.1974625,挂涨停价排队·尾盘开缝成交,39200,478141,2020-11-13,次日早盘9:30,14.06,又涨停→隔夜后早盘兑现,73060,772.0,72288,1300930,恐慌期
2020-11-12,丹邦退,6.93,挂涨停价排队·尾盘开缝成交,81000,561330,2020-11-13,尾盘14:50,7.06,没涨停→尾盘兑现,10530,849.9,9680,1872361,平淡期
2020-11-12,伊力特,22.66765644,挂涨停价排队·尾盘开缝成交,16500,374016,2020-11-13,尾盘14:50,20.4,没涨停→尾盘兑现,-37445,532.9,-37978,2208681,平淡期
2020-11-16,铜陵有色,2.33126656,挂涨停价排队·尾盘开缝成交,315800,736214,2020-11-17,尾盘14:50,2.25,没涨停→尾盘兑现,-24909,1085.6,-25995,1366212,妖股期
2020-11-16,鲁西化工,9.6258024,挂涨停价排队·尾盘开缝成交,50900,489953,2020-11-17,尾盘14:50,9.37,没涨停→尾盘兑现,-13179,725.0,-13904,1842629,妖股期
2020-11-16,亚太股份,5.52486528,挂涨停价排队·尾盘开缝成交,59200,327072,2020-11-17,尾盘14:50,5.71,没涨停→尾盘兑现,10789,498.7,10290,2180236,妖股期
2020-11-17,北汽蓝谷,7.58,挂涨停价排队·尾盘开缝成交,63900,484362,2020-11-18,尾盘14:50,7.66,没涨停→尾盘兑现,5112,730.4,4382,1135508,平淡期
2020-11-17,广州港,3.49029239,挂涨停价排队·尾盘开缝成交,92500,322852,2020-11-18,尾盘14:50,3.37,没涨停→尾盘兑现,-11133,475.9,-11609,1446993,平淡期
2020-11-17,南方精工,7.19427039,挂涨停价排队·尾盘开缝成交,101000,726621,2020-11-19,次日早盘9:30,8.21,又涨停→隔夜后早盘兑现,102726,1167.0,101559,1472458,平淡期
2020-11-18,锌业股份,3.4473522,挂涨停价排队·尾盘开缝成交,139900,482285,2020-11-19,尾盘14:50,3.52,没涨停→尾盘兑现,9673,730.7,8943,1964047,平淡期
2020-11-18,ST宏达,7.43,挂涨停价排队·尾盘开缝成交,43200,320976,2020-11-19,尾盘14:50,7.19,没涨停→尾盘兑现,-10368,473.7,-10842,2274422,平淡期
2020-11-19,合众思壮,8.62,挂涨停价排队·尾盘开缝成交,87900,757698,2020-11-20,尾盘14:50,8.53,没涨停→尾盘兑现,-7911,1130.6,-9042,1424885,平淡期
2020-11-19,爱柯迪,14.883975,挂涨停价排队·尾盘开缝成交,33900,504567,2020-11-20,尾盘14:50,15.19,没涨停→尾盘兑现,10334,764.6,9570,1939400,平淡期
2020-11-19,泰晶科技,11.10550705,挂涨停价排队·尾盘开缝成交,30300,336497,2020-11-20,尾盘14:50,11.0,没涨停→尾盘兑现,-3114,502.4,-3617,2272533,平淡期
2020-11-20,万向钱潮,5.569075,挂涨停价排队·尾盘开缝成交,136000,757394,2020-11-23,尾盘14:50,5.77,没涨停→尾盘兑现,27010,1156.3,25853,1458392,平淡期
2020-11-20,航发科技,25.18,挂涨停价排队·尾盘开缝成交,20000,503600,2020-11-23,次日早盘9:30,25.58,又涨停→隔夜后早盘兑现,8000,761.4,7239,1969609,平淡期
2020-11-20,金杯汽车,5.57883084,挂涨停价排队·尾盘开缝成交,60400,336961,2020-11-23,尾盘14:50,5.93,没涨停→尾盘兑现,21023,521.2,20501,2327324,平淡期
2020-11-23,永太科技,9.40127799,挂涨停价排队·尾盘开缝成交,82500,775605,2020-11-24,尾盘14:50,9.64,没涨停→尾盘兑现,19615,1178.1,18437,1484989,平淡期
2020-11-23,永兴材料,16.93554912,挂涨停价排队·尾盘开缝成交,30500,516534,2020-11-24,尾盘14:50,18.19,没涨停→尾盘兑现,38291,803.5,37488,2039398,平淡期
2020-11-23,兖矿能源,3.78922608,挂涨停价排队·尾盘开缝成交,91000,344820,2020-11-24,尾盘14:50,3.9,没涨停→尾盘兑现,9682,524.5,9158,2393634,平淡期
2020-11-24,隆基机械,6.2276214,挂涨停价排队·尾盘开缝成交,128100,797758,2020-11-25,次日早盘9:30,6.1,又涨停→隔夜后早盘兑现,-16736,1184.1,-17920,1490861,平淡期
2020-11-24,海洋王,8.11350486,挂涨停价排队·尾盘开缝成交,65500,531435,2020-11-25,尾盘14:50,8.4,没涨停→尾盘兑现,18871,811.3,18060,2040754,平淡期
2020-11-24,新泉股份,16.01883285,挂涨停价排队·尾盘开缝成交,22100,354016,2020-11-25,尾盘14:50,16.21,没涨停→尾盘兑现,4169,534.2,3635,2398671,平淡期
2020-11-25,湖南海利,8.43533418,挂涨停价排队·尾盘开缝成交,63100,532270,2020-11-26,尾盘14:50,8.97,没涨停→尾盘兑现,33745,823.7,32921,1277253,恐慌期
2020-11-25,剑桥科技,16.00230933,挂涨停价排队·尾盘开缝成交,22200,355251,2020-11-26,尾盘14:50,16.02,没涨停→尾盘兑现,439,533.2,-94,1632676,恐慌期
2020-11-25,彩虹股份,4.8249061,挂涨停价排队·尾盘开缝成交,165700,799487,2020-11-27,次日早盘9:30,5.57,又涨停→隔夜后早盘兑现,123632,1292.0,122340,2555103,恐慌期
2020-11-27,中水渔业,6.7,挂涨停价排队·尾盘开缝成交,127100,851570,2020-12-01,次日早盘9:30,7.75,又涨停→隔夜后早盘兑现,133455,1377.4,132078,2687819,平淡期
2020-12-01,*ST中天,3.52,挂涨停价排队·尾盘开缝成交,254500,895840,2020-12-02,次日早盘9:30,3.47,又涨停→隔夜后早盘兑现,-12725,1334.2,-14059,1679332,平淡期
2020-12-01,兆驰股份,5.79932896,挂涨停价排队·尾盘开缝成交,102900,596751,2020-12-02,尾盘14:50,6.02,没涨停→尾盘兑现,23026,912.4,22113,2298644,平淡期
2020-12-01,青岛银行,4.34878955,挂涨停价排队·尾盘开缝成交,91600,398349,2020-12-03,次日早盘9:30,5.27,又涨停→隔夜后早盘兑现,84356,660.8,83695,1504251,平淡期
2020-12-02,ST旭电,2.93,挂涨停价排队·尾盘开缝成交,261500,766195,2020-12-03,尾盘14:50,2.79,没涨停→尾盘兑现,-36610,1121.8,-37732,2233289,妖股期
2020-12-02,海印股份,2.7761895,挂涨停价排队·尾盘开缝成交,183900,510541,2020-12-03,尾盘14:50,2.72,没涨停→尾盘兑现,-10979,757.6,-11737,2732476,妖股期
2020-12-03,大北农,8.6761852,挂涨停价排队·尾盘开缝成交,104900,910132,2020-12-04,尾盘14:50,8.73,没涨停→尾盘兑现,6041,1369.7,4671,1726228,妖股期
2020-12-03,洁美科技,26.114327,挂涨停价排队·尾盘开缝成交,15500,404772,2020-12-04,尾盘14:50,25.98,没涨停→尾盘兑现,-2072,605.6,-2678,2128626,妖股期
2020-12-03,金安国纪,8.7818955,挂涨停价排队·尾盘开缝成交,69100,606829,2020-12-07,次日早盘9:30,10.63,又涨停→隔夜后早盘兑现,127998,1006.2,126992,1681241,妖股期
2020-12-04,华软科技,5.77,挂涨停价排队·尾盘开缝成交,122900,709133,2020-12-07,尾盘14:50,5.99,没涨停→尾盘兑现,27038,1084.0,25954,2416859,平淡期
2020-12-04,华微电子,9.000544,挂涨停价排队·尾盘开缝成交,52500,472529,2020-12-07,尾盘14:50,9.64,没涨停→尾盘兑现,33385,733.8,32651,2922394,平淡期
2020-12-07,北京科锐,6.04876152,挂涨停价排队·尾盘开缝成交,161000,973851,2020-12-08,尾盘14:50,5.98,没涨停→尾盘兑现,-11031,1452.5,-12483,2261260,平淡期
2020-12-07,开创国际,10.1783913,挂涨停价排队·尾盘开缝成交,63800,649381,2020-12-08,尾盘14:50,9.98,没涨停→尾盘兑现,-12733,964.5,-13697,2897431,平淡期
2020-12-09,德龙汇能,6.3,挂涨停价排队·尾盘开缝成交,153300,965790,2020-12-10,尾盘14:50,6.3,没涨停→尾盘兑现,0,1448.7,-1449,1823958,平淡期
2020-12-09,神剑股份,4.63410365,挂涨停价排队·尾盘开缝成交,138900,643677,2020-12-10,尾盘14:50,4.57,没涨停→尾盘兑现,-8715,959.0,-9674,2458443,平淡期
2020-12-09,大有能源,3.73105692,挂涨停价排队·尾盘开缝成交,115000,429072,2020-12-10,尾盘14:50,3.65,没涨停→尾盘兑现,-9841,636.2,-10477,2877359,平淡期
2020-12-14,中闽能源,3.54225791,挂涨停价排队·尾盘开缝成交,270700,958889,2020-12-15,尾盘14:50,3.59,没涨停→尾盘兑现,12854,1448.0,11406,2250274,妖股期
2020-12-14,耀皮玻璃,5.20953408,挂涨停价排队·尾盘开缝成交,122700,639210,2020-12-15,尾盘14:50,5.17,没涨停→尾盘兑现,-4770,955.2,-5725,2884238,妖股期
2020-12-15,中光学,17.4035709,挂涨停价排队·尾盘开缝成交,55200,960677,2020-12-16,尾盘14:50,17.67,没涨停→尾盘兑现,14499,1451.9,13047,2256926,平淡期
2020-12-15,特变电工,5.80687861,挂涨停价排队·尾盘开缝成交,110400,641079,2020-12-16,尾盘14:50,5.85,没涨停→尾盘兑现,5152,965.5,4187,2902673,平淡期
2020-12-16,金一文化,3.65,挂涨停价排队·尾盘开缝成交,265000,967250,2020-12-17,尾盘14:50,3.53,没涨停→尾盘兑现,-31800,1427.0,-33227,2225119,恐慌期
2020-12-16,维维股份,4.0955712,挂涨停价排队·尾盘开缝成交,157500,645052,2020-12-17,尾盘14:50,4.02,没涨停→尾盘兑现,-12485,958.2,-13443,2857212,恐慌期
2020-12-17,长虹华意,4.1595623,挂涨停价排队·尾盘开缝成交,228900,952124,2020-12-18,尾盘14:50,4.13,没涨停→尾盘兑现,-7395,1422.6,-8818,1792173,妖股期
2020-12-17,四环生物,5.25,挂涨停价排队·尾盘开缝成交,120900,634725,2020-12-18,尾盘14:50,5.08,没涨停→尾盘兑现,-20553,936.7,-21490,2405884,妖股期
2020-12-17,ST万邦,12.75561606,挂涨停价排队·尾盘开缝成交,33100,422211,2020-12-18,尾盘14:50,12.32,没涨停→尾盘兑现,-14472,622.5,-15095,2813317,妖股期
2020-12-18,上海能源,6.01264595,挂涨停价排队·尾盘开缝成交,155900,937372,2020-12-21,尾盘14:50,6.41,没涨停→尾盘兑现,62367,1452.8,60914,1833001,平淡期
2020-12-18,昊华能源,2.87167558,挂涨停价排队·尾盘开缝成交,217700,625164,2020-12-21,尾盘14:50,2.92,没涨停→尾盘兑现,11445,946.3,10498,2469132,平淡期
2020-12-18,新集能源,2.78403438,挂涨停价排队·尾盘开缝成交,149700,416770,2020-12-21,尾盘14:50,2.78,没涨停→尾盘兑现,0,625.2,-625,2885589,平淡期
2020-12-21,振华科技,46.01486736,挂涨停价排队·尾盘开缝成交,20900,961711,2020-12-22,尾盘14:50,47.6,没涨停→尾盘兑现,33190,1467.5,31722,1849565,平淡期
2020-12-21,芭田股份,3.90732389,挂涨停价排队·尾盘开缝成交,164100,641192,2020-12-22,尾盘14:50,3.78,没涨停→尾盘兑现,-20448,946.5,-21394,2469844,平淡期
2020-12-21,万润股份,19.51028374,挂涨停价排队·尾盘开缝成交,21900,427275,2020-12-22,尾盘14:50,18.58,没涨停→尾盘兑现,-20270,625.7,-20896,2876544,平淡期
2020-12-22,海正药业,17.16546559,挂涨停价排队·尾盘开缝成交,55800,957833,2020-12-23,尾盘14:50,17.21,没涨停→尾盘兑现,2601,1438.7,1163,2239708,平淡期
2020-12-22,南卫股份,9.69221142,挂涨停价排队·尾盘开缝成交,65900,638717,2020-12-23,尾盘14:50,10.03,没涨停→尾盘兑现,22490,974.9,21515,2900419,平淡期
2020-12-23,晋控电力,2.85,挂涨停价排队·尾盘开缝成交,226400,645240,2020-12-24,尾盘14:50,2.92,没涨停→尾盘兑现,15848,979.7,14868,1521047,平淡期
2020-12-23,甘肃能源,3.97495168,挂涨停价排队·尾盘开缝成交,108200,430090,2020-12-24,尾盘14:50,4.02,没涨停→尾盘兑现,4800,648.7,4151,1955610,平淡期
2020-12-23,德赛电池,33.4942587,挂涨停价排队·尾盘开缝成交,28800,964635,2020-12-25,次日早盘9:30,36.96,又涨停→隔夜后早盘兑现,99767,1521.8,98245,2367712,平淡期
2020-12-24,宝光股份,5.6455899,挂涨停价排队·尾盘开缝成交,115400,651501,2020-12-28,次日早盘9:30,6.84,又涨停→隔夜后早盘兑现,137625,1080.5,136545,1841266,恐慌期
2020-12-25,深圳能源,5.53946052,挂涨停价排队·尾盘开缝成交,142400,788819,2020-12-28,尾盘14:50,5.65,没涨停→尾盘兑现,16073,1195.3,14878,2645554,妖股期
2020-12-25,*ST旭蓝,3.43,挂涨停价排队·尾盘开缝成交,153400,526162,2020-12-28,尾盘14:50,3.47,没涨停→尾盘兑现,6136,793.8,5342,3177453,妖股期
2020-12-28,冰山冷热,4.23049212,挂涨停价排队·尾盘开缝成交,250300,1058892,2020-12-30,次日早盘9:30,4.82,又涨停→隔夜后早盘兑现,147809,1699.2,146110,2148053,妖股期
2020-12-28,中广核技,9.6398055,挂涨停价排队·尾盘开缝成交,73200,705634,2020-12-30,次日早盘9:30,11.0,又涨停→隔夜后早盘兑现,99874,1133.4,98741,2952957,妖股期
2020-12-29,ST惠程,4.35,挂涨停价排队·尾盘开缝成交,108200,470670,2020-12-30,尾盘14:50,4.23,没涨停→尾盘兑现,-12984,696.3,-13680,3410300,恐慌期
2020-12-30,甘化科工,10.19884824,挂涨停价排队·尾盘开缝成交,111400,1136152,2020-12-31,尾盘14:50,10.42,没涨停→尾盘兑现,24080,1722.3,22358,2170929,妖股期
2020-12-30,东方锆业,6.22,挂涨停价排队·尾盘开缝成交,121800,757596,2020-12-31,尾盘14:50,6.15,没涨停→尾盘兑现,-8526,1130.0,-9656,2919437,妖股期
2020-12-30,奥拓电子,5.4182935,挂涨停价排队·尾盘开缝成交,93200,504985,2020-12-31,尾盘14:50,5.31,没涨停→尾盘兑现,-9832,750.1,-10582,3414219,妖股期
2020-12-31,德展健康,4.25611364,挂涨停价排队·尾盘开缝成交,267300,1137659,2021-01-04,尾盘14:50,4.31,没涨停→尾盘兑现,15408,1718.0,13690,2164367,平淡期
2020-12-31,山西证券,8.01937005,挂涨停价排队·尾盘开缝成交,94600,758632,2021-01-04,尾盘14:50,7.81,没涨停→尾盘兑现,-19496,1123.3,-20619,2902949,平淡期
2020-12-31,退市西水,5.67,挂涨停价排队·尾盘开缝成交,89200,505764,2021-01-04,尾盘14:50,5.42,没涨停→尾盘兑现,-22300,741.9,-23042,3386050,平淡期
2021-01-04,天邦食品,10.89833206,挂涨停价排队·尾盘开缝成交,103500,1127977,2021-01-05,尾盘14:50,11.22,没涨停→尾盘兑现,33011,1716.7,31294,2164121,平淡期
2021-01-04,正邦科技,17.74243232,挂涨停价排队·尾盘开缝成交,42400,752279,2021-01-05,尾盘14:50,18.35,没涨停→尾盘兑现,25691,1147.7,24544,2941508,平淡期
2021-01-04,鹏都农牧,2.78,挂涨停价排队·尾盘开缝成交,180500,501790,2021-01-06,次日早盘9:30,3.3,又涨停→隔夜后早盘兑现,93860,823.1,93037,1903044,平淡期
2021-01-05,黑芝麻,3.6108864,挂涨停价排队·尾盘开缝成交,271500,980356,2021-01-06,尾盘14:50,3.5,没涨停→尾盘兑现,-29225,1448.6,-30673,2853461,平淡期
2021-01-05,皇氏集团,5.12,挂涨停价排队·尾盘开缝成交,127600,653312,2021-01-06,尾盘14:50,5.19,没涨停→尾盘兑现,8932,986.7,7945,3515209,平淡期
2021-01-06,东方盛虹,10.40267137,挂涨停价排队·尾盘开缝成交,112600,1171341,2021-01-07,尾盘14:50,11.03,没涨停→尾盘兑现,70563,1809.9,68753,2283158,平淡期
2021-01-06,美利云,5.84,挂涨停价排队·尾盘开缝成交,133700,780808,2021-01-07,尾盘14:50,5.84,没涨停→尾盘兑现,0,1171.2,-1171,3063380,平淡期
2021-01-06,山东海化,4.01599349,挂涨停价排队·尾盘开缝成交,129700,520874,2021-01-07,尾盘14:50,3.93,没涨停→尾盘兑现,-11188,772.9,-11961,3572684,平淡期
2021-01-07,广信股份,10.41632865,挂涨停价排队·尾盘开缝成交,114300,1190586,2021-01-08,尾盘14:50,10.17,没涨停→尾盘兑现,-28590,1764.4,-30354,3543223,恐慌期
2021-01-08,浪潮信息,28.65725917,挂涨停价排队·尾盘开缝成交,41200,1180679,2021-01-11,尾盘14:50,29.6,没涨停→尾盘兑现,38804,1800.1,37003,2268870,平淡期
2021-01-08,捷顺科技,8.7667904,挂涨停价排队·尾盘开缝成交,89800,787258,2021-01-11,次日早盘9:30,8.78,又涨停→隔夜后早盘兑现,856,1181.5,-326,3056392,平淡期
2021-01-08,荣联科技,4.79,挂涨停价排队·尾盘开缝成交,109600,524984,2021-01-11,次日早盘9:30,4.79,又涨停→隔夜后早盘兑现,0,787.5,-787,3580983,平淡期
2021-01-11,联创电子,11.47314498,挂涨停价排队·尾盘开缝成交,104000,1193207,2021-01-12,尾盘14:50,11.44,没涨停→尾盘兑现,-3110,1787.5,-4897,2781310,恐慌期
2021-01-11,光洋股份,6.34,挂涨停价排队·尾盘开缝成交,125500,795670,2021-01-12,尾盘14:50,6.25,没涨停→尾盘兑现,-11295,1185.0,-12480,3565097,恐慌期
2021-01-12,烽火电子,7.43078928,挂涨停价排队·尾盘开缝成交,159900,1188183,2021-01-13,尾盘14:50,7.79,没涨停→尾盘兑现,57493,1825.4,55667,2302324,平淡期
2021-01-12,思源电气,20.0153255,挂涨停价排队·尾盘开缝成交,39500,790605,2021-01-13,尾盘14:50,20.98,没涨停→尾盘兑现,38101,1214.5,36887,3130409,平淡期
2021-01-12,景兴纸业,3.9020381,挂涨停价排队·尾盘开缝成交,135500,528726,2021-01-13,尾盘14:50,3.84,没涨停→尾盘兑现,-8052,787.1,-8839,3650693,平淡期
2021-01-13,博杰股份,96.42657728,挂涨停价排队·尾盘开缝成交,12600,1214975,2021-01-14,次日早盘9:30,97.67,又涨停→隔夜后早盘兑现,15623,1834.2,13789,2312566,平淡期
2021-01-13,ST美克,5.250168,挂涨停价排队·尾盘开缝成交,154600,811676,2021-01-14,尾盘14:50,5.25,没涨停→尾盘兑现,0,1217.5,-1218,3123633,平淡期
2021-01-13,得邦照明,10.15293365,挂涨停价排队·尾盘开缝成交,53300,541151,2021-01-14,尾盘14:50,10.16,没涨停→尾盘兑现,433,812.1,-379,3664811,平淡期
2021-01-14,盈新发展,2.24,挂涨停价排队·尾盘开缝成交,545300,1221472,2021-01-15,尾盘14:50,2.21,没涨停→尾盘兑现,-16359,1819.9,-18179,2290204,妖股期
2021-01-14,ST泰禾,2.97,挂涨停价排队·尾盘开缝成交,274200,814374,2021-01-15,尾盘14:50,2.88,没涨停→尾盘兑现,-24678,1203.1,-25881,3079308,妖股期
2021-01-14,ST鸿达,3.06243859,挂涨停价排队·尾盘开缝成交,177300,542970,2021-01-15,尾盘14:50,3.0,没涨停→尾盘兑现,-10612,806.5,-11418,3611267,妖股期
2021-01-15,*ST柏龙,5.15,挂涨停价排队·尾盘开缝成交,233700,1203555,2021-01-18,尾盘14:50,5.25,没涨停→尾盘兑现,23370,1822.9,21547,2296337,妖股期
2021-01-15,华森制药,11.87180443,挂涨停价排队·尾盘开缝成交,67600,802534,2021-01-18,尾盘14:50,11.99,没涨停→尾盘兑现,7900,1209.7,6691,3106164,妖股期
2021-01-15,*ST三房,2.77553544,挂涨停价排队·尾盘开缝成交,192700,534846,2021-01-18,次日早盘9:30,2.8,又涨停→隔夜后早盘兑现,5078,806.1,4272,3645682,妖股期
2021-01-18,海翔药业,8.46987906,挂涨停价排队·尾盘开缝成交,143400,1214581,2021-01-19,尾盘14:50,8.8,没涨停→尾盘兑现,47631,1857.6,45773,2343013,平淡期
2021-01-18,通富微电,29.31022755,挂涨停价排队·尾盘开缝成交,27600,808962,2021-01-19,尾盘14:50,29.12,没涨停→尾盘兑现,-5198,1209.5,-6407,3146175,平淡期
2021-01-18,云天化,5.2721029,挂涨停价排队·尾盘开缝成交,102500,540391,2021-01-19,尾盘14:50,5.2,没涨停→尾盘兑现,-7529,804.9,-8334,3678637,平淡期
2021-01-19,劲嘉股份,8.80014057,挂涨停价排队·尾盘开缝成交,139300,1225860,2021-01-20,尾盘14:50,8.12,没涨停→尾盘兑现,-94297,1768.1,-96065,2221457,妖股期
2021-01-19,雷科防务,7.45,挂涨停价排队·尾盘开缝成交,109700,817265,2021-01-20,尾盘14:50,7.32,没涨停→尾盘兑现,-14261,1215.2,-15476,3023859,妖股期
2021-01-19,兄弟科技,5.26856085,挂涨停价排队·尾盘开缝成交,103400,544769,2021-01-20,尾盘14:50,5.07,没涨停→尾盘兑现,-20838,801.5,-21640,3547397,妖股期
2021-01-20,富奥股份,5.49481632,挂涨停价排队·尾盘开缝成交,215100,1181935,2021-01-21,尾盘14:50,5.26,没涨停→尾盘兑现,-50082,1735.3,-51817,2183946,妖股期
2021-01-20,汉钟精机,15.500421,挂涨停价排队·尾盘开缝成交,33900,525464,2021-01-21,尾盘14:50,16.51,没涨停→尾盘兑现,34140,813.8,33327,2743131,妖股期
2021-01-20,中国稀土,15.93230744,挂涨停价排队·尾盘开缝成交,49400,787056,2021-01-22,次日早盘9:30,17.88,又涨停→隔夜后早盘兑现,96174,1252.7,94921,2102074,妖股期
2021-01-21,*ST华铁,6.05677905,挂涨停价排队·尾盘开缝成交,150900,913968,2021-01-22,尾盘14:50,5.98,没涨停→尾盘兑现,-12006,1361.9,-13368,3003360,平淡期
2021-01-21,厦门钨业,16.52183944,挂涨停价排队·尾盘开缝成交,36900,609656,2021-01-22,尾盘14:50,15.84,没涨停→尾盘兑现,-25206,895.6,-26102,3587371,平淡期
2021-01-22,信立泰,32.77001545,挂涨停价排队·尾盘开缝成交,36400,1192829,2021-01-25,尾盘14:50,34.85,没涨停→尾盘兑现,75708,1846.0,73862,2332876,妖股期
2021-01-22,中源协和,21.73,挂涨停价排队·尾盘开缝成交,36700,797491,2021-01-25,尾盘14:50,21.51,没涨停→尾盘兑现,-8074,1190.2,-9264,3121701,妖股期
2021-01-22,*ST海利,12.14065336,挂涨停价排队·尾盘开缝成交,43800,531761,2021-01-26,次日早盘9:30,14.14,又涨停→隔夜后早盘兑现,87413,863.2,86550,2007019,妖股期
2021-01-25,云图控股,8.15747646,挂涨停价排队·尾盘开缝成交,127500,1040078,2021-01-26,尾盘14:50,7.91,没涨停→尾盘兑现,-31047,1536.8,-32584,3015294,恐慌期
2021-01-25,巨化股份,8.34311147,挂涨停价排队·尾盘开缝成交,83100,693313,2021-01-26,尾盘14:50,8.32,没涨停→尾盘兑现,-2329,1038.2,-3367,3705759,恐慌期
2021-01-26,美锦能源,6.5309712,挂涨停价排队·尾盘开缝成交,189100,1235007,2021-01-27,尾盘14:50,6.78,没涨停→尾盘兑现,46499,1887.4,44611,2379208,妖股期
2021-01-26,*ST威创,4.84,挂涨停价排队·尾盘开缝成交,170100,823284,2021-01-27,尾盘14:50,4.76,没涨停→尾盘兑现,-13608,1224.7,-14833,3188277,妖股期
2021-01-26,日出东方,4.64694534,挂涨停价排队·尾盘开缝成交,118100,548804,2021-01-28,次日早盘9:30,5.62,又涨停→隔夜后早盘兑现,115019,909.5,114109,2081732,妖股期
2021-01-27,航锦科技,22.78203228,挂涨停价排队·尾盘开缝成交,46600,1061643,2021-01-28,尾盘14:50,20.51,没涨停→尾盘兑现,-106027,1512.9,-107540,3036631,妖股期
2021-01-27,黑猫股份,7.40050176,挂涨停价排队·尾盘开缝成交,95700,708228,2021-01-28,尾盘14:50,7.37,没涨停→尾盘兑现,-2767,1060.3,-3827,3741563,妖股期
2021-01-29,卫星化学,11.5538156,挂涨停价排队·尾盘开缝成交,107900,1246657,2021-02-02,次日早盘9:30,12.96,又涨停→隔夜后早盘兑现,152023,1984.0,150039,2506743,恐慌期
2021-02-01,中利集团,4.38,挂涨停价排队·尾盘开缝成交,189800,831324,2021-02-02,尾盘14:50,4.27,没涨停→尾盘兑现,-20878,1231.3,-22109,3316581,妖股期
2021-02-01,杭氧股份,25.90981495,挂涨停价排队·尾盘开缝成交,21400,554470,2021-02-03,次日早盘9:30,28.77,又涨停→隔夜后早盘兑现,61206,877.6,60329,2090055,妖股期
2021-02-02,天津普林,8.07,挂涨停价排队·尾盘开缝成交,136900,1104783,2021-02-03,尾盘14:50,8.69,没涨停→尾盘兑现,84878,1720.8,83157,3278823,恐慌期
2021-02-02,东方精工,4.10561726,挂涨停价排队·尾盘开缝成交,179500,736958,2021-02-03,尾盘14:50,4.06,没涨停→尾盘兑现,-8752,1098.9,-9851,4006483,恐慌期
2021-02-03,威孚高科,19.03613969,挂涨停价排队·尾盘开缝成交,70100,1334433,2021-02-04,尾盘14:50,18.83,没涨停→尾盘兑现,-14477,1990.8,-16467,3101534,妖股期
2021-02-03,上海家化,38.01207995,挂涨停价排队·尾盘开缝成交,23400,889483,2021-02-05,次日早盘9:30,42.92,又涨停→隔夜后早盘兑现,114779,1420.3,113359,2383864,妖股期
2021-02-04,海得控制,11.65014435,挂涨停价排队·尾盘开缝成交,88700,1033368,2021-02-05,尾盘14:50,10.49,没涨停→尾盘兑现,-103279,1472.6,-104751,3313256,恐慌期
2021-02-04,登云股份,19.42967439,挂涨停价排队·尾盘开缝成交,35400,687810,2021-02-05,尾盘14:50,17.49,没涨停→尾盘兑现,-68675,980.2,-69656,3931926,恐慌期
2021-02-08,北京文化,5.47,挂涨停价排队·尾盘开缝成交,239600,1310612,2021-02-09,尾盘14:50,5.45,没涨停→尾盘兑现,-4792,1962.3,-6754,2469979,恐慌期
2021-02-08,兴发集团,11.24515675,挂涨停价排队·尾盘开缝成交,77700,873749,2021-02-09,尾盘14:50,11.78,没涨停→尾盘兑现,41196,1341.5,39854,3384237,恐慌期
2021-02-08,威帝股份,3.82170494,挂涨停价排队·尾盘开缝成交,152400,582428,2021-02-10,次日早盘9:30,4.31,又涨停→隔夜后早盘兑现,73935,929.1,73006,2160723,恐慌期
2021-02-09,中钨高新,5.1362181,挂涨停价排队·尾盘开缝成交,219600,1127913,2021-02-10,尾盘14:50,5.25,没涨停→尾盘兑现,25707,1711.2,23996,3313479,平淡期
2021-02-09,步步高,7.66807008,挂涨停价排队·尾盘开缝成交,98000,751471,2021-02-10,尾盘14:50,7.53,没涨停→尾盘兑现,-13334,1117.2,-14451,4051062,平淡期
2021-02-10,丸美生物,52.2145302,挂涨停价排队·尾盘开缝成交,25800,1347135,2021-02-18,尾盘14:50,50.99,没涨停→尾盘兑现,-31568,1997.0,-33565,4018507,平淡期
2021-02-18,深科技,20.2473945,挂涨停价排队·尾盘开缝成交,66100,1338353,2021-02-19,尾盘14:50,20.61,没涨停→尾盘兑现,23787,2025.4,21762,2552906,平淡期
2021-02-18,ST富通,2.42,挂涨停价排队·尾盘开缝成交,369100,893222,2021-02-19,尾盘14:50,2.47,没涨停→尾盘兑现,18455,1353.7,17101,3463900,平淡期
2021-02-18,广电运通,8.8169599,挂涨停价排队·尾盘开缝成交,67500,595145,2021-02-19,尾盘14:50,8.77,没涨停→尾盘兑现,-3018,890.5,-3908,4055582,平淡期
2021-02-19,民和股份,14.98378717,挂涨停价排队·尾盘开缝成交,60100,900526,2021-02-22,尾盘14:50,15.52,没涨停→尾盘兑现,32393,1375.1,31018,2134590,妖股期
2021-02-19,益生股份,7.9807517,挂涨停价排队·尾盘开缝成交,75300,600951,2021-02-22,尾盘14:50,8.04,没涨停→尾盘兑现,4316,904.7,3411,2739403,妖股期
2021-02-19,博源化工,2.04591312,挂涨停价排队·尾盘开缝成交,660700,1351735,2021-02-23,次日早盘9:30,2.48,又涨停→隔夜后早盘兑现,285733,2241.9,283491,2854130,妖股期
2021-02-22,钒钛股份,2.39,挂涨停价排队·尾盘开缝成交,382000,912980,2021-02-23,尾盘14:50,2.31,没涨停→尾盘兑现,-30560,1346.5,-31907,3735889,平淡期
2021-02-22,鞍钢股份,3.10475184,挂涨停价排队·尾盘开缝成交,196000,608531,2021-02-23,尾盘14:50,3.09,没涨停→尾盘兑现,-3590,910.1,-4500,4340376,平淡期
2021-02-23,澄星股份,4.02450384,挂涨停价排队·尾盘开缝成交,359400,1446407,2021-02-24,尾盘14:50,3.86,没涨停→尾盘兑现,-60267,2124.4,-62391,2672385,平淡期
2021-02-23,三角轮胎,16.13978928,挂涨停价排队·尾盘开缝成交,39800,642364,2021-02-24,尾盘14:50,15.88,没涨停→尾盘兑现,-10328,955.8,-11284,3303946,平淡期
2021-02-23,金瑞矿业,5.76058032,挂涨停价排队·尾盘开缝成交,167400,964321,2021-02-25,次日早盘9:30,6.97,又涨停→隔夜后早盘兑现,201986,1598.0,200388,3368067,平淡期
2021-02-24,龙星科技,4.8092211,挂涨停价排队·尾盘开缝成交,229000,1101312,2021-02-25,尾盘14:50,4.56,没涨停→尾盘兑现,-57964,1608.5,-59572,4410632,平淡期
2021-02-25,*ST发展,2.74076556,挂涨停价排队·尾盘开缝成交,536400,1470147,2021-02-26,尾盘14:50,2.63,没涨停→尾盘兑现,-58593,2161.3,-60754,2718165,平淡期
2021-02-25,香江控股,1.52935965,挂涨停价排队·尾盘开缝成交,640800,980014,2021-02-26,尾盘14:50,1.44,没涨停→尾盘兑现,-55283,1428.6,-56711,3642202,平淡期
2021-02-25,*ST华幸,7.79,挂涨停价排队·尾盘开缝成交,83800,652802,2021-02-26,尾盘14:50,8.48,没涨停→尾盘兑现,57822,1022.6,56799,4352293,平淡期
2021-02-26,ST远智,3.33652953,挂涨停价排队·尾盘开缝成交,434800,1450723,2021-03-02,次日早盘9:30,3.66,又涨停→隔夜后早盘兑现,141221,2282.0,138939,2881951,妖股期
2021-03-01,齐翔腾达,6.40085547,挂涨停价排队·尾盘开缝成交,151100,967169,2021-03-02,尾盘14:50,6.35,没涨停→尾盘兑现,-6987,1445.5,-8432,3841414,妖股期
2021-03-01,华正新材,34.95650802,挂涨停价排队·尾盘开缝成交,18400,643200,2021-03-02,尾盘14:50,34.22,没涨停→尾盘兑现,-13632,954.6,-14587,4470509,妖股期
2021-03-02,上海电力,6.7962092,挂涨停价排队·尾盘开缝成交,219200,1489729,2021-03-03,尾盘14:50,6.74,没涨停→尾盘兑现,-11982,2225.6,-14207,2802023,平淡期
2021-03-02,正源股份,2.12,挂涨停价排队·尾盘开缝成交,468600,993432,2021-03-03,尾盘14:50,2.05,没涨停→尾盘兑现,-32802,1465.5,-34268,3761932,平淡期
2021-03-02,西昌电力,6.31645182,挂涨停价排队·尾盘开缝成交,104800,661964,2021-03-03,尾盘14:50,6.47,没涨停→尾盘兑现,16498,1005.3,15492,4439885,平淡期
2021-03-03,*ST广糖,8.86,挂涨停价排队·尾盘开缝成交,167000,1479620,2021-03-04,尾盘14:50,8.84,没涨停→尾盘兑现,-3340,2216.9,-5557,2790923,平淡期
2021-03-03,三钢闽光,6.23328183,挂涨停价排队·尾盘开缝成交,158300,986729,2021-03-04,次日早盘9:30,6.23,又涨停→隔夜后早盘兑现,0,1480.1,-1480,3776912,平淡期
2021-03-03,ST航高,2.22,挂涨停价排队·尾盘开缝成交,296300,657786,2021-03-04,尾盘14:50,2.18,没涨停→尾盘兑现,-11852,977.8,-12830,4422361,平淡期
2021-03-04,黄河旋风,3.21,挂涨停价排队·尾盘开缝成交,459200,1474032,2021-03-05,尾盘14:50,3.24,没涨停→尾盘兑现,13776,2221.4,11555,3452314,平淡期
2021-03-04,蓝科高新,6.04,挂涨停价排队·尾盘开缝成交,162700,982708,2021-03-08,次日早盘9:30,6.84,又涨停→隔夜后早盘兑现,130160,1571.7,128588,2647229,平淡期
2021-03-05,深粮控股,6.59132072,挂涨停价排队·尾盘开缝成交,174500,1150185,2021-03-08,尾盘14:50,6.29,没涨停→尾盘兑现,-53359,1685.3,-55044,3743233,妖股期
2021-03-05,石化机械,4.74,挂涨停价排队·尾盘开缝成交,161800,766932,2021-03-08,尾盘14:50,4.79,没涨停→尾盘兑现,8090,1156.5,6934,4517674,妖股期
2021-03-08,华电能源,2.21,挂涨停价排队·尾盘开缝成交,681300,1505673,2021-03-09,尾盘14:50,2.07,没涨停→尾盘兑现,-95382,2187.0,-97569,4421234,妖股期
2021-03-09,顺钠股份,3.3,挂涨停价排队·尾盘开缝成交,446500,1473450,2021-03-10,尾盘14:50,3.31,没涨停→尾盘兑现,4465,2213.5,2251,3442218,恐慌期
2021-03-09,正泰电源,6.32157344,挂涨停价排队·尾盘开缝成交,155400,982373,2021-03-10,尾盘14:50,5.74,没涨停→尾盘兑现,-90099,1406.0,-91505,4333822,恐慌期
2021-03-11,瑞泰科技,9.88024438,挂涨停价排队·尾盘开缝成交,146200,1444492,2021-03-12,尾盘14:50,9.87,没涨停→尾盘兑现,-1418,2165.7,-3583,2726850,平淡期
2021-03-11,新疆交建,10.560711,挂涨停价排队·尾盘开缝成交,91100,962081,2021-03-12,尾盘14:50,10.39,没涨停→尾盘兑现,-15298,1431.6,-16730,3672923,平淡期
2021-03-11,杭钢股份,5.28282516,挂涨停价排队·尾盘开缝成交,121600,642392,2021-03-12,尾盘14:50,5.48,没涨停→尾盘兑现,24117,981.7,23135,4338931,平淡期
2021-03-12,黔源电力,10.5918416,挂涨停价排队·尾盘开缝成交,136500,1445786,2021-03-15,尾盘14:50,10.33,没涨停→尾盘兑现,-35263,2142.2,-37405,2695912,平淡期
2021-03-12,*ST和科,20.2,挂涨停价排队·尾盘开缝成交,47700,963540,2021-03-15,尾盘14:50,21.3,没涨停→尾盘兑现,52470,1484.7,50985,3711160,平淡期
2021-03-12,ST迪马,2.74971573,挂涨停价排队·尾盘开缝成交,233900,643159,2021-03-16,次日早盘9:30,3.02,又涨停→隔夜后早盘兑现,63634,1012.5,62622,2356017,平淡期
2021-03-15,太阳电缆,5.09925202,挂涨停价排队·尾盘开缝成交,242500,1236569,2021-03-16,尾盘14:50,5.2,没涨停→尾盘兑现,23704,1872.6,21832,3615344,妖股期
2021-03-15,长高电气,5.42299175,挂涨停价排队·尾盘开缝成交,152100,824837,2021-03-17,次日早盘9:30,6.32,又涨停→隔夜后早盘兑现,136277,1339.5,134938,2568067,妖股期
2021-03-16,汉缆股份,3.89759886,挂涨停价排队·尾盘开缝成交,309100,1204748,2021-03-17,尾盘14:50,3.85,没涨停→尾盘兑现,-14550,1796.2,-16346,3757372,妖股期
2021-03-16,高能环境,10.86500145,挂涨停价排队·尾盘开缝成交,73900,802924,2021-03-17,尾盘14:50,10.67,没涨停→尾盘兑现,-14406,1193.6,-15600,4545298,妖股期
2021-03-17,*ST中天,3.07,挂涨停价排队·尾盘开缝成交,493500,1515045,2021-03-18,尾盘14:50,3.01,没涨停→尾盘兑现,-29610,2250.4,-31860,4514574,妖股期
2021-03-18,青岛金王,3.37,挂涨停价排队·尾盘开缝成交,446500,1504705,2021-03-19,尾盘14:50,3.26,没涨停→尾盘兑现,-49115,2220.2,-51335,4464367,平淡期
2021-03-19,大唐发电,2.58598188,挂涨停价排队·尾盘开缝成交,575400,1487974,2021-03-23,次日早盘9:30,2.9,又涨停→隔夜后早盘兑现,183377,2369.5,181008,2993479,妖股期
2021-03-22,海洋王,7.6674015,挂涨停价排队·尾盘开缝成交,86200,660930,2021-03-23,尾盘14:50,7.61,没涨停→尾盘兑现,-4807,987.8,-5795,3649110,妖股期
2021-03-22,榕基软件,5.59234533,挂涨停价排队·尾盘开缝成交,177400,992082,2021-03-24,次日早盘9:30,6.15,又涨停→隔夜后早盘兑现,99031,1562.4,97469,4739405,妖股期
2021-03-24,京能电力,2.89207215,挂涨停价排队·尾盘开缝成交,364100,1053003,2021-03-25,尾盘14:50,2.71,没涨停→尾盘兑现,-64848,1530.9,-66379,3094040,妖股期
2021-03-24,ST星源,2.56,挂涨停价排队·尾盘开缝成交,617100,1579776,2021-03-26,次日早盘9:30,2.86,又涨停→隔夜后早盘兑现,185130,2508.5,182621,4857622,妖股期
2021-03-26,深南电A,11.40690408,挂涨停价排队·尾盘开缝成交,141900,1618640,2021-03-29,尾盘14:50,11.94,没涨停→尾盘兑现,74989,2484.2,72505,3132246,妖股期
2021-03-26,佳电股份,7.44248253,挂涨停价排队·尾盘开缝成交,145000,1079160,2021-03-29,尾盘14:50,7.57,没涨停→尾盘兑现,18005,1632.2,16373,4228588,妖股期
2021-03-26,广东建工,3.14932224,挂涨停价排队·尾盘开缝成交,228600,719935,2021-03-30,次日早盘9:30,3.51,又涨停→隔夜后早盘兑现,83218,1142.3,82076,2682142,妖股期
2021-03-29,江南水务,3.77024866,挂涨停价排队·尾盘开缝成交,249200,939546,2021-03-30,尾盘14:50,3.88,没涨停→尾盘兑现,26780,1429.4,25351,3647743,妖股期
2021-03-29,中油工程,2.80767279,挂涨停价排队·尾盘开缝成交,502000,1409452,2021-03-31,次日早盘9:30,3.4,又涨停→隔夜后早盘兑现,296975,2336.9,294638,3326800,妖股期
2021-03-30,西藏天路,5.93103456,挂涨停价排队·尾盘开缝成交,205000,1215862,2021-03-31,尾盘14:50,5.86,没涨停→尾盘兑现,-13817,1813.4,-15630,4527944,妖股期
2021-03-30,祥龙电业,5.02,挂涨停价排队·尾盘开缝成交,161400,810228,2021-04-01,次日早盘9:30,5.55,又涨停→隔夜后早盘兑现,85542,1279.5,84263,2907788,妖股期
2021-03-31,中原环保,5.89010726,挂涨停价排队·尾盘开缝成交,256200,1509045,2021-04-01,尾盘14:50,5.78,没涨停→尾盘兑现,-27514,2242.9,-29757,4388208,妖股期
2021-03-31,建投能源,5.91539613,挂涨停价排队·尾盘开缝成交,170100,1006209,2021-04-01,尾盘14:50,6.03,没涨停→尾盘兑现,20093,1524.4,18569,5413740,妖股期
2021-04-01,红太阳,5.9538726,挂涨停价排队·尾盘开缝成交,303000,1804023,2021-04-02,尾盘14:50,5.85,没涨停→尾盘兑现,-32652,2681.5,-35334,3375057,妖股期
2021-04-01,本钢板材,2.817936,挂涨停价排队·尾盘开缝成交,426900,1202977,2021-04-02,尾盘14:50,2.68,没涨停→尾盘兑现,-58098,1760.9,-59859,4519077,妖股期
2021-04-01,康强电子,9.39889386,挂涨停价排队·尾盘开缝成交,85300,801726,2021-04-06,次日早盘9:30,11.37,又涨停→隔夜后早盘兑现,168077,1328.6,166748,2977614,妖股期
2021-04-02,中国武夷,3.22143252,挂涨停价排队·尾盘开缝成交,467600,1506342,2021-04-06,尾盘14:50,3.27,没涨停→尾盘兑现,22686,2276.5,20409,4505495,妖股期
2021-04-02,东望时代,3.00118475,挂涨停价排队·尾盘开缝成交,334600,1004196,2021-04-06,尾盘14:50,2.93,没涨停→尾盘兑现,-23047,1489.0,-24536,5485908,妖股期
2021-04-06,*ST高鸿,6.27,挂涨停价排队·尾盘开缝成交,291600,1828332,2021-04-07,尾盘14:50,6.24,没涨停→尾盘兑现,-8748,2735.9,-11484,3444343,妖股期
2021-04-06,雄韬股份,16.0639533,挂涨停价排队·尾盘开缝成交,50600,812836,2021-04-07,尾盘14:50,16.4,没涨停→尾盘兑现,17087,1232.1,15855,4273644,妖股期
2021-04-06,雪人集团,6.58,挂涨停价排队·尾盘开缝成交,185200,1218616,2021-04-08,次日早盘9:30,7.96,又涨停→隔夜后早盘兑现,255576,2019.6,253556,3375153,妖股期
2021-04-07,奥士康,29.59758035,挂涨停价排队·尾盘开缝成交,32000,947123,2021-04-08,尾盘14:50,28.18,没涨停→尾盘兑现,-45445,1386.6,-46831,4276155,妖股期
2021-04-07,云南能投,7.3312107,挂涨停价排队·尾盘开缝成交,194300,1424454,2021-04-09,次日早盘9:30,8.48,又涨停→隔夜后早盘兑现,223372,2304.2,221068,3548050,妖股期
2021-04-08,银都股份,9.0366705,挂涨停价排队·尾盘开缝成交,105100,949754,2021-04-09,尾盘14:50,8.89,没涨停→尾盘兑现,-15319,1413.1,-16732,4481785,恐慌期
2021-04-08,雪峰科技,4.7832852,挂涨停价排队·尾盘开缝成交,297900,1424941,2021-04-12,次日早盘9:30,5.31,又涨停→隔夜后早盘兑现,157143,2255.3,154888,4568957,恐慌期
2021-04-09,华神科技,4.757088,挂涨停价排队·尾盘开缝成交,314000,1493726,2021-04-13,次日早盘9:30,5.26,又涨停→隔夜后早盘兑现,158708,2359.6,156349,3682756,妖股期
2021-04-12,退市苏吴,5.91,挂涨停价排队·尾盘开缝成交,257600,1522416,2021-04-14,次日早盘9:30,6.86,又涨停→隔夜后早盘兑现,244720,2467.2,242253,4221352,妖股期
2021-04-12,杭州解百,5.35891752,挂涨停价排队·尾盘开缝成交,189400,1014979,2021-04-14,次日早盘9:30,6.1,又涨停→隔夜后早盘兑现,141156,1628.3,139528,5376620,妖股期
2021-04-13,獐子岛,4.21,挂涨停价排队·尾盘开缝成交,291500,1227215,2021-04-14,尾盘14:50,4.04,没涨停→尾盘兑现,-49555,1803.7,-51359,6553397,妖股期
2021-04-14,科达利,62.17849656,挂涨停价排队·尾盘开缝成交,23400,1454977,2021-04-15,尾盘14:50,63.71,没涨停→尾盘兑现,35942,2209.4,33732,3432736,妖股期
2021-04-14,茂业商业,3.68166888,挂涨停价排队·尾盘开缝成交,263800,971224,2021-04-15,尾盘14:50,3.52,没涨停→尾盘兑现,-42227,1425.2,-43652,4361036,妖股期
2021-04-14,贤丰控股,2.71,挂涨停价排队·尾盘开缝成交,806000,2184260,2021-04-16,次日早盘9:30,3.0,又涨停→隔夜后早盘兑现,233740,3451.7,230288,4355103,妖股期
2021-04-15,金陵药业,7.04024832,挂涨停价排队·尾盘开缝成交,206400,1453107,2021-04-16,尾盘14:50,6.98,没涨停→尾盘兑现,-13244,2169.7,-15414,5793886,妖股期
2021-04-15,峰璟股份,3.21610419,挂涨停价排队·尾盘开缝成交,301300,969012,2021-04-16,尾盘14:50,3.29,没涨停→尾盘兑现,22086,1470.1,20616,6784241,妖股期
2021-04-16,盾安环境,4.82326261,挂涨停价排队·尾盘开缝成交,468800,2261146,2021-04-19,尾盘14:50,4.71,没涨停→尾盘兑现,-51073,3353.4,-54427,4219334,妖股期
2021-04-16,ST得润,11.33,挂涨停价排队·尾盘开缝成交,133000,1506890,2021-04-20,次日早盘9:30,13.05,又涨停→隔夜后早盘兑现,228760,2431.9,226328,4548297,妖股期
2021-04-16,亚太股份,5.96608716,挂涨停价排队·尾盘开缝成交,168500,1005286,2021-04-20,次日早盘9:30,7.21,又涨停→隔夜后早盘兑现,210108,1665.5,208442,5762779,妖股期
2021-04-19,联创电子,11.463177,挂涨停价排队·尾盘开缝成交,122600,1405386,2021-04-20,尾盘14:50,10.69,没涨停→尾盘兑现,-95322,2036.6,-97358,7071860,妖股期
2021-04-20,拱东医疗,30.61770516,挂涨停价排队·尾盘开缝成交,76900,2354502,2021-04-21,尾盘14:50,30.39,没涨停→尾盘兑现,-17221,3518.8,-20740,7052887,平淡期
2021-04-21,西藏药业,35.40473937,挂涨停价排队·尾盘开缝成交,66400,2350875,2021-04-22,尾盘14:50,34.77,没涨停→尾盘兑现,-41956,3494.8,-45451,7009198,平淡期
2021-04-22,实益达,5.97596537,挂涨停价排队·尾盘开缝成交,390900,2336005,2021-04-23,尾盘14:50,6.02,没涨停→尾盘兑现,15547,3515.7,12032,4428076,平淡期
2021-04-22,鸣志电器,16.31845453,挂涨停价排队·尾盘开缝成交,63600,1037854,2021-04-23,尾盘14:50,16.26,没涨停→尾盘兑现,-3776,1553.9,-5330,5461378,平淡期
2021-04-22,美诺华,16.86947,挂涨停价排队·尾盘开缝成交,92300,1557052,2021-04-26,次日早盘9:30,20.42,又涨停→隔夜后早盘兑现,327314,2581.1,324733,5524441,平淡期
2021-04-23,维科技术,7.3,挂涨停价排队·尾盘开缝成交,249300,1819890,2021-04-27,次日早盘9:30,7.76,又涨停→隔夜后早盘兑现,114678,2815.8,111862,4389163,平淡期
2021-04-26,新华制药,8.8588128,挂涨停价排队·尾盘开缝成交,207800,1840861,2021-04-27,尾盘14:50,8.93,没涨停→尾盘兑现,15341,2772.8,12568,6243973,平淡期
2021-04-26,科华控股,12.6419536,挂涨停价排队·尾盘开缝成交,97100,1227534,2021-04-27,尾盘14:50,11.38,没涨停→尾盘兑现,-122883,1749.1,-124633,7347794,平淡期
2021-04-27,双鹭药业,10.58810109,挂涨停价排队·尾盘开缝成交,231300,2449028,2021-04-28,尾盘14:50,11.04,没涨停→尾盘兑现,105052,3752.3,101300,4730300,恐慌期
2021-04-27,太安退,3.89,挂涨停价排队·尾盘开缝成交,419700,1632633,2021-04-29,次日早盘9:30,4.5,又涨停→隔夜后早盘兑现,256017,2641.0,253376,5041456,恐慌期
2021-04-27,莎普爱思,7.7825328,挂涨停价排队·尾盘开缝成交,139800,1087998,2021-04-29,次日早盘9:30,8.95,又涨停→隔夜后早盘兑现,163755,1754.8,162000,6292271,恐慌期
2021-04-28,老板电器,30.7827531,挂涨停价排队·尾盘开缝成交,51200,1576077,2021-04-29,尾盘14:50,31.27,没涨停→尾盘兑现,24718,2382.7,22335,7891865,妖股期
2021-04-29,汉商集团,17.48466999,挂涨停价排队·尾盘开缝成交,150400,2629694,2021-04-30,尾盘14:50,16.44,没涨停→尾盘兑现,-157218,3826.6,-161045,4815800,恐慌期
2021-04-29,公牛集团,55.5453789,挂涨停价排队·尾盘开缝成交,31500,1749679,2021-04-30,尾盘14:50,55.88,没涨停→尾盘兑现,10514,2632.4,7882,6574673,恐慌期
2021-04-29,八方股份,98.92484552,挂涨停价排队·尾盘开缝成交,11800,1167313,2021-04-30,尾盘14:50,100.08,没涨停→尾盘兑现,13634,1761.2,11873,7754734,恐慌期
2021-04-30,仁和药业,7.8162889,挂涨停价排队·尾盘开缝成交,330700,2584847,2021-05-06,尾盘14:50,7.44,没涨停→尾盘兑现,-124844,3783.6,-128628,4756337,恐慌期
2021-04-30,中国国贸,10.6895405,挂涨停价排队·尾盘开缝成交,161200,1723154,2021-05-06,尾盘14:50,11.42,没涨停→尾盘兑现,117432,2672.8,114759,6595542,恐慌期
2021-04-30,神奇制药,4.72850532,挂涨停价排队·尾盘开缝成交,242900,1148554,2021-05-07,次日早盘9:30,5.59,又涨停→隔夜后早盘兑现,209233,1879.8,207353,4288288,恐慌期
2021-05-06,中南股份,4.9502781,挂涨停价排队·尾盘开缝成交,444100,2198419,2021-05-07,尾盘14:50,4.96,没涨停→尾盘兑现,4004,3300.6,704,6489059,妖股期
2021-05-06,嘉欣丝绸,5.77919485,挂涨停价排队·尾盘开缝成交,253600,1465604,2021-05-07,尾盘14:50,6.05,没涨停→尾盘兑现,67643,2249.1,65394,8021156,妖股期
2021-05-07,新集能源,3.6940262,挂涨停价排队·尾盘开缝成交,723700,2673367,2021-05-11,次日早盘9:30,4.05,又涨停→隔夜后早盘兑现,254296,4200.8,250095,5302479,妖股期
2021-05-10,北方铜业,6.8793675,挂涨停价排队·尾盘开缝成交,259100,1782444,2021-05-11,尾盘14:50,7.0,没涨停→尾盘兑现,30126,2696.3,27430,7113690,妖股期
2021-05-10,通化金马,4.71,挂涨停价排队·尾盘开缝成交,252300,1188333,2021-05-11,尾盘14:50,4.9,没涨停→尾盘兑现,47937,1818.5,46119,8349033,妖股期
2021-05-11,雷柏科技,11.32,挂涨停价排队·尾盘开缝成交,245800,2782456,2021-05-12,尾盘14:50,11.58,没涨停→尾盘兑现,63908,4221.6,59686,5319813,妖股期
2021-05-11,中源协和,22.09,挂涨停价排队·尾盘开缝成交,83900,1853351,2021-05-12,尾盘14:50,22.59,没涨停→尾盘兑现,41950,2811.5,39139,7213692,妖股期
2021-05-11,上海临港,15.60709122,挂涨停价排队·尾盘开缝成交,79300,1237642,2021-05-12,尾盘14:50,16.15,没涨停→尾盘兑现,43323,1889.0,41434,8493697,妖股期
2021-05-12,达安基因,17.26773005,挂涨停价排队·尾盘开缝成交,163900,2830181,2021-05-13,尾盘14:50,17.47,没涨停→尾盘兑现,32691,4269.8,28421,5378309,妖股期
2021-05-12,华北制药,10.5747572,挂涨停价排队·尾盘开缝成交,119000,1258396,2021-05-13,次日早盘9:30,10.66,又涨停→隔夜后早盘兑现,10438,1895.4,8543,6646192,妖股期
2021-05-12,赤天化,3.55,挂涨停价排队·尾盘开缝成交,531700,1887535,2021-05-14,次日早盘9:30,4.09,又涨停→隔夜后早盘兑现,287118,3046.6,284071,6605205,妖股期
2021-05-13,科华生物,17.7262536,挂涨停价排队·尾盘开缝成交,124900,2214009,2021-05-14,尾盘14:50,17.62,没涨停→尾盘兑现,-12784,3311.4,-16096,8804779,平淡期
2021-05-14,顺威股份,3.51993528,挂涨停价排队·尾盘开缝成交,833800,2934922,2021-05-17,尾盘14:50,3.42,没涨停→尾盘兑现,-82907,4340.2,-87248,5459865,妖股期
2021-05-14,金溢科技,19.24409979,挂涨停价排队·尾盘开缝成交,101600,1955201,2021-05-18,次日早盘9:30,21.48,又涨停→隔夜后早盘兑现,226815,3102.9,223712,5820729,妖股期
2021-05-14,伊戈尔,8.3955384,挂涨停价排队·尾盘开缝成交,155400,1304667,2021-05-18,次日早盘9:30,9.44,又涨停→隔夜后早盘兑现,161640,2078.2,159562,7285936,妖股期
2021-05-17,南京熊猫,7.05785526,挂涨停价排队·尾盘开缝成交,257800,1819515,2021-05-19,次日早盘9:30,7.64,又涨停→隔夜后早盘兑现,150986,2842.5,148144,6826657,恐慌期
2021-05-18,康恩贝,4.16447004,挂涨停价排队·尾盘开缝成交,583100,2428302,2021-05-19,尾盘14:50,4.02,没涨停→尾盘兑现,-83905,3579.5,-87484,9169297,妖股期
2021-05-19,国安股份,2.37,挂涨停价排队·尾盘开缝成交,1289600,3056352,2021-05-20,尾盘14:50,2.25,没涨停→尾盘兑现,-154752,4468.5,-159220,5617116,妖股期
2021-05-19,长园集团,5.93,挂涨停价排队·尾盘开缝成交,229000,1357970,2021-05-20,尾盘14:50,5.78,没涨停→尾盘兑现,-34350,2011.2,-36361,6939743,妖股期
2021-05-19,大东方,4.15348139,挂涨停价排队·尾盘开缝成交,490500,2037283,2021-05-21,次日早盘9:30,5.03,又涨停→隔夜后早盘兑现,428687,3377.4,425309,5549929,妖股期
2021-05-20,洪汇新材,13.8650072,挂涨停价排队·尾盘开缝成交,111200,1541789,2021-05-21,尾盘14:50,14.15,没涨停→尾盘兑现,32168,2336.8,29832,7122706,妖股期
2021-05-20,*ST特迅,14.85,挂涨停价排队·尾盘开缝成交,155700,2312145,2021-05-24,次日早盘9:30,16.32,又涨停→隔夜后早盘兑现,228879,3639.9,225239,5705572,妖股期
2021-05-21,摩恩电气,6.22243125,挂涨停价排队·尾盘开缝成交,254300,1582364,2021-05-24,尾盘14:50,6.16,没涨停→尾盘兑现,-15191,2362.2,-17553,7271570,妖股期
2021-05-21,美利云,5.28,挂涨停价排队·尾盘开缝成交,449600,2373888,2021-05-25,次日早盘9:30,5.69,又涨停→隔夜后早盘兑现,184336,3699.1,180637,5788500,妖股期
2021-05-24,锐明技术,39.4993725,挂涨停价排队·尾盘开缝成交,40900,1615524,2021-05-25,尾盘14:50,39.81,没涨停→尾盘兑现,12693,2432.8,10260,7415496,妖股期
2021-05-24,天原股份,5.62509008,挂涨停价排队·尾盘开缝成交,430900,2423851,2021-05-26,次日早盘9:30,6.8,又涨停→隔夜后早盘兑现,507974,4016.8,503957,6225957,妖股期
2021-05-25,丰原药业,5.711904,挂涨停价排队·尾盘开缝成交,432700,2471541,2021-05-26,尾盘14:50,5.82,没涨停→尾盘兑现,45769,3741.6,42028,8741380,妖股期
2021-05-25,ST金花,6.73324175,挂涨停价排队·尾盘开缝成交,244700,1647624,2021-05-26,尾盘14:50,6.6,没涨停→尾盘兑现,-33674,2446.2,-36120,10354119,妖股期
2021-05-26,*ST泛海,2.97,挂涨停价排队·尾盘开缝成交,1162000,3451140,2021-05-27,尾盘14:50,2.88,没涨停→尾盘兑现,-104580,5098.3,-109678,6412700,妖股期
2021-05-26,久其软件,5.21,挂涨停价排队·尾盘开缝成交,441600,2300736,2021-05-27,尾盘14:50,5.07,没涨停→尾盘兑现,-61824,3404.7,-65229,8649933,妖股期
2021-05-26,道恩股份,19.2662428,挂涨停价排队·尾盘开缝成交,79600,1533593,2021-05-27,尾盘14:50,18.97,没涨停→尾盘兑现,-23331,2282.9,-25613,10159063,妖股期
2021-05-27,天娱数科,4.1,挂涨停价排队·尾盘开缝成交,825900,3386190,2021-05-28,尾盘14:50,4.23,没涨停→尾盘兑现,107367,5159.8,102207,6503705,妖股期
2021-05-27,雅克科技,66.88452291,挂涨停价排队·尾盘开缝成交,33700,2254008,2021-05-28,尾盘14:50,64.9,没涨停→尾盘兑现,-66822,3330.9,-70153,8689251,妖股期
2021-05-27,万东医疗,14.66501084,挂涨停价排队·尾盘开缝成交,102700,1506097,2021-05-28,尾盘14:50,15.0,没涨停→尾盘兑现,34771,2285.2,32486,10228963,妖股期
2021-05-28,英力特,11.57878857,挂涨停价排队·尾盘开缝成交,294400,3408795,2021-05-31,尾盘14:50,11.41,没涨停→尾盘兑现,-49403,5076.1,-54479,6388338,妖股期
2021-05-28,ST鼎龙,3.92,挂涨停价排队·尾盘开缝成交,579900,2273208,2021-06-01,次日早盘9:30,4.7,又涨停→隔夜后早盘兑现,452322,3749.1,448573,6982424,妖股期
2021-05-28,小崧股份,12.3411591,挂涨停价排队·尾盘开缝成交,122800,1515494,2021-06-01,次日早盘9:30,13.43,又涨停→隔夜后早盘兑现,133643,2373.5,131270,8630325,妖股期
2021-05-31,必康退,5.25,挂涨停价排队·尾盘开缝成交,405600,2129400,2021-06-01,尾盘14:50,5.49,没涨停→尾盘兑现,97344,3267.1,94077,10855399,妖股期
2021-06-01,ST嘉应,7.22866144,挂涨停价排队·尾盘开缝成交,500500,3617945,2021-06-02,尾盘14:50,7.26,没涨停→尾盘兑现,14909,5438.1,9471,6847541,妖股期
2021-06-01,广誉远,23.46,挂涨停价排队·尾盘开缝成交,102800,2411688,2021-06-02,尾盘14:50,22.7,没涨停→尾盘兑现,-78128,3558.9,-81687,9179351,妖股期
2021-06-01,衢州东峰,5.153328,挂涨停价排队·尾盘开缝成交,312100,1608354,2021-06-02,尾盘14:50,5.04,没涨停→尾盘兑现,-35741,2385.7,-38127,10750784,妖股期
2021-06-02,润都股份,11.8645527,挂涨停价排队·尾盘开缝成交,302000,3583095,2021-06-03,尾盘14:50,11.5,没涨停→尾盘兑现,-110130,5292.0,-115422,10638050,妖股期
2021-06-03,科力远,4.29785873,挂涨停价排队·尾盘开缝成交,825000,3545733,2021-06-04,尾盘14:50,4.41,没涨停→尾盘兑现,90494,5386.5,85108,6786527,妖股期
2021-06-03,市北高新,6.21608832,挂涨停价排队·尾盘开缝成交,380300,2363978,2021-06-04,尾盘14:50,5.9,没涨停→尾盘兑现,-121230,3455.0,-124685,9027594,妖股期
2021-06-03,浦东金桥,11.36588017,挂涨停价排队·尾盘开缝成交,138600,1575311,2021-06-04,尾盘14:50,11.35,没涨停→尾盘兑现,-2205,2361.3,-4566,10599521,妖股期
2021-06-04,大港股份,7.57,挂涨停价排队·尾盘开缝成交,466700,3532919,2021-06-08,次日早盘9:30,8.53,又涨停→隔夜后早盘兑现,448032,5635.4,442397,7119423,平淡期
2021-06-04,安纳达,11.45449014,挂涨停价排队·尾盘开缝成交,205600,2355043,2021-06-08,次日早盘9:30,13.86,又涨停→隔夜后早盘兑现,494342,3903.3,490438,9966670,平淡期
2021-06-04,智光电气,8.96176336,挂涨停价排队·尾盘开缝成交,175200,1570101,2021-06-08,次日早盘9:30,10.46,又涨停→隔夜后早盘兑现,262765,2552.2,260213,11798162,平淡期
2021-06-08,海马汽车,6.42,挂涨停价排队·尾盘开缝成交,612500,3932250,2021-06-09,尾盘14:50,6.8,没涨停→尾盘兑现,232750,6072.9,226677,7658755,妖股期
2021-06-08,华胜天成,7.467375,挂涨停价排队·尾盘开缝成交,351100,2621795,2021-06-09,尾盘14:50,7.82,没涨停→尾盘兑现,122350,4024.5,118326,10400843,妖股期
2021-06-08,瑞斯康达,8.36799586,挂涨停价排队·尾盘开缝成交,208800,1747238,2021-06-09,尾盘14:50,8.46,没涨停→尾盘兑现,18414,2634.7,15779,12165169,妖股期
2021-06-09,协鑫集成,3.16,挂涨停价排队·尾盘开缝成交,1283200,4054912,2021-06-10,尾盘14:50,3.3,没涨停→尾盘兑现,179648,6217.1,173431,7836463,妖股期
2021-06-09,南方精工,9.90397238,挂涨停价排队·尾盘开缝成交,272900,2702794,2021-06-10,尾盘14:50,10.28,没涨停→尾盘兑现,102866,4131.3,98734,10640018,妖股期
2021-06-09,科力尔,4.59089298,挂涨停价排队·尾盘开缝成交,392600,1802385,2021-06-11,次日早盘9:30,5.55,又涨停→隔夜后早盘兑现,378428,2987.4,375441,6912533,妖股期
2021-06-10,奋达科技,4.9,挂涨停价排队·尾盘开缝成交,723800,3546620,2021-06-11,尾盘14:50,4.7,没涨停→尾盘兑现,-144760,5211.4,-149971,10311841,平淡期
2021-06-10,弘元绿能,78.40673242,挂涨停价排队·尾盘开缝成交,30100,2360043,2021-06-11,次日早盘9:30,78.49,又涨停→隔夜后早盘兑现,2433,3541.9,-1109,12672545,平淡期
2021-06-11,航锦科技,29.18687229,挂涨停价排队·尾盘开缝成交,144700,4223340,2021-06-15,尾盘14:50,28.68,没涨停→尾盘兑现,-73038,6280.2,-79319,12596393,妖股期
2021-06-15,湖北宜化,6.910564,挂涨停价排队·尾盘开缝成交,607500,4198168,2021-06-16,尾盘14:50,6.84,没涨停→尾盘兑现,-45386,6263.2,-51649,12547893,恐慌期
2021-06-16,天奥电子,11.1852327,挂涨停价排队·尾盘开缝成交,373900,4182159,2021-06-17,尾盘14:50,11.41,没涨停→尾盘兑现,84761,6336.8,78424,7982483,恐慌期
2021-06-16,东方通信,13.26611154,挂涨停价排队·尾盘开缝成交,210200,2788537,2021-06-17,尾盘14:50,13.52,没涨停→尾盘兑现,53232,4222.7,49009,10822121,恐慌期
2021-06-16,禾望电气,14.39530897,挂涨停价排队·尾盘开缝成交,129100,1858434,2021-06-17,尾盘14:50,14.2,没涨停→尾盘兑现,-25268,2768.7,-28036,12653912,恐慌期
2021-06-18,盛路通信,6.89,挂涨停价排队·尾盘开缝成交,612100,4217369,2021-06-21,次日早盘9:30,7.01,又涨停→隔夜后早盘兑现,73452,6381.1,67071,8037910,平淡期
2021-06-18,诺德股份,10.9083308,挂涨停价排队·尾盘开缝成交,257800,2812168,2021-06-21,尾盘14:50,11.45,没涨停→尾盘兑现,139091,4322.6,134768,10986955,平淡期
2021-06-18,海立股份,8.89026778,挂涨停价排队·尾盘开缝成交,210800,1874068,2021-06-21,尾盘14:50,9.2,没涨停→尾盘兑现,65613,2860.3,62753,12925182,平淡期
2021-06-21,东方锆业,6.64,挂涨停价排队·尾盘开缝成交,648800,4308032,2021-06-23,次日早盘9:30,7.42,又涨停→隔夜后早盘兑现,506064,6841.6,499222,8641183,妖股期
2021-06-21,福日电子,9.17280551,挂涨停价排队·尾盘开缝成交,313100,2872005,2021-06-23,次日早盘9:30,11.1,又涨停→隔夜后早盘兑现,603152,4760.4,598392,12113735,妖股期
2021-06-21,汉马科技,7.54610417,挂涨停价排队·尾盘开缝成交,253700,1914447,2021-06-23,次日早盘9:30,9.12,又涨停→隔夜后早盘兑现,400532,3172.1,397360,14426977,妖股期
2021-06-23,东山精密,19.00290375,挂涨停价排队·尾盘开缝成交,253000,4807735,2021-06-24,尾盘14:50,20.54,没涨停→尾盘兑现,387839,7502.5,380336,9470410,平淡期
2021-06-23,领益智造,8.80159006,挂涨停价排队·尾盘开缝成交,364200,3205539,2021-06-24,尾盘14:50,9.14,没涨停→尾盘兑现,123155,4900.7,118254,12796607,平淡期
2021-06-23,鹏鼎控股,30.36941828,挂涨停价排队·尾盘开缝成交,70300,2134970,2021-06-24,尾盘14:50,32.31,没涨停→尾盘兑现,136450,3304.8,133145,15066324,平淡期
2021-06-24,宝鹰股份,3.56,挂涨停价排队·尾盘开缝成交,1410700,5022092,2021-06-25,尾盘14:50,3.64,没涨停→尾盘兑现,112856,7617.8,105238,9595635,平淡期
2021-06-24,中利集团,5.82,挂涨停价排队·尾盘开缝成交,575200,3347664,2021-06-25,尾盘14:50,5.66,没涨停→尾盘兑现,-92032,4952.5,-96984,12848825,平淡期
2021-06-24,广田集团,2.82,挂涨停价排队·尾盘开缝成交,791500,2232030,2021-06-28,次日早盘9:30,3.13,又涨停→隔夜后早盘兑现,245365,3532.1,241833,8187125,平淡期
2021-06-25,利尔化学,16.64031798,挂涨停价排队·尾盘开缝成交,257300,4281554,2021-06-28,尾盘14:50,16.61,没涨停→尾盘兑现,-6654,6417.3,-13071,12458819,平淡期
2021-06-25,常青股份,16.05217995,挂涨停价排队·尾盘开缝成交,177900,2855683,2021-06-28,尾盘14:50,15.58,没涨停→尾盘兑现,-83530,4220.9,-87751,15228893,平淡期
2021-06-28,天邦食品,7.28,挂涨停价排队·尾盘开缝成交,697200,5075616,2021-06-29,尾盘14:50,7.07,没涨停→尾盘兑现,-146412,7503.6,-153916,9438301,平淡期
2021-06-28,正邦科技,12.28,挂涨停价排队·尾盘开缝成交,275600,3384368,2021-06-29,尾盘14:50,12.16,没涨停→尾盘兑现,-33072,5051.7,-38124,12787083,平淡期
2021-06-28,银河电子,4.45080974,挂涨停价排队·尾盘开缝成交,506900,2256115,2021-06-29,尾盘14:50,4.12,没涨停→尾盘兑现,-165676,3259.9,-168936,14875955,平淡期
2021-06-29,天奇股份,12.90466215,挂涨停价排队·尾盘开缝成交,384200,4957971,2021-06-30,尾盘14:50,11.97,没涨停→尾盘兑现,-360925,7166.3,-368091,9003754,平淡期
2021-06-29,达仁堂,21.43272713,挂涨停价排队·尾盘开缝成交,154200,3304927,2021-06-30,尾盘14:50,22.19,没涨停→尾盘兑现,116945,5045.1,111900,12423060,平淡期
2021-06-29,三美股份,17.41423992,挂涨停价排队·尾盘开缝成交,126500,2202901,2021-06-30,尾盘14:50,17.63,没涨停→尾盘兑现,27417,3324.9,24092,14651705,平淡期
2021-06-30,中南文化,2.76,挂涨停价排队·尾盘开缝成交,1769500,4883820,2021-07-01,尾盘14:50,2.66,没涨停→尾盘兑现,-176950,7193.0,-184143,9045043,妖股期
2021-06-30,双良节能,6.43388016,挂涨停价排队·尾盘开缝成交,506000,3255543,2021-07-01,尾盘14:50,5.85,没涨停→尾盘兑现,-293377,4663.3,-298041,12004987,妖股期
2021-06-30,中信重工,3.62983082,挂涨停价排队·尾盘开缝成交,598000,2170639,2021-07-01,尾盘14:50,3.69,没涨停→尾盘兑现,34823,3282.1,31541,14208795,妖股期
2021-07-01,*ST紫鑫,2.95,挂涨停价排队·尾盘开缝成交,1605500,4736225,2021-07-02,尾盘14:50,2.89,没涨停→尾盘兑现,-96330,7032.1,-103362,8847282,妖股期
2021-07-01,世嘉科技,11.89,挂涨停价排队·尾盘开缝成交,265500,3156795,2021-07-02,尾盘14:50,11.59,没涨停→尾盘兑现,-79650,4675.5,-84325,11922120,妖股期
2021-07-01,康缘药业,11.95291104,挂涨停价排队·尾盘开缝成交,176100,2104908,2021-07-02,尾盘14:50,11.46,没涨停→尾盘兑现,-86853,3092.2,-89945,13938661,妖股期
2021-07-02,合金投资,6.96,挂涨停价排队·尾盘开缝成交,667500,4645800,2021-07-05,尾盘14:50,7.39,没涨停→尾盘兑现,287025,7184.0,279841,11125236,恐慌期
2021-07-02,北矿科技,15.34563808,挂涨停价排队·尾盘开缝成交,201800,3096750,2021-07-05,尾盘14:50,15.95,没涨停→尾盘兑现,121826,4736.5,117090,14341399,恐慌期
2021-07-05,新亚强,14.99245904,挂涨停价排队·尾盘开缝成交,212600,3187397,2021-07-06,尾盘14:50,14.96,没涨停→尾盘兑现,-6314,4776.4,-11091,7429513,妖股期
2021-07-05,奥翔药业,12.0415652,挂涨停价排队·尾盘开缝成交,176500,2125336,2021-07-06,尾盘14:50,12.19,没涨停→尾盘兑现,26051,3207.5,22844,9579286,妖股期
2021-07-05,泛微网络,57.7035008,挂涨停价排队·尾盘开缝成交,82800,4777850,2021-07-07,次日早盘9:30,65.98,又涨停→隔夜后早盘兑现,685459,7680.9,677778,9717757,妖股期
2021-07-06,三友化工,9.84076318,挂涨停价排队·尾盘开缝成交,324400,3192344,2021-07-07,尾盘14:50,9.55,没涨停→尾盘兑现,-93979,4718.0,-98697,12813798,平淡期
2021-07-06,株冶集团,6.67,挂涨停价排队·尾盘开缝成交,319100,2128397,2021-07-07,尾盘14:50,6.56,没涨停→尾盘兑现,-35101,3166.3,-38267,14905524,平淡期
2021-07-07,宝武镁业,9.15749232,挂涨停价排队·尾盘开缝成交,542500,4967940,2021-07-08,尾盘14:50,9.21,没涨停→尾盘兑现,26526,7471.8,19054,9408140,平淡期
2021-07-07,三维化学,4.58306604,挂涨停价排队·尾盘开缝成交,722700,3312182,2021-07-08,尾盘14:50,4.43,没涨停→尾盘兑现,-108878,4886.6,-113765,12609042,平淡期
2021-07-07,ST司特,6.55771203,挂涨停价排队·尾盘开缝成交,336700,2207982,2021-07-08,尾盘14:50,6.61,没涨停→尾盘兑现,17409,3325.0,14083,14832763,平淡期
2021-07-08,航天电器,53.97655604,挂涨停价排队·尾盘开缝成交,61000,3292570,2021-07-09,尾盘14:50,56.8,没涨停→尾盘兑现,172320,5068.1,167252,7860450,平淡期
2021-07-08,创元科技,7.7204505,挂涨停价排队·尾盘开缝成交,640400,4944177,2021-07-12,次日早盘9:30,9.35,又涨停→隔夜后早盘兑现,1040879,8196.9,1032682,11221456,平淡期
2021-07-08,云图控股,9.2541384,挂涨停价排队·尾盘开缝成交,237500,2197858,2021-07-12,次日早盘9:30,10.18,又涨停→隔夜后早盘兑现,219786,3461.6,216324,13637286,平淡期
2021-07-09,深天马A,15.71422745,挂涨停价排队·尾盘开缝成交,166700,2619562,2021-07-12,尾盘14:50,15.56,没涨停→尾盘兑现,-26344,3909.6,-30253,16228559,平淡期
2021-07-12,ST兴化,5.5684377,挂涨停价排队·尾盘开缝成交,971400,5409180,2021-07-13,尾盘14:50,5.44,没涨停→尾盘兑现,-128353,8017.5,-136371,10086925,平淡期
2021-07-12,海得控制,12.45023304,挂涨停价排队·尾盘开缝成交,289600,3605587,2021-07-13,尾盘14:50,12.65,没涨停→尾盘兑现,58787,5452.5,53334,13748551,平淡期
2021-07-12,天融信,20.11491423,挂涨停价排队·尾盘开缝成交,119500,2403732,2021-07-13,尾盘14:50,20.95,没涨停→尾盘兑现,99612,3680.3,95932,16250018,平淡期
2021-07-13,三峡新材,3.85,挂涨停价排队·尾盘开缝成交,1406900,5416565,2021-07-14,尾盘14:50,4.02,没涨停→尾盘兑现,239173,8304.2,230869,16484949,平淡期
2021-07-14,秦川机床,8.21537122,挂涨停价排队·尾盘开缝成交,668800,5494440,2021-07-15,尾盘14:50,7.93,没涨停→尾盘兑现,-192904,8097.0,-201001,10184174,平淡期
2021-07-14,巨轮智能,2.05,挂涨停价排队·尾盘开缝成交,1787000,3663350,2021-07-15,尾盘14:50,1.97,没涨停→尾盘兑现,-142960,5387.8,-148348,13701923,平淡期
2021-07-14,海思科,22.14650928,挂涨停价排队·尾盘开缝成交,110200,2440545,2021-07-15,尾盘14:50,21.31,没涨停→尾盘兑现,-91837,3591.9,-95429,16048870,平淡期
2021-07-15,新能股份,3.21,挂涨停价排队·尾盘开缝成交,1666500,5349465,2021-07-16,尾盘14:50,2.96,没涨停→尾盘兑现,-416625,7711.7,-424337,12062937,恐慌期
2021-07-15,景津装备,15.8471472,挂涨停价排队·尾盘开缝成交,225000,3565608,2021-07-16,尾盘14:50,16.32,没涨停→尾盘兑现,105935,5427.9,100507,15731726,恐慌期
2021-07-16,万润股份,16.33665612,挂涨停价排队·尾盘开缝成交,320900,5242433,2021-07-19,尾盘14:50,17.42,没涨停→尾盘兑现,348305,8124.9,340180,12579496,平淡期
2021-07-16,昊华科技,26.38748761,挂涨停价排队·尾盘开缝成交,132500,3496342,2021-07-19,尾盘14:50,25.41,没涨停→尾盘兑现,-129401,5147.5,-134549,15943912,平淡期
2021-07-19,新金路,5.9,挂涨停价排队·尾盘开缝成交,900700,5314130,2021-07-20,尾盘14:50,5.64,没涨停→尾盘兑现,-234182,7795.6,-241978,9801634,妖股期
2021-07-19,鲁阳节能,13.99904646,挂涨停价排队·尾盘开缝成交,168700,2361639,2021-07-20,尾盘14:50,12.79,没涨停→尾盘兑现,-203590,3389.8,-206979,11958065,妖股期
2021-07-19,烽火电子,7.22104926,挂涨停价排队·尾盘开缝成交,490600,3542647,2021-07-21,次日早盘9:30,8.66,又涨停→隔夜后早盘兑现,705589,5843.2,699746,9560679,妖股期
2021-07-20,科士达,20.66961744,挂涨停价排队·尾盘开缝成交,192800,3985102,2021-07-21,尾盘14:50,21.03,没涨停→尾盘兑现,69085,6029.5,63055,13611825,平淡期
2021-07-20,杭萧钢构,3.89524146,挂涨停价排队·尾盘开缝成交,682200,2657334,2021-07-21,尾盘14:50,3.83,没涨停→尾盘兑现,-44079,3952.9,-48032,16223120,平淡期
2021-07-21,中锐股份,2.84,挂涨停价排队·尾盘开缝成交,1904100,5407644,2021-07-22,尾盘14:50,2.81,没涨停→尾盘兑现,-57123,8068.6,-65192,10155157,平淡期
2021-07-21,意华股份,19.87446042,挂涨停价排队·尾盘开缝成交,181300,3603240,2021-07-23,次日早盘9:30,24.04,又涨停→隔夜后早盘兑现,755575,5971.5,749604,11126571,平淡期
2021-07-21,东睦股份,9.2552474,挂涨停价排队·尾盘开缝成交,259700,2403588,2021-07-23,次日早盘9:30,10.28,又涨停→隔夜后早盘兑现,264885,3804.0,261081,13793043,平淡期
2021-07-22,中泰化学,12.0689429,挂涨停价排队·尾盘开缝成交,280400,3384132,2021-07-23,尾盘14:50,12.28,没涨停→尾盘兑现,59752,5121.0,54631,17234343,平淡期
2021-07-23,ST鸿达,4.94,挂涨停价排队·尾盘开缝成交,1162900,5744726,2021-07-26,尾盘14:50,4.89,没涨停→尾盘兑现,-58145,8573.5,-66718,10788994,平淡期
2021-07-23,芭田股份,4.23872425,挂涨停价排队·尾盘开缝成交,903500,3829687,2021-07-27,次日早盘9:30,4.77,又涨停→隔夜后早盘兑现,483750,6107.3,477643,11503225,平淡期
2021-07-23,*ST搜特,1.56,挂涨停价排队·尾盘开缝成交,1636700,2553252,2021-07-27,次日早盘9:30,1.73,又涨停→隔夜后早盘兑现,278239,4038.6,274200,14332592,平淡期
2021-07-26,兴森科技,13.35303248,挂涨停价排队·尾盘开缝成交,269300,3595972,2021-07-27,尾盘14:50,13.63,没涨停→尾盘兑现,73710,5449.2,68260,17999521,恐慌期
2021-07-27,沪电股份,12.43836352,挂涨停价排队·尾盘开缝成交,482300,5999023,2021-07-28,尾盘14:50,12.21,没涨停→尾盘兑现,-109738,8916.2,-118654,17885366,恐慌期
2021-07-28,*ST明德,24.52041312,挂涨停价排队·尾盘开缝成交,243100,5960912,2021-07-29,尾盘14:50,24.8,没涨停→尾盘兑现,67968,8992.3,58976,13974327,恐慌期
2021-07-28,正川股份,31.46860792,挂涨停价排队·尾盘开缝成交,126300,3974485,2021-07-29,尾盘14:50,31.85,没涨停→尾盘兑现,48556,5998.1,42558,17994351,恐慌期
2021-07-29,辉煌科技,6.98079928,挂涨停价排队·尾盘开缝成交,859200,5997903,2021-07-30,次日早盘9:30,7.07,又涨停→隔夜后早盘兑现,74150,9052.5,65097,11402712,平淡期
2021-07-29,乐凯胶片,6.8542668,挂涨停价排队·尾盘开缝成交,583400,3998779,2021-07-30,尾盘14:50,7.18,没涨停→尾盘兑现,191246,6141.6,185104,15589595,平淡期
2021-07-29,移远通信,52.00108967,挂涨停价排队·尾盘开缝成交,51200,2662456,2021-07-30,尾盘14:50,54.33,没涨停→尾盘兑现,119220,4083.1,115137,18369184,平淡期
2021-07-30,王子新材,12.36370888,挂涨停价排队·尾盘开缝成交,495200,6122509,2021-08-02,尾盘14:50,12.42,没涨停→尾盘兑现,28021,9204.8,18816,11589030,平淡期
2021-07-30,永泰能源,1.62962044,挂涨停价排队·尾盘开缝成交,2505000,4082199,2021-08-02,尾盘14:50,1.65,没涨停→尾盘兑现,49783,6160.6,43622,15717913,平淡期
2021-07-30,节能风电,3.36261354,挂涨停价排队·尾盘开缝成交,809300,2721363,2021-08-02,尾盘14:50,3.51,没涨停→尾盘兑现,117188,4169.9,113018,18554335,平淡期
2021-08-02,*ST中天,2.39,挂涨停价排队·尾盘开缝成交,2587700,6184603,2021-08-03,尾盘14:50,2.34,没涨停→尾盘兑现,-129385,9179.9,-138565,11549517,平淡期
2021-08-02,工智退,6.39,挂涨停价排队·尾盘开缝成交,645200,4122828,2021-08-03,尾盘14:50,6.52,没涨停→尾盘兑现,83876,6247.1,77629,15753066,平淡期
2021-08-02,上峰材料,11.27179495,挂涨停价排队·尾盘开缝成交,243800,2748064,2021-08-03,尾盘14:50,11.36,没涨停→尾盘兑现,20904,4137.8,16766,18519957,平淡期
2021-08-03,中大力德,13.24051575,挂涨停价排队·尾盘开缝成交,466200,6172728,2021-08-04,尾盘14:50,12.96,没涨停→尾盘兑现,-131563,9160.4,-140724,11529657,恐慌期
2021-08-03,基蛋生物,13.664937,挂涨停价排队·尾盘开缝成交,301100,4114513,2021-08-04,尾盘14:50,14.45,没涨停→尾盘兑现,237855,6350.2,231505,15878760,恐慌期
2021-08-03,安图生物,61.5661497,挂涨停价排队·尾盘开缝成交,44500,2739694,2021-08-04,尾盘14:50,59.88,没涨停→尾盘兑现,-75152,4053.2,-79205,18541304,恐慌期
2021-08-04,兆威机电,51.5143838,挂涨停价排队·尾盘开缝成交,119900,6176575,2021-08-05,尾盘14:50,52.42,没涨停→尾盘兑现,108949,9346.6,99603,14524880,平淡期
2021-08-04,大丰实业,11.5618932,挂涨停价排队·尾盘开缝成交,356400,4120659,2021-08-05,尾盘14:50,11.95,没涨停→尾盘兑现,139166,6285.4,132880,18781509,平淡期
2021-08-05,联创电子,20.24809956,挂涨停价排队·尾盘开缝成交,309100,6258688,2021-08-06,尾盘14:50,20.32,没涨停→尾盘兑现,21603,9404.2,12199,11841944,平淡期
2021-08-05,兆驰股份,6.21889456,挂涨停价排队·尾盘开缝成交,671200,4174122,2021-08-06,尾盘14:50,5.9,没涨停→尾盘兑现,-212774,6101.6,-218875,15800321,平淡期
2021-08-05,电光科技,11.04978556,挂涨停价排队·尾盘开缝成交,251800,2782336,2021-08-06,尾盘14:50,11.18,没涨停→尾盘兑现,33407,4198.6,29209,18613953,平淡期
2021-08-06,锌业股份,3.7930752,挂涨停价排队·尾盘开缝成交,1635700,6204333,2021-08-09,尾盘14:50,3.81,没涨停→尾盘兑现,32314,9330.7,22983,11747792,平淡期
2021-08-06,中科三环,11.0566998,挂涨停价排队·尾盘开缝成交,374100,4136311,2021-08-09,尾盘14:50,10.86,没涨停→尾盘兑现,-73624,6149.2,-79773,15807433,平淡期
2021-08-06,天汽模,4.30453644,挂涨停价排队·尾盘开缝成交,640600,2757486,2021-08-09,尾盘14:50,4.5,没涨停→尾盘兑现,126490,4231.1,122259,18689246,平淡期
2021-08-09,山东威达,14.04398065,挂涨停价排队·尾盘开缝成交,443500,6228505,2021-08-10,尾盘14:50,14.22,没涨停→尾盘兑现,75906,9399.7,66506,11838270,妖股期
2021-08-09,华昌化工,9.73744695,挂涨停价排队·尾盘开缝成交,426500,4153021,2021-08-10,尾盘14:50,10.28,没涨停→尾盘兑现,230124,6402.1,223722,16218128,妖股期
2021-08-09,金字火腿,5.05870024,挂涨停价排队·尾盘开缝成交,547400,2769133,2021-08-10,尾盘14:50,5.11,没涨停→尾盘兑现,26781,4173.8,22607,19011944,妖股期
2021-08-10,甘化科工,11.54,挂涨停价排队·尾盘开缝成交,549100,6336614,2021-08-11,尾盘14:50,11.93,没涨停→尾盘兑现,214149,9665.5,204483,12179997,平淡期
2021-08-10,凯盛科技,9.8823368,挂涨停价排队·尾盘开缝成交,427500,4224699,2021-08-11,尾盘14:50,8.97,没涨停→尾盘兑现,-390100,6044.5,-396144,16011720,平淡期
2021-08-10,威龙股份,11.11477416,挂涨停价排队·尾盘开缝成交,253400,2816484,2021-08-11,尾盘14:50,11.49,没涨停→尾盘兑现,96160,4296.8,91863,18922180,平淡期
2021-08-11,隆基机械,4.96867764,挂涨停价排队·尾盘开缝成交,1269400,6307239,2021-08-12,尾盘14:50,4.83,没涨停→尾盘兑现,-172643,9331.4,-181975,11736762,平淡期
2021-08-11,新筑股份,5.09,挂涨停价排队·尾盘开缝成交,826100,4204849,2021-08-12,尾盘14:50,4.91,没涨停→尾盘兑现,-148698,6195.8,-154894,15789870,平淡期
2021-08-11,汉缆股份,4.04636975,挂涨停价排队·尾盘开缝成交,692800,2803325,2021-08-12,尾盘14:50,4.13,没涨停→尾盘兑现,59365,4249.5,55115,18650413,平淡期
2021-08-12,安凯客车,4.76,挂涨停价排队·尾盘开缝成交,1306000,6216560,2021-08-13,尾盘14:50,4.55,没涨停→尾盘兑现,-274260,9119.1,-283379,11465110,平淡期
2021-08-12,北京科锐,6.73702442,挂涨停价排队·尾盘开缝成交,615200,4144617,2021-08-13,尾盘14:50,6.65,没涨停→尾盘兑现,-54936,6175.7,-61112,15551724,平淡期
2021-08-12,赞宇科技,17.4808158,挂涨停价排队·尾盘开缝成交,158000,2761969,2021-08-13,尾盘14:50,17.64,没涨停→尾盘兑现,25394,4162.0,21232,18336996,平淡期
2021-08-13,东方铁塔,8.15861382,挂涨停价排队·尾盘开缝成交,749100,6111618,2021-08-16,尾盘14:50,7.75,没涨停→尾盘兑现,-303683,8939.7,-312623,13953900,平淡期
2021-08-13,铁流股份,12.326248,挂涨停价排队·尾盘开缝成交,330600,4075058,2021-08-16,尾盘14:50,11.09,没涨停→尾盘兑现,-407506,5807.0,-413313,17618701,平淡期
2021-08-16,ST爱康,2.57,挂涨停价排队·尾盘开缝成交,2285100,5872707,2021-08-17,尾盘14:50,2.43,没涨停→尾盘兑现,-319914,8569.1,-328483,10770395,妖股期
2021-08-16,波导股份,4.15,挂涨停价排队·尾盘开缝成交,629000,2610350,2021-08-17,尾盘14:50,4.28,没涨停→尾盘兑现,81770,3976.9,77793,13460496,妖股期
2021-08-16,宇新股份,17.44929802,挂涨停价排队·尾盘开缝成交,224300,3913878,2021-08-18,次日早盘9:30,20.19,又涨停→隔夜后早盘兑现,615362,6332.3,609030,13499602,妖股期
2021-08-17,雪峰科技,5.73091945,挂涨停价排队·尾盘开缝成交,782900,4486737,2021-08-18,尾盘14:50,5.66,没涨停→尾盘兑现,-56526,6687.7,-63214,17926490,恐慌期
2021-08-18,佳电股份,6.28836312,挂涨停价排队·尾盘开缝成交,633500,3983678,2021-08-19,尾盘14:50,5.89,没涨停→尾盘兑现,-251178,5787.1,-256965,9041532,平淡期
2021-08-18,誉衡药业,2.75,挂涨停价排队·尾盘开缝成交,965700,2655675,2021-08-19,尾盘14:50,2.76,没涨停→尾盘兑现,9657,3990.8,5666,11704865,平淡期
2021-08-18,ST富通,2.51,挂涨停价排队·尾盘开缝成交,2380600,5975306,2021-08-20,次日早盘9:30,2.61,又涨停→隔夜后早盘兑现,238060,9141.5,228918,11411411,平淡期
2021-08-19,梦洁股份,4.73,挂涨停价排队·尾盘开缝成交,824800,3901304,2021-08-20,尾盘14:50,4.64,没涨停→尾盘兑现,-74232,5796.3,-80028,15235612,平淡期
2021-08-19,京北方,5.9639,挂涨停价排队·尾盘开缝成交,436100,2600857,2021-08-20,尾盘14:50,5.81,没涨停→尾盘兑现,-68753,3849.7,-72603,17765817,平淡期
2021-08-20,新疆天业,8.2097676,挂涨停价排队·尾盘开缝成交,480800,3947256,2021-08-23,尾盘14:50,8.41,没涨停→尾盘兑现,96837,5993.5,90843,9305599,平淡期
2021-08-20,振华重工,3.5944656,挂涨停价排队·尾盘开缝成交,732300,2632227,2021-08-23,尾盘14:50,3.64,没涨停→尾盘兑现,34635,3974.3,30660,11970460,平淡期
2021-08-20,华东数控,7.37,挂涨停价排队·尾盘开缝成交,803500,5921795,2021-08-24,次日早盘9:30,8.92,又涨停→隔夜后早盘兑现,1245425,9816.8,1235608,12482675,平淡期
2021-08-23,深南电A,7.82728995,挂涨停价排队·尾盘开缝成交,509700,3989570,2021-08-24,尾盘14:50,7.9,没涨停→尾盘兑现,35576,6011.0,29565,16504802,妖股期
2021-08-23,罗平锌电,8.45,挂涨停价排队·尾盘开缝成交,314800,2660060,2021-08-24,尾盘14:50,8.47,没涨停→尾盘兑现,6296,3994.8,2301,19169158,妖股期
2021-08-24,云南铜业,13.33283511,挂涨停价排队·尾盘开缝成交,479200,6389095,2021-08-25,尾盘14:50,14.16,没涨停→尾盘兑现,394230,9879.3,384351,12459061,妖股期
2021-08-24,川润股份,6.65757858,挂涨停价排队·尾盘开缝成交,639800,4259519,2021-08-25,尾盘14:50,6.04,没涨停→尾盘兑现,-394052,6093.7,-400146,16321629,妖股期
2021-08-24,长春燃气,5.59,挂涨停价排队·尾盘开缝成交,508000,2839720,2021-08-25,尾盘14:50,5.52,没涨停→尾盘兑现,-35560,4232.9,-39793,19123686,妖股期
2021-08-25,中船科技,12.91421122,挂涨停价排队·尾盘开缝成交,493600,6374455,2021-08-26,尾盘14:50,12.94,没涨停→尾盘兑现,14643,9572.7,5070,14884466,妖股期
2021-08-25,*ST沐邦,10.1,挂涨停价排队·尾盘开缝成交,420700,4249070,2021-08-26,尾盘14:50,10.23,没涨停→尾盘兑现,54691,6414.6,48276,19185000,妖股期
2021-08-27,英力特,14.72,挂涨停价排队·尾盘开缝成交,434400,6394368,2021-08-30,尾盘14:50,14.57,没涨停→尾盘兑现,-65160,9542.7,-74703,12009360,平淡期
2021-08-27,中钢天源,8.46433896,挂涨停价排队·尾盘开缝成交,503700,4263488,2021-08-30,尾盘14:50,8.47,没涨停→尾盘兑现,4614,6398.7,-1785,16274261,平淡期
2021-08-27,渤海汽车,4.41,挂涨停价排队·尾盘开缝成交,644500,2842245,2021-08-30,尾盘14:50,4.29,没涨停→尾盘兑现,-77340,4205.4,-81545,19037092,平淡期
2021-08-30,软控股份,5.7892208,挂涨停价排队·尾盘开缝成交,1096100,6345565,2021-08-31,尾盘14:50,5.7,没涨停→尾盘兑现,-94397,9447.5,-103844,11887862,平淡期
2021-08-30,楚江新材,12.21159646,挂涨停价排队·尾盘开缝成交,346400,4230097,2021-08-31,尾盘14:50,12.8,没涨停→尾盘兑现,202488,6497.0,195991,16317122,平淡期
2021-08-30,东晶电子,8.72,挂涨停价排队·尾盘开缝成交,323400,2820048,2021-08-31,尾盘14:50,8.43,没涨停→尾盘兑现,-93786,4159.7,-97946,19041340,平淡期
2021-08-31,帝欧水华,13.68191844,挂涨停价排队·尾盘开缝成交,309200,4230449,2021-09-01,尾盘14:50,14.05,没涨停→尾盘兑现,114991,6431.9,108559,9986160,恐慌期
2021-08-31,山东药玻,31.16390145,挂涨停价排队·尾盘开缝成交,90500,2820333,2021-09-01,尾盘14:50,33.48,没涨停→尾盘兑现,209928,4387.9,205540,13014149,恐慌期
2021-08-31,合肥城建,8.83801381,挂涨停价排队·尾盘开缝成交,718100,6346578,2021-09-02,次日早盘9:30,9.73,又涨停→隔夜后早盘兑现,642254,10001.6,632253,12769928,恐慌期
2021-09-01,视觉中国,13.83998784,挂涨停价排队·尾盘开缝成交,313400,4337452,2021-09-02,尾盘14:50,14.19,没涨停→尾盘兑现,109060,6588.0,102472,17213105,恐慌期
2021-09-01,杰瑞股份,38.031034,挂涨停价排队·尾盘开缝成交,76000,2890359,2021-09-02,尾盘14:50,37.32,没涨停→尾盘兑现,-54172,4294.9,-58467,20047165,恐慌期
2021-09-02,思源电气,33.5652559,挂涨停价排队·尾盘开缝成交,132700,4454109,2021-09-03,尾盘14:50,34.74,没涨停→尾盘兑现,155991,6798.2,149192,10547785,平淡期
2021-09-02,长高电气,6.0918473,挂涨停价排队·尾盘开缝成交,487500,2969776,2021-09-03,尾盘14:50,6.09,没涨停→尾盘兑现,0,4454.7,-4455,13515334,平淡期
2021-09-02,甘肃能源,4.60075489,挂涨停价排队·尾盘开缝成交,1452400,6682136,2021-09-06,次日早盘9:30,5.12,又涨停→隔夜后早盘兑现,757220,10591.1,746629,13441342,平淡期
2021-09-03,石基信息,10.62201183,挂涨停价排队·尾盘开缝成交,424100,4504795,2021-09-06,尾盘14:50,10.46,没涨停→尾盘兑现,-69554,6705.0,-76259,17873257,恐慌期
2021-09-03,摩恩电气,7.70585886,挂涨停价排队·尾盘开缝成交,389700,3002973,2021-09-06,尾盘14:50,7.5,没涨停→尾盘兑现,-81476,4443.4,-85919,20792563,恐慌期
2021-09-06,黔源电力,11.0932764,挂涨停价排队·尾盘开缝成交,624700,6929970,2021-09-07,尾盘14:50,11.68,没涨停→尾盘兑现,368000,10671.0,357329,13454791,平淡期
2021-09-06,云南能投,9.50795835,挂涨停价排队·尾盘开缝成交,485900,4619917,2021-09-07,尾盘14:50,10.0,没涨停→尾盘兑现,238093,7108.4,230984,18309157,平淡期
2021-09-06,上海电力,7.8182273,挂涨停价排队·尾盘开缝成交,394000,3080382,2021-09-07,尾盘14:50,8.22,没涨停→尾盘兑现,156753,4738.1,152015,21543864,平淡期
2021-09-07,ST沈化,7.41,挂涨停价排队·尾盘开缝成交,969100,7181031,2021-09-08,次日早盘9:30,7.49,又涨停→隔夜后早盘兑现,77528,10829.7,66698,13637932,主线期
2021-09-07,红宝丽,5.1664578,挂涨停价排队·尾盘开缝成交,926600,4787240,2021-09-08,尾盘14:50,5.28,没涨停→尾盘兑现,103882,7258.8,96623,18525385,主线期
2021-09-07,大立科技,24.37567876,挂涨停价排队·尾盘开缝成交,130900,3190776,2021-09-08,尾盘14:50,24.19,没涨停→尾盘兑现,-24505,4767.8,-29273,21689282,主线期
2021-09-08,易尚退,20.87,挂涨停价排队·尾盘开缝成交,346400,7229368,2021-09-09,尾盘14:50,19.68,没涨停→尾盘兑现,-412216,10534.9,-422751,13239144,主线期
2021-09-08,高争民爆,10.84018912,挂涨停价排队·尾盘开缝成交,444600,4819548,2021-09-09,尾盘14:50,10.44,没涨停→尾盘兑现,-178188,7095.7,-185283,17877024,主线期
2021-09-08,莲花控股,3.87,挂涨停价排队·尾盘开缝成交,830300,3213261,2021-09-09,尾盘14:50,4.03,没涨停→尾盘兑现,132848,4919.5,127928,21220623,主线期
2021-09-09,中南股份,6.1189365,挂涨停价排队·尾盘开缝成交,1156000,7073491,2021-09-10,尾盘14:50,6.11,没涨停→尾盘兑现,-10832,10602.1,-21434,13345744,平淡期
2021-09-09,黑猫股份,9.23758594,挂涨停价排队·尾盘开缝成交,510400,4714864,2021-09-10,尾盘14:50,8.88,没涨停→尾盘兑现,-184408,6934.0,-191342,17872802,平淡期
2021-09-09,三钢闽光,10.12197634,挂涨停价排队·尾盘开缝成交,310600,3143886,2021-09-10,尾盘14:50,9.61,没涨停→尾盘兑现,-158012,4597.3,-162609,20856437,平淡期
2021-09-10,大连电瓷,8.60266752,挂涨停价排队·尾盘开缝成交,808100,6951816,2021-09-14,次日早盘9:30,9.79,又涨停→隔夜后早盘兑现,956962,11145.4,945817,14082771,妖股期
2021-09-10,宁波精达,4.46602563,挂涨停价排队·尾盘开缝成交,1037800,4634841,2021-09-14,次日早盘9:30,5.01,又涨停→隔夜后早盘兑现,567132,7377.6,559755,19280844,妖股期
2021-09-10,白云电器,10.1506403,挂涨停价排队·尾盘开缝成交,304400,3089855,2021-09-14,次日早盘9:30,11.13,又涨停→隔夜后早盘兑现,298735,4858.8,293876,22666892,妖股期
2021-09-14,道明光学,6.60674055,挂涨停价排队·尾盘开缝成交,1143600,7555468,2021-09-15,尾盘14:50,6.78,没涨停→尾盘兑现,202121,11484.8,190636,17827815,平淡期
2021-09-14,退市未来,18.93,挂涨停价排队·尾盘开缝成交,266000,5035380,2021-09-15,尾盘14:50,19.3,没涨停→尾盘兑现,98420,7626.9,90793,22957764,平淡期
2021-09-15,ST旭电,2.45,挂涨停价排队·尾盘开缝成交,3123500,7652575,2021-09-16,尾盘14:50,2.46,没涨停→尾盘兑现,31235,11502.3,19733,14480663,主线期
2021-09-15,保利联合,7.77559695,挂涨停价排队·尾盘开缝成交,656100,5101569,2021-09-16,尾盘14:50,7.54,没涨停→尾盘兑现,-156770,7534.8,-164305,19421753,主线期
2021-09-15,山东矿机,2.38365886,挂涨停价排队·尾盘开缝成交,1426800,3401004,2021-09-16,尾盘14:50,2.37,没涨停→尾盘兑现,-14054,5091.0,-19145,22806164,主线期
2021-09-16,安迪苏,11.72461528,挂涨停价排队·尾盘开缝成交,648300,7601068,2021-09-17,尾盘14:50,11.52,没涨停→尾盘兑现,-131984,11302.6,-143286,14224320,恐慌期
2021-09-16,丸美生物,34.07191717,挂涨停价排队·尾盘开缝成交,99100,3376527,2021-09-17,尾盘14:50,36.28,没涨停→尾盘兑现,218378,5228.6,213149,17816528,恐慌期
2021-09-16,圣达生物,16.40573352,挂涨停价排队·尾盘开缝成交,308900,5067731,2021-09-22,次日早盘9:30,19.39,又涨停→隔夜后早盘兑现,922495,8293.5,914201,23802262,恐慌期
2021-09-22,惠天热电,3.91,挂涨停价排队·尾盘开缝成交,2029100,7933781,2021-09-23,尾盘14:50,4.05,没涨停→尾盘兑现,284074,12113.7,271960,15264963,主线期
2021-09-22,湖北能源,5.11529706,挂涨停价排队·尾盘开缝成交,1034000,5289217,2021-09-23,尾盘14:50,5.19,没涨停→尾盘兑现,73846,7989.2,65857,20624004,主线期
2021-09-22,电投能源,14.92799176,挂涨停价排队·尾盘开缝成交,236200,3525992,2021-09-23,尾盘14:50,14.58,没涨停→尾盘兑现,-82091,5227.4,-87318,24065322,主线期
2021-09-23,*ST宜康,3.21,挂涨停价排队·尾盘开缝成交,2498900,8021469,2021-09-24,尾盘14:50,3.38,没涨停→尾盘兑现,424813,12350.8,412462,15571313,主线期
2021-09-23,ST晨鸣,8.84,挂涨停价排队·尾盘开缝成交,604900,5347316,2021-09-24,尾盘14:50,8.79,没涨停→尾盘兑现,-30245,7998.3,-38243,20884396,主线期
2021-09-23,景兴纸业,4.6349082,挂涨停价排队·尾盘开缝成交,769200,3565171,2021-09-24,尾盘14:50,4.38,没涨停→尾盘兑现,-198065,5199.2,-203264,24248977,主线期
2021-09-27,顺鑫农业,35.6570895,挂涨停价排队·尾盘开缝成交,226600,8079896,2021-09-28,尾盘14:50,35.84,没涨停→尾盘兑现,40366,12150.1,28216,15301179,恐慌期
2021-09-27,天佑德酒,21.63341949,挂涨停价排队·尾盘开缝成交,249100,5388885,2021-09-28,尾盘14:50,21.02,没涨停→尾盘兑现,-153135,7968.5,-161103,20533002,恐慌期
2021-09-27,明星电力,5.90985115,挂涨停价排队·尾盘开缝成交,608000,3593189,2021-09-28,尾盘14:50,5.84,没涨停→尾盘兑现,-44636,5356.3,-49992,24078894,恐慌期
2021-09-28,和展能源,2.88,挂涨停价排队·尾盘开缝成交,2786900,8026272,2021-09-29,尾盘14:50,2.9,没涨停→尾盘兑现,55738,12081.2,43657,15210538,主线期
2021-09-28,惠博普,3.45504416,挂涨停价排队·尾盘开缝成交,1548700,5350827,2021-09-29,尾盘14:50,3.27,没涨停→尾盘兑现,-291306,7807.8,-299114,20266264,主线期
2021-09-28,中远海能,6.21356162,挂涨停价排队·尾盘开缝成交,574100,3567206,2021-09-29,尾盘14:50,6.37,没涨停→尾盘兑现,88400,5417.1,82983,23919129,主线期
2021-09-29,顺钠股份,3.58,挂涨停价排队·尾盘开缝成交,2227100,7973018,2021-09-30,尾盘14:50,3.5,没涨停→尾盘兑现,-178168,11825.9,-189994,14876675,恐慌期
2021-09-29,积成电子,7.51838976,挂涨停价排队·尾盘开缝成交,706900,5314750,2021-09-30,尾盘14:50,7.51,没涨停→尾盘兑现,-7012,7966.9,-14978,20180433,恐慌期
2021-09-29,广电电气,3.65291136,挂涨停价排队·尾盘开缝成交,970100,3543689,2021-09-30,尾盘14:50,3.68,没涨停→尾盘兑现,27400,5336.1,22064,23748843,恐慌期
2021-09-30,西昌电力,8.7916158,挂涨停价排队·尾盘开缝成交,900400,7915971,2021-10-08,尾盘14:50,8.21,没涨停→尾盘兑现,-524767,11480.4,-536247,17941233,平淡期
2021-09-30,宝胜股份,4.9,挂涨停价排队·尾盘开缝成交,1077000,5277300,2021-10-08,尾盘14:50,4.9,没涨停→尾盘兑现,0,7915.9,-7916,23214576,平淡期
2021-10-08,岳阳兴长,7.8292764,挂涨停价排队·尾盘开缝成交,988300,7737674,2021-10-11,尾盘14:50,8.01,没涨停→尾盘兑现,175856,11738.4,164118,14786493,妖股期
2021-10-08,中嘉博创,3.33,挂涨停价排队·尾盘开缝成交,1549200,5158836,2021-10-11,尾盘14:50,3.34,没涨停→尾盘兑现,15492,7749.9,7742,19956940,妖股期
2021-10-08,鹏都农牧,2.72,挂涨停价排队·尾盘开缝成交,1264400,3439168,2021-10-12,次日早盘9:30,3.0,又涨停→隔夜后早盘兑现,354032,5424.3,348608,12661373,妖股期
2021-10-11,永鼎股份,4.16838725,挂涨停价排队·尾盘开缝成交,1595800,6651912,2021-10-12,尾盘14:50,4.11,没涨停→尾盘兑现,-93909,9907.4,-103817,19214458,恐慌期
2021-10-11,亨通光电,14.3124894,挂涨停价排队·尾盘开缝成交,309800,4434009,2021-10-12,尾盘14:50,14.17,没涨停→尾盘兑现,-44788,6617.4,-51405,23600387,恐慌期
2021-10-13,三维化学,5.05088766,挂涨停价排队·尾盘开缝成交,1557500,7866758,2021-10-14,尾盘14:50,4.89,没涨停→尾盘兑现,-246994,11614.9,-258609,23347678,恐慌期
2021-10-14,盾安环境,6.59608398,挂涨停价排队·尾盘开缝成交,1179800,7782060,2021-10-15,尾盘14:50,6.44,没涨停→尾盘兑现,-186956,11532.9,-198489,14508874,妖股期
2021-10-14,新泉股份,19.69417164,挂涨停价排队·尾盘开缝成交,263400,5187445,2021-10-15,尾盘14:50,21.02,没涨停→尾盘兑现,348806,8042.8,340763,20040973,妖股期
2021-10-14,华达科技,18.3194199,挂涨停价排队·尾盘开缝成交,188800,3458706,2021-10-15,尾盘14:50,19.23,没涨停→尾盘兑现,172495,5317.4,167178,23669452,妖股期
2021-10-18,ST同德,9.19960712,挂涨停价排队·尾盘开缝成交,857600,7889583,2021-10-19,尾盘14:50,9.86,没涨停→尾盘兑现,569436,12261.5,557175,15467538,平淡期
2021-10-18,电科芯片,16.28,挂涨停价排队·尾盘开缝成交,323000,5258440,2021-10-19,尾盘14:50,16.48,没涨停→尾盘兑现,64600,7936.1,56664,20786586,平淡期
2021-10-18,四创电子,24.95776374,挂涨停价排队·尾盘开缝成交,140500,3506566,2021-10-19,尾盘14:50,26.67,没涨停→尾盘兑现,240840,5440.5,235400,24531181,平淡期
2021-10-19,正邦科技,10.35,挂涨停价排队·尾盘开缝成交,790000,8176500,2021-10-20,次日早盘9:30,10.35,又涨停→隔夜后早盘兑现,0,12264.8,-12265,15439824,妖股期
2021-10-19,民和股份,17.02,挂涨停价排队·尾盘开缝成交,320300,5451506,2021-10-20,尾盘14:50,17.56,没涨停→尾盘兑现,172962,8307.0,164655,21060074,妖股期
2021-10-19,益生股份,8.14552485,挂涨停价排队·尾盘开缝成交,446100,3633719,2021-10-20,尾盘14:50,8.21,没涨停→尾盘兑现,28763,5472.2,23291,24719808,妖股期
2021-10-20,物产金轮,15.32463361,挂涨停价排队·尾盘开缝成交,537600,8238523,2021-10-21,尾盘14:50,14.79,没涨停→尾盘兑现,-286514,12142.9,-298657,24427331,平淡期
2021-10-21,德赛电池,33.5566825,挂涨停价排队·尾盘开缝成交,242600,8140851,2021-10-22,尾盘14:50,32.91,没涨停→尾盘兑现,-157111,12093.4,-169205,18835428,平淡期
2021-10-21,*ST民控,3.84912296,挂涨停价排队·尾盘开缝成交,1410400,5428803,2021-10-25,次日早盘9:30,4.38,又涨停→隔夜后早盘兑现,755555,8709.9,746845,14554762,平淡期
2021-10-22,苏泊尔,38.18361734,挂涨停价排队·尾盘开缝成交,164400,6277387,2021-10-25,次日早盘9:30,38.18,又涨停→隔夜后早盘兑现,0,9416.1,-9416,20827440,平淡期
2021-10-22,中国软件,31.2864606,挂涨停价排队·尾盘开缝成交,133700,4183000,2021-10-25,尾盘14:50,31.93,没涨停→尾盘兑现,86109,6339.1,79770,25093347,平淡期
2021-10-25,集泰股份,5.89077104,挂涨停价排队·尾盘开缝成交,1419900,8364306,2021-10-26,尾盘14:50,6.16,没涨停→尾盘兑现,380196,12831.6,367364,16174103,平淡期
2021-10-25,青鸟智控,9.91560552,挂涨停价排队·尾盘开缝成交,562300,5575545,2021-10-26,尾盘14:50,10.2,没涨停→尾盘兑现,159188,8482.7,150705,21904535,平淡期
2021-10-25,郴电国际,7.33926258,挂涨停价排队·尾盘开缝成交,506500,3717336,2021-10-26,次日早盘9:30,7.48,又涨停→隔夜后早盘兑现,69022,5627.8,63394,25688054,平淡期
2021-10-26,东山精密,20.65741704,挂涨停价排队·尾盘开缝成交,414500,8562499,2021-10-27,尾盘14:50,20.25,没涨停→尾盘兑现,-168680,12717.2,-181397,25513079,平淡期
2021-10-27,湖南发展,7.49200382,挂涨停价排队·尾盘开缝成交,1135100,8504174,2021-10-28,尾盘14:50,7.48,没涨停→尾盘兑现,-11146,12747.9,-23894,25495563,平淡期
2021-10-28,广州酒家,19.43929194,挂涨停价排队·尾盘开缝成交,437100,8496915,2021-10-29,尾盘14:50,20.1,没涨停→尾盘兑现,289799,12962.7,276837,25778772,恐慌期
2021-10-29,凯撒文化,7.07,挂涨停价排队·尾盘开缝成交,1215400,8592878,2021-11-01,尾盘14:50,7.35,没涨停→尾盘兑现,340312,13144.6,327167,16565134,妖股期
2021-10-29,微光股份,16.1130112,挂涨停价排队·尾盘开缝成交,355500,5728175,2021-11-01,尾盘14:50,17.31,没涨停→尾盘兑现,426359,8912.0,417446,22715052,妖股期
2021-10-29,ST交昂,3.36571336,挂涨停价排队·尾盘开缝成交,1134700,3819075,2021-11-01,尾盘14:50,3.4,没涨停→尾盘兑现,33998,5754.1,28244,26565235,妖股期
2021-11-01,超声电子,11.5902798,挂涨停价排队·尾盘开缝成交,764000,8854974,2021-11-02,尾盘14:50,11.5,没涨停→尾盘兑现,-71526,13228.8,-84755,16648327,妖股期
2021-11-01,沪电股份,10.67499796,挂涨停价排队·尾盘开缝成交,553000,5903274,2021-11-02,尾盘14:50,11.14,没涨停→尾盘兑现,256892,9047.6,247844,22803873,妖股期
2021-11-01,通鼎互联,4.32,挂涨停价排队·尾盘开缝成交,911000,3935520,2021-11-03,次日早盘9:30,4.9,又涨停→隔夜后早盘兑现,528380,6299.6,522080,14597583,妖股期
2021-11-02,克明食品,11.00310908,挂涨停价排队·尾盘开缝成交,690800,7600948,2021-11-03,尾盘14:50,10.92,没涨停→尾盘兑现,-55436,11359.8,-66796,22137435,平淡期
2021-11-02,香山股份,32.26684492,挂涨停价排队·尾盘开缝成交,157000,5065895,2021-11-04,次日早盘9:30,36.87,又涨停→隔夜后早盘兑现,723257,8141.3,715115,15624175,平淡期
2021-11-03,宏盛股份,18.77095704,挂涨停价排队·尾盘开缝成交,393100,7378863,2021-11-04,尾盘14:50,20.02,没涨停→尾盘兑现,490438,11436.1,479002,23487574,平淡期
2021-11-03,福华尚纬,7.1385954,挂涨停价排队·尾盘开缝成交,689100,4919206,2021-11-04,尾盘14:50,7.37,没涨停→尾盘兑现,157799,7497.2,150302,28560771,平淡期
2021-11-04,兴瑞科技,13.66490852,挂涨停价排队·尾盘开缝成交,464400,6345984,2021-11-05,尾盘14:50,14.68,没涨停→尾盘兑现,471836,9872.9,461964,15277900,主线期
2021-11-04,宁波东力,4.71,挂涨停价排队·尾盘开缝成交,2021200,9519852,2021-11-08,次日早盘9:30,5.25,又涨停→隔夜后早盘兑现,1091448,15098.4,1076350,20789872,主线期
2021-11-04,宸展光电,20.04617136,挂涨停价排队·尾盘开缝成交,211000,4229742,2021-11-08,次日早盘9:30,21.69,又涨停→隔夜后早盘兑现,346700,6604.6,340096,25362882,主线期
2021-11-05,深科技,16.005563,挂涨停价排队·尾盘开缝成交,318100,5091370,2021-11-08,尾盘14:50,15.28,没涨停→尾盘兑现,-231011,7463.8,-238475,30219595,恐慌期
2021-11-08,菲达环保,5.5044596,挂涨停价排队·尾盘开缝成交,1830000,10073161,2021-11-09,尾盘14:50,5.6,没涨停→尾盘兑现,177344,15242.7,162102,19200441,妖股期
2021-11-08,博迁新材,73.48124652,挂涨停价排队·尾盘开缝成交,60900,4475008,2021-11-09,尾盘14:50,77.64,没涨停→尾盘兑现,253391,6902.6,246488,23925294,妖股期
2021-11-08,汇得科技,22.8050352,挂涨停价排队·尾盘开缝成交,294400,6713802,2021-11-10,次日早盘9:30,27.59,又涨停→隔夜后早盘兑现,1410069,11128.3,1398941,18751787,妖股期
2021-11-09,乐通股份,14.71,挂涨停价排队·尾盘开缝成交,542100,7974291,2021-11-10,尾盘14:50,14.47,没涨停→尾盘兑现,-130104,11863.9,-141968,26590091,妖股期
2021-11-09,飞龙股份,7.39807156,挂涨停价排队·尾盘开缝成交,718700,5316994,2021-11-10,尾盘14:50,7.54,没涨停→尾盘兑现,104511,8053.9,96457,32007530,妖股期
2021-11-10,海南海药,4.46,挂涨停价排队·尾盘开缝成交,2392100,10668766,2021-11-11,尾盘14:50,4.65,没涨停→尾盘兑现,454499,16344.0,438155,20598946,平淡期
2021-11-10,冠捷科技,2.74,挂涨停价排队·尾盘开缝成交,2595900,7112766,2021-11-11,尾盘14:50,2.9,没涨停→尾盘兑现,415344,10980.7,404363,28121410,平淡期
2021-11-10,奥翔药业,10.93124514,挂涨停价排队·尾盘开缝成交,433800,4741974,2021-11-12,次日早盘9:30,12.99,又涨停→隔夜后早盘兑现,894741,7784.0,886957,18131173,平淡期
2021-11-11,盈新发展,1.93,挂涨停价排队·尾盘开缝成交,4856800,9373624,2021-11-12,尾盘14:50,2.1,没涨停→尾盘兑现,825656,14679.7,810976,28322804,妖股期
2021-11-11,ST阳光城,2.99,挂涨停价排队·尾盘开缝成交,2090000,6249100,2021-11-12,尾盘14:50,3.02,没涨停→尾盘兑现,62700,9420.7,53279,34629870,妖股期
2021-11-12,富奥股份,5.28244836,挂涨停价排队·尾盘开缝成交,2185200,11543206,2021-11-15,尾盘14:50,5.4,没涨停→尾盘兑现,265972,17514.3,248458,22061352,平淡期
2021-11-12,利尔化学,17.81690612,挂涨停价排队·尾盘开缝成交,431900,7695122,2021-11-15,尾盘14:50,18.17,没涨停→尾盘兑现,150775,11655.8,139119,29901365,平淡期
2021-11-12,恩华药业,14.79812965,挂涨停价排队·尾盘开缝成交,346700,5130512,2021-11-15,尾盘14:50,14.57,没涨停→尾盘兑现,-80618,7635.3,-88253,34947471,平淡期
2021-11-15,华映科技,2.68,挂涨停价排队·尾盘开缝成交,4346700,11649156,2021-11-16,尾盘14:50,2.61,没涨停→尾盘兑现,-304269,17245.5,-321515,21691966,妖股期
2021-11-15,众生药业,8.7299379,挂涨停价排队·尾盘开缝成交,889500,7765280,2021-11-16,尾盘14:50,8.77,没涨停→尾盘兑现,33399,11673.0,21726,29484796,妖股期
2021-11-15,九安医疗,6.74410264,挂涨停价排队·尾盘开缝成交,767700,5177448,2021-11-17,次日早盘9:30,8.16,又涨停→隔夜后早盘兑现,1086710,8581.2,1078129,19364120,妖股期
2021-11-16,宝丰能源,13.34614425,挂涨停价排队·尾盘开缝成交,736400,9828101,2021-11-17,尾盘14:50,13.36,没涨停→尾盘兑现,12889,14751.8,-1863,29197729,妖股期
2021-11-16,骆驼股份,12.2080035,挂涨停价排队·尾盘开缝成交,536700,6552035,2021-11-17,尾盘14:50,12.75,没涨停→尾盘兑现,289669,10045.3,279624,36034302,妖股期
2021-11-17,中电鑫龙,7.46,挂涨停价排队·尾盘开缝成交,1610100,12011346,2021-11-18,尾盘14:50,7.21,没涨停→尾盘兑现,-402525,17715.1,-420240,22277298,妖股期
2021-11-17,胜利精密,2.61,挂涨停价排队·尾盘开缝成交,3068000,8007480,2021-11-18,尾盘14:50,2.56,没涨停→尾盘兑现,-153400,11896.2,-165296,30125487,妖股期
2021-11-17,ST阳光,2.45292141,挂涨停价排队·尾盘开缝成交,2176300,5338293,2021-11-18,尾盘14:50,2.39,没涨停→尾盘兑现,-128634,7911.0,-136545,35331239,妖股期
2021-11-18,北方股份,10.17431883,挂涨停价排队·尾盘开缝成交,771600,7850504,2021-11-19,尾盘14:50,10.78,没涨停→尾盘兑现,469688,12128.0,457560,18783365,妖股期
2021-11-18,陕鼓动力,11.16564625,挂涨停价排队·尾盘开缝成交,468800,5234455,2021-11-19,尾盘14:50,11.48,没涨停→尾盘兑现,148468,7963.0,140505,24162251,妖股期
2021-11-18,康盛股份,3.83,挂涨停价排队·尾盘开缝成交,3074900,11776867,2021-11-22,次日早盘9:30,4.63,又涨停→隔夜后早盘兑现,2459920,19510.2,2440410,24965090,妖股期
2021-11-19,创维数字,8.6351352,挂涨停价排队·尾盘开缝成交,932700,8053991,2021-11-22,尾盘14:50,8.57,没涨停→尾盘兑现,-61818,12034.6,-73853,32951269,妖股期
2021-11-19,海印股份,2.4,挂涨停价排队·尾盘开缝成交,2237200,5369280,2021-11-22,尾盘14:50,2.54,没涨停→尾盘兑现,313208,8288.8,304919,38629495,妖股期
2021-11-22,晶方科技,31.82696145,挂涨停价排队·尾盘开缝成交,269700,8583732,2021-11-23,尾盘14:50,33.72,没涨停→尾盘兑现,511231,13259.0,497972,20536123,平淡期
2021-11-22,保隆科技,41.37018452,挂涨停价排队·尾盘开缝成交,138300,5721497,2021-11-23,尾盘14:50,44.8,没涨停→尾盘兑现,473754,8937.6,464817,26726728,平淡期
2021-11-22,上工申贝,6.2915493,挂涨停价排队·尾盘开缝成交,2046600,12876285,2021-11-24,次日早盘9:30,6.85,又涨停→隔夜后早盘兑现,1137904,20167.9,1117736,31822462,平淡期
2021-11-23,福瑞达,13.5502653,挂涨停价排队·尾盘开缝成交,657400,8907944,2021-11-24,尾盘14:50,13.98,没涨停→尾盘兑现,280320,13572.2,266748,41003835,妖股期
2021-11-24,盈峰环境,6.9953028,挂涨停价排队·尾盘开缝成交,1953800,13667423,2021-11-25,尾盘14:50,7.05,没涨停→尾盘兑现,104865,20579.8,84285,31987105,妖股期
2021-11-24,南京熊猫,9.29246872,挂涨停价排队·尾盘开缝成交,980500,9111266,2021-11-25,尾盘14:50,9.09,没涨停→尾盘兑现,-195521,13520.3,-209041,40896163,妖股期
2021-11-25,双鹭药业,9.95831064,挂涨停价排队·尾盘开缝成交,1368900,13631931,2021-11-26,尾盘14:50,10.25,没涨停→尾盘兑现,392474,20742.3,371732,26132359,妖股期
2021-11-25,光电股份,12.94984796,挂涨停价排队·尾盘开缝成交,701700,9086908,2021-11-26,尾盘14:50,13.97,没涨停→尾盘兑现,718114,14168.9,703945,35930027,妖股期
2021-11-25,千金药业,7.80176696,挂涨停价排队·尾盘开缝成交,776600,6058852,2021-11-29,次日早盘9:30,8.79,又涨停→隔夜后早盘兑现,766135,9662.9,756472,42749896,妖股期
2021-11-29,昇兴股份,7.43151172,挂涨停价排队·尾盘开缝成交,1917500,14249924,2021-11-30,尾盘14:50,7.68,没涨停→尾盘兑现,483352,21737.4,461614,33722223,平淡期
2021-11-29,远东股份,7.49504925,挂涨停价排队·尾盘开缝成交,1267500,9499975,2021-11-30,尾盘14:50,7.64,没涨停→尾盘兑现,186274,14389.7,171884,43401207,平淡期
2021-11-30,莱宝高科,10.91676246,挂涨停价排队·尾盘开缝成交,1325200,14466894,2021-12-01,尾盘14:50,10.65,没涨停→尾盘兑现,-355241,21433.9,-376675,26961542,妖股期
2021-11-30,神剑股份,5.1441827,挂涨停价排队·尾盘开缝成交,1874800,9644314,2021-12-01,次日早盘9:30,5.27,又涨停→隔夜后早盘兑现,240250,14646.7,225603,36838692,妖股期
2021-11-30,尚荣医疗,5.47566561,挂涨停价排队·尾盘开缝成交,1174200,6429527,2021-12-01,尾盘14:50,5.32,没涨停→尾盘兑现,-187381,9503.8,-196885,43076155,妖股期
2021-12-01,隆基机械,5.7121659,挂涨停价排队·尾盘开缝成交,2513700,14358671,2021-12-02,尾盘14:50,5.49,没涨停→尾盘兑现,-569789,21110.7,-590899,26543492,妖股期
2021-12-01,杭氧股份,25.6930723,挂涨停价排队·尾盘开缝成交,372500,9570669,2021-12-02,尾盘14:50,27.04,没涨停→尾盘兑现,500209,14731.2,485478,36606817,妖股期
2021-12-01,山东墨龙,4.53,挂涨停价排队·尾盘开缝成交,1408800,6381864,2021-12-03,次日早盘9:30,5.08,又涨停→隔夜后早盘兑现,774840,10153.9,764686,23421226,妖股期
2021-12-02,中南文化,3.14,挂涨停价排队·尾盘开缝成交,3886000,12202040,2021-12-03,尾盘14:50,3.07,没涨停→尾盘兑现,-272020,18099.0,-290119,35342298,妖股期
2021-12-02,捷荣技术,9.82,挂涨停价排队·尾盘开缝成交,828400,8134888,2021-12-03,尾盘14:50,9.12,没涨停→尾盘兑现,-579880,11767.4,-591647,42891640,妖股期
2021-12-03,成飞集成,31.41148703,挂涨停价排队·尾盘开缝成交,455100,14295368,2021-12-06,尾盘14:50,31.19,没涨停→尾盘兑现,-99619,21368.3,-120988,26894906,平淡期
2021-12-03,合众思壮,6.79,挂涨停价排队·尾盘开缝成交,1403800,9531802,2021-12-06,尾盘14:50,7.09,没涨停→尾盘兑现,421140,14613.6,406526,36840383,平淡期
2021-12-03,捷顺科技,9.5272353,挂涨停价排队·尾盘开缝成交,667000,6354666,2021-12-07,次日早盘9:30,10.1,又涨停→隔夜后早盘兑现,385131,9820.8,375310,23109030,平淡期
2021-12-06,海信家电,10.88884178,挂涨停价排队·尾盘开缝成交,1127700,12279347,2021-12-07,尾盘14:50,11.71,没涨停→尾盘兑现,929966,19116.5,910849,36308436,平淡期
2021-12-06,跃岭股份,7.6957592,挂涨停价排队·尾盘开缝成交,1063800,8186749,2021-12-08,次日早盘9:30,8.82,又涨停→隔夜后早盘兑现,1198319,13178.9,1185141,25515546,平淡期
2021-12-07,老板电器,28.73347344,挂涨停价排队·尾盘开缝成交,280800,8068359,2021-12-08,尾盘14:50,29.28,没涨停→尾盘兑现,153373,12217.6,141156,33731113,妖股期
2021-12-07,青岛双星,4.29900519,挂涨停价排队·尾盘开缝成交,2815200,12102559,2021-12-09,次日早盘9:30,4.89,又涨停→隔夜后早盘兑现,1656731,19396.4,1637334,28740780,妖股期
2021-12-08,襄阳轴承,4.95,挂涨停价排队·尾盘开缝成交,1514300,7495785,2021-12-09,尾盘14:50,4.8,没涨停→尾盘兑现,-227145,11073.3,-238218,36003969,妖股期
2021-12-08,新能股份,2.86,挂涨停价排队·尾盘开缝成交,3931300,11243518,2021-12-10,次日早盘9:30,3.19,又涨停→隔夜后早盘兑现,1297329,17838.3,1279491,28536966,妖股期
2021-12-09,百润股份,46.19694672,挂涨停价排队·尾盘开缝成交,259700,11997347,2021-12-10,尾盘14:50,46.43,没涨停→尾盘兑现,59793,18040.9,41752,40585063,妖股期
2021-12-09,中瓷电子,47.82484989,挂涨停价排队·尾盘开缝成交,167300,8001097,2021-12-10,尾盘14:50,49.41,没涨停→尾盘兑现,264388,12199.9,252189,48844350,妖股期
2021-12-10,麦格米特,34.52595972,挂涨停价排队·尾盘开缝成交,314300,10851509,2021-12-13,尾盘14:50,34.71,没涨停→尾盘兑现,58640,16321.2,42319,25376535,妖股期
2021-12-10,今飞凯达,6.10416522,挂涨停价排队·尾盘开缝成交,1185600,7237098,2021-12-13,尾盘14:50,5.77,没涨停→尾盘兑现,-398158,10557.0,-408715,32210346,妖股期
2021-12-10,万安科技,9.0430875,挂涨停价排队·尾盘开缝成交,1800400,16281175,2021-12-14,次日早盘9:30,10.7,又涨停→隔夜后早盘兑现,2976129,26653.9,2949475,33560254,妖股期
2021-12-13,姚记科技,17.97274842,挂涨停价排队·尾盘开缝成交,597300,10735123,2021-12-14,尾盘14:50,18.2,没涨停→尾盘兑现,133322,16202.7,117120,44420548,妖股期
2021-12-13,金奥博,9.66099338,挂涨停价排队·尾盘开缝成交,740900,7157830,2021-12-14,尾盘14:50,9.81,没涨停→尾盘兑现,113504,10821.9,102682,51686428,妖股期
2021-12-14,冰山冷热,4.0180356,挂涨停价排队·尾盘开缝成交,4287800,17228533,2021-12-15,尾盘14:50,4.01,没涨停→尾盘兑现,-41615,25811.6,-67426,32490941,妖股期
2021-12-14,凌霄泵业,19.38918162,挂涨停价排队·尾盘开缝成交,592300,11484212,2021-12-15,尾盘14:50,18.89,没涨停→尾盘兑现,-297122,17003.5,-314125,43669641,妖股期
2021-12-14,大恒科技,13.85339241,挂涨停价排队·尾盘开缝成交,552700,7656770,2021-12-15,尾盘14:50,13.61,没涨停→尾盘兑现,-137022,11382.4,-148404,51183749,妖股期
2021-12-15,*ST南置,2.06,挂涨停价排队·尾盘开缝成交,5521500,11374290,2021-12-16,尾盘14:50,2.02,没涨停→尾盘兑现,-220860,16895.8,-237756,26310889,妖股期
2021-12-15,云鼎科技,5.82,挂涨停价排队·尾盘开缝成交,2931400,17060748,2021-12-17,次日早盘9:30,6.65,又涨停→隔夜后早盘兑现,2433062,27415.9,2405646,37020561,妖股期
2021-12-15,成都路桥,3.58851328,挂涨停价排队·尾盘开缝成交,2113100,7582887,2021-12-17,次日早盘9:30,3.78,又涨停→隔夜后早盘兑现,399099,11673.7,387426,44996561,妖股期
2021-12-16,航天发展,17.31053667,挂涨停价排队·尾盘开缝成交,506600,8769518,2021-12-17,尾盘14:50,17.28,没涨停→尾盘兑现,-15111,13142.9,-28254,53744402,妖股期
2021-12-17,荣丰控股,14.88358599,挂涨停价排队·尾盘开缝成交,1203600,17913884,2021-12-20,尾盘14:50,14.61,没涨停→尾盘兑现,-334616,26619.9,-361235,33491505,妖股期
2021-12-17,*ST特迅,17.78,挂涨停价排队·尾盘开缝成交,671700,11942826,2021-12-20,尾盘14:50,17.51,没涨停→尾盘兑现,-181359,17778.2,-199137,45244150,妖股期
2021-12-17,中超控股,3.12147998,挂涨停价排队·尾盘开缝成交,2550800,7962271,2021-12-20,尾盘14:50,2.86,没涨停→尾盘兑现,-678175,11434.8,-689609,52522784,妖股期
2021-12-20,中洲控股,8.18012478,挂涨停价排队·尾盘开缝成交,2140200,17507103,2021-12-22,次日早盘9:30,9.88,又涨停→隔夜后早盘兑现,3641989,28992.1,3612996,36696350,妖股期
2021-12-20,天保基建,2.74120569,挂涨停价排队·尾盘开缝成交,4257900,11671780,2021-12-22,次日早盘9:30,3.32,又涨停→隔夜后早盘兑现,2468226,19358.8,2448867,50825751,妖股期
2021-12-20,ST万邦,11.22443864,挂涨停价排队·尾盘开缝成交,693200,7780781,2021-12-22,次日早盘9:30,13.58,又涨停→隔夜后早盘兑现,1632425,12895.5,1619530,60231897,妖股期
2021-12-22,德龙汇能,6.49,挂涨停价排队·尾盘开缝成交,3093500,20076815,2021-12-23,尾盘14:50,6.25,没涨停→尾盘兑现,-742440,29558.4,-771998,37166778,妖股期
2021-12-22,ST兴化,5.67225603,挂涨停价排队·尾盘开缝成交,2359700,13384823,2021-12-23,尾盘14:50,5.51,没涨停→尾盘兑现,-378606,19793.3,-398399,50163240,妖股期
2021-12-22,龙津退,8.28,挂涨停价排队·尾盘开缝成交,1077700,8923356,2021-12-24,次日早盘9:30,9.17,又涨停→隔夜后早盘兑现,959153,14104.4,945049,32170477,妖股期
2021-12-23,雷科防务,7.21,挂涨停价排队·尾盘开缝成交,2319100,16720711,2021-12-24,尾盘14:50,7.16,没涨停→尾盘兑现,-115955,24994.1,-140949,48762779,妖股期
2021-12-23,兄弟科技,4.63518195,挂涨停价排队·尾盘开缝成交,2404900,11147149,2021-12-24,尾盘14:50,4.42,没涨停→尾盘兑现,-507738,16339.9,-524078,59394211,妖股期
2021-12-24,通化金马,4.61,挂涨停价排队·尾盘开缝成交,4294500,19797645,2021-12-27,尾盘14:50,4.82,没涨停→尾盘兑现,901845,30372.9,871472,38283172,妖股期
2021-12-24,*ST华铁,5.03,挂涨停价排队·尾盘开缝成交,2624000,13198720,2021-12-27,尾盘14:50,5.28,没涨停→尾盘兑现,656000,20290.1,635710,52127501,妖股期
2021-12-24,雷柏科技,12.02,挂涨停价排队·尾盘开缝成交,732000,8798640,2021-12-27,尾盘14:50,11.92,没涨停→尾盘兑现,-73200,13143.1,-86343,60846396,妖股期
2021-12-27,华特达因,22.41739944,挂涨停价排队·尾盘开缝成交,904700,20281021,2021-12-28,尾盘14:50,22.93,没涨停→尾盘兑现,467178,30771.9,436406,38762935,妖股期
2021-12-27,洪汇新材,13.06753755,挂涨停价排队·尾盘开缝成交,1034700,13520981,2021-12-28,尾盘14:50,13.59,没涨停→尾盘兑现,536504,20683.8,515820,52809877,妖股期
2021-12-27,龙溪股份,9.74813103,挂涨停价排队·尾盘开缝成交,924700,9014097,2021-12-28,尾盘14:50,9.59,没涨停→尾盘兑现,-150382,13408.4,-163791,61666944,妖股期
2021-12-28,工智退,5.94,挂涨停价排队·尾盘开缝成交,3460500,20555370,2021-12-29,尾盘14:50,6.04,没涨停→尾盘兑现,346050,31092.6,314957,39158105,妖股期
2021-12-28,证通电子,8.46,挂涨停价排队·尾盘开缝成交,1619800,13703508,2021-12-29,尾盘14:50,8.43,没涨停→尾盘兑现,-48594,20518.8,-69113,52802777,妖股期
2021-12-28,瑞斯康达,7.21050132,挂涨停价排队·尾盘开缝成交,1267000,9135705,2021-12-30,次日早盘9:30,8.37,又涨停→隔夜后早盘兑现,1472283,14807.8,1457475,34069095,妖股期
2021-12-29,青岛金王,4.68,挂涨停价排队·尾盘开缝成交,3760800,17600544,2021-12-30,尾盘14:50,4.59,没涨停→尾盘兑现,-338472,26147.0,-364619,51318220,妖股期
2021-12-29,云图控股,11.90580498,挂涨停价排队·尾盘开缝成交,985500,11733171,2021-12-30,尾盘14:50,11.65,没涨停→尾盘兑现,-254306,17409.0,-271715,62788476,妖股期
2021-12-30,慈文传媒,5.93,挂涨停价排队·尾盘开缝成交,3529400,20929342,2021-12-31,尾盘14:50,5.79,没涨停→尾盘兑现,-494116,31023.4,-525139,39024563,妖股期
2021-12-30,思美传媒,5.19,挂涨停价排队·尾盘开缝成交,2688400,13952796,2021-12-31,尾盘14:50,5.04,没涨停→尾盘兑现,-403260,20626.7,-423887,52563937,妖股期
2021-12-30,奥美医疗,14.9616761,挂涨停价排队·尾盘开缝成交,621700,9301674,2021-12-31,尾盘14:50,15.58,没涨停→尾盘兑现,385101,14241.3,370860,62243447,妖股期
2021-12-31,浙江震元,8.61292512,挂涨停价排队·尾盘开缝成交,2408900,20747675,2022-01-04,尾盘14:50,9.46,没涨停→尾盘兑现,2032711,32646.0,2000065,41207380,妖股期
2021-12-31,*ST海利,14.9679288,挂涨停价排队·尾盘开缝成交,616100,9221741,2022-01-04,尾盘14:50,15.46,没涨停→尾盘兑现,301364,14058.6,287305,50723343,妖股期
2021-12-31,太极集团,22.2812184,挂涨停价排队·尾盘开缝成交,620700,13829952,2022-01-05,次日早盘9:30,25.74,又涨停→隔夜后早盘兑现,2149000,22356.7,2126643,38510930,妖股期
2022-01-04,ST惠程,4.72,挂涨停价排队·尾盘开缝成交,3582100,16907512,2022-01-05,尾盘14:50,4.66,没涨停→尾盘兑现,-214926,25200.1,-240126,55190996,妖股期
2022-01-04,汉森制药,6.37873848,挂涨停价排队·尾盘开缝成交,1767100,11271869,2022-01-05,尾盘14:50,6.57,没涨停→尾盘兑现,338640,17161.8,321478,66792797,妖股期
2022-01-06,仁和药业,8.642205,挂涨停价排队·尾盘开缝成交,2576200,22264049,2022-01-07,尾盘14:50,8.42,没涨停→尾盘兑现,-584712,32957.5,-617670,41454469,妖股期
2022-01-06,泰嘉股份,10.7842577,挂涨停价排队·尾盘开缝成交,917500,9894556,2022-01-07,尾盘14:50,10.57,没涨停→尾盘兑现,-195229,14695.4,-209924,51146522,妖股期
2022-01-06,亚太药业,5.25,挂涨停价排队·尾盘开缝成交,2827200,14842800,2022-01-10,次日早盘9:30,5.98,又涨停→隔夜后早盘兑现,2063856,23812.1,2040044,50991884,妖股期
2022-01-07,北玻股份,4.28131238,挂涨停价排队·尾盘开缝成交,3982100,17048614,2022-01-11,次日早盘9:30,5.1,又涨停→隔夜后早盘兑现,3262149,28019.5,3234130,42959538,恐慌期
2022-01-10,华神科技,6.44413517,挂涨停价排队·尾盘开缝成交,2637600,16997051,2022-01-11,尾盘14:50,6.33,没涨停→尾盘兑现,-288086,25279.5,-313365,59655971,妖股期
2022-01-10,唐人神,8.4012942,挂涨停价排队·尾盘开缝成交,1348700,11330825,2022-01-11,尾盘14:50,8.32,没涨停→尾盘兑现,-107274,16915.8,-124190,70871105,妖股期
2022-01-11,科华生物,16.02677676,挂涨停价排队·尾盘开缝成交,1474000,23623469,2022-01-12,尾盘14:50,16.21,没涨停→尾盘兑现,264338,35633.5,228705,44869951,妖股期
2022-01-11,昆药集团,11.61018265,挂涨停价排队·尾盘开缝成交,1356400,15748052,2022-01-12,尾盘14:50,11.62,没涨停→尾盘兑现,12449,23631.4,-11182,60618631,妖股期
2022-01-11,卫信康,8.8246131,挂涨停价排队·尾盘开缝成交,1189800,10499525,2022-01-13,次日早盘9:30,10.67,又涨停→隔夜后早盘兑现,2195639,17396.0,2178243,39629460,妖股期
2022-01-12,四环生物,4.04,挂涨停价排队·尾盘开缝成交,5001500,20206060,2022-01-13,尾盘14:50,4.04,没涨停→尾盘兑现,0,30309.1,-30309,59820365,妖股期
2022-01-12,锡业股份,22.20368256,挂涨停价排队·尾盘开缝成交,606600,13468754,2022-01-13,尾盘14:50,21.56,没涨停→尾盘兑现,-388412,19911.8,-408324,72890897,妖股期
2022-01-13,天津普林,10.36,挂涨停价排队·尾盘开缝成交,2345200,24296272,2022-01-14,尾盘14:50,10.76,没涨停→尾盘兑现,938080,37148.0,900932,46813588,妖股期
2022-01-13,全聚德,12.3,挂涨停价排队·尾盘开缝成交,1316900,16197870,2022-01-14,尾盘14:50,11.86,没涨停→尾盘兑现,-579436,23862.2,-603298,62420308,妖股期
2022-01-13,北巴传媒,4.72937984,挂涨停价排队·尾盘开缝成交,2283300,10798593,2022-01-14,尾盘14:50,4.61,没涨停→尾盘兑现,-283028,15985.6,-299013,72927987,妖股期
2022-01-14,爱柯迪,19.38536568,挂涨停价排队·尾盘开缝成交,1254000,24309249,2022-01-17,尾盘14:50,20.08,没涨停→尾盘兑现,869822,37116.2,832706,73778925,妖股期
2022-01-17,神州信息,15.38614561,挂涨停价排队·尾盘开缝成交,1598300,24591677,2022-01-18,尾盘14:50,15.27,没涨停→尾盘兑现,-190019,36745.0,-226764,46245186,主线期
2022-01-17,旷达科技,6.01021572,挂涨停价排队·尾盘开缝成交,2727900,16395267,2022-01-18,尾盘14:50,6.1,没涨停→尾盘兑现,245071,24776.7,220295,62873045,主线期
2022-01-17,博彦科技,12.91521964,挂涨停价排队·尾盘开缝成交,846300,10930150,2022-01-18,尾盘14:50,12.86,没涨停→尾盘兑现,-46978,16360.0,-63338,73748055,主线期
2022-01-20,古汉医药,10.77,挂涨停价排队·尾盘开缝成交,2282500,24582525,2022-01-21,尾盘14:50,9.78,没涨停→尾盘兑现,-2259675,35179.0,-2294854,71471638,平淡期
2022-01-21,闽发铝业,4.35685588,挂涨停价排队·尾盘开缝成交,5468100,23823724,2022-01-24,尾盘14:50,4.22,没涨停→尾盘兑现,-754598,35169.6,-789767,70699739,妖股期
2022-01-24,大通退,9.7,挂涨停价排队·尾盘开缝成交,2429500,23566150,2022-01-25,尾盘14:50,8.82,没涨停→尾盘兑现,-2137960,33745.8,-2171706,42361899,恐慌期
2022-01-24,石基信息,17.89286913,挂涨停价排队·尾盘开缝成交,878000,15709939,2022-01-25,尾盘14:50,18.05,没涨停→尾盘兑现,134396,23665.7,110730,58194351,恐慌期
2022-01-24,吉大正元,24.5289678,挂涨停价排队·尾盘开缝成交,427000,10473869,2022-01-26,次日早盘9:30,26.77,又涨停→隔夜后早盘兑现,956788,16428.4,940360,50218434,恐慌期
2022-01-25,新金路,5.87,挂涨停价排队·尾盘开缝成交,3304600,19398002,2022-01-26,尾盘14:50,5.88,没涨停→尾盘兑现,33046,29121.8,3924,69634908,恐慌期
2022-01-26,巨化股份,12.59514376,挂涨停价排队·尾盘开缝成交,1228600,15474394,2022-01-27,尾盘14:50,12.13,没涨停→尾盘兑现,-568826,22785.0,-591611,35528442,妖股期
2022-01-26,沧州大化,15.45238152,挂涨停价排队·尾盘开缝成交,667600,10316010,2022-01-27,尾盘14:50,16.42,没涨停→尾盘兑现,647958,15960.0,631998,46484187,妖股期
2022-01-26,万东医疗,22.07575722,挂涨停价排队·尾盘开缝成交,1051400,23210451,2022-01-28,次日早盘9:30,25.36,又涨停→隔夜后早盘兑现,3451863,37404.6,3414459,73126505,妖股期
2022-01-28,凯撒旅业,8.091174,挂涨停价排队·尾盘开缝成交,3012600,24375471,2022-02-07,尾盘14:50,8.49,没涨停→尾盘兑现,1189755,37455.5,1152300,47213947,妖股期
2022-01-28,桂林旅游,6.11,挂涨停价排队·尾盘开缝成交,2659600,16250156,2022-02-07,尾盘14:50,6.0,没涨停→尾盘兑现,-292556,24155.8,-316712,63159579,妖股期
2022-01-28,必康退,8.93,挂涨停价排队·尾盘开缝成交,1213100,10832983,2022-02-07,尾盘14:50,9.19,没涨停→尾盘兑现,315406,16486.0,298920,74299607,妖股期
2022-02-07,天山股份,13.9421612,挂涨停价排队·尾盘开缝成交,1776300,24765461,2022-02-08,尾盘14:50,14.06,没涨停→尾盘兑现,213637,37308.4,176329,46976117,妖股期
2022-02-07,北新路桥,4.66352172,挂涨停价排队·尾盘开缝成交,3540500,16511199,2022-02-08,尾盘14:50,4.79,没涨停→尾盘兑现,458644,25110.8,433534,63933233,妖股期
2022-02-07,浙江建投,8.28044364,挂涨停价排队·尾盘开缝成交,1329300,11007194,2022-02-09,次日早盘9:30,10.02,又涨停→隔夜后早盘兑现,2313940,18246.2,2295693,41726208,妖股期
2022-02-08,*ST中天,2.52,挂涨停价排队·尾盘开缝成交,8456700,21310884,2022-02-09,尾盘14:50,2.43,没涨停→尾盘兑现,-761103,31395.5,-792498,62260577,妖股期
2022-02-08,普邦股份,2.01,挂涨停价排队·尾盘开缝成交,7068300,14207283,2022-02-10,次日早盘9:30,2.43,又涨停→隔夜后早盘兑现,2968686,23537.4,2945149,44835258,妖股期
2022-02-09,华数传媒,7.60581822,挂涨停价排队·尾盘开缝成交,2728600,20753236,2022-02-10,尾盘14:50,7.71,没涨停→尾盘兑现,286581,31344.8,255236,65859295,主线期
2022-02-09,东华软件,7.71535248,挂涨停价排队·尾盘开缝成交,1793200,13835170,2022-02-10,尾盘14:50,7.92,没涨停→尾盘兑现,361816,21024.1,340792,80045634,主线期
2022-02-10,正邦科技,7.85,挂涨停价排队·尾盘开缝成交,3398900,26681365,2022-02-11,尾盘14:50,7.5,没涨停→尾盘兑现,-1189615,39129.8,-1228745,49190490,妖股期
2022-02-10,中国黄金,11.39955369,挂涨停价排队·尾盘开缝成交,1560400,17787864,2022-02-11,尾盘14:50,11.17,没涨停→尾盘兑现,-361923,26410.4,-388334,66603361,妖股期
2022-02-10,新五丰,7.63,挂涨停价排队·尾盘开缝成交,1554200,11858546,2022-02-11,次日早盘9:30,7.63,又涨停→隔夜后早盘兑现,0,17787.8,-17788,78453013,妖股期
2022-02-11,金科股份,5.08,挂涨停价排队·尾盘开缝成交,5147800,26150824,2022-02-14,尾盘14:50,4.82,没涨停→尾盘兑现,-1338428,38222.4,-1376650,77095976,妖股期
2022-02-14,*ST威创,4.5,挂涨停价排队·尾盘开缝成交,5710800,25698600,2022-02-15,尾盘14:50,4.4,没涨停→尾盘兑现,-571080,38119.6,-609200,47952189,妖股期
2022-02-14,南宁百货,4.26,挂涨停价排队·尾盘开缝成交,2681100,11421486,2022-02-15,尾盘14:50,4.22,没涨停→尾盘兑现,-107244,17051.8,-124296,59257945,妖股期
2022-02-14,*ST中岩,3.25,挂涨停价排队·尾盘开缝成交,5271500,17132375,2022-02-16,次日早盘9:30,3.52,又涨停→隔夜后早盘兑现,1423305,26766.0,1396539,44879611,妖股期
2022-02-15,*ST富润,6.74,挂涨停价排队·尾盘开缝成交,1953700,13167938,2022-02-16,尾盘14:50,6.82,没涨停→尾盘兑现,156296,19869.1,136427,58193851,妖股期
2022-02-15,*ST奥维,6.56,挂涨停价排队·尾盘开缝成交,3011000,19752160,2022-02-17,次日早盘9:30,7.22,又涨停→隔夜后早盘兑现,1987260,31118.7,1956141,47587631,妖股期
2022-02-16,超声电子,12.2830752,挂涨停价排队·尾盘开缝成交,1579200,19397432,2022-02-17,尾盘14:50,12.28,没涨停→尾盘兑现,0,29096.1,-29096,66970516,妖股期
2022-02-16,快意电梯,7.11482352,挂涨停价排队·尾盘开缝成交,1817600,12931903,2022-02-17,尾盘14:50,7.42,没涨停→尾盘兑现,557903,19816.3,538087,80450204,妖股期
2022-02-17,正源股份,2.38,挂涨停价排队·尾盘开缝成交,11267500,26816650,2022-02-18,尾盘14:50,2.3,没涨停→尾盘兑现,-901400,39548.9,-940949,61652070,平淡期
2022-02-17,交建股份,8.56151404,挂涨停价排队·尾盘开缝成交,2088100,17877297,2022-02-18,尾盘14:50,8.54,没涨停→尾盘兑现,-39816,26786.1,-66602,79476174,平淡期
2022-02-18,云赛智联,6.98837968,挂涨停价排队·尾盘开缝成交,3790800,26491550,2022-02-22,次日早盘9:30,8.45,又涨停→隔夜后早盘兑现,5543878,43895.2,5499982,55560708,妖股期
2022-02-18,浙大网新,6.82603285,挂涨停价排队·尾盘开缝成交,2587300,17660995,2022-02-22,次日早盘9:30,8.27,又涨停→隔夜后早盘兑现,3735491,29293.1,3706198,76941147,妖股期
2022-02-21,ST长康,4.86,挂涨停价排队·尾盘开缝成交,2422700,11774322,2022-02-22,尾盘14:50,4.66,没涨停→尾盘兑现,-484540,17298.1,-501838,88222461,妖股期
2022-02-23,*ST洪涛,3.14,挂涨停价排队·尾盘开缝成交,9365400,29407356,2022-02-24,尾盘14:50,3.2,没涨停→尾盘兑现,561924,44532.5,517392,56088071,妖股期
2022-02-23,永太科技,37.0503474,挂涨停价排队·尾盘开缝成交,529100,19603339,2022-02-24,尾盘14:50,36.19,没涨停→尾盘兑现,-456013,29063.0,-485076,75221035,妖股期
2022-02-23,双箭股份,7.43444576,挂涨停价排队·尾盘开缝成交,1758100,13070499,2022-02-24,尾盘14:50,7.44,没涨停→尾盘兑现,15305,19617.2,-4312,88297025,妖股期
2022-02-25,*ST民控,4.2657806,挂涨停价排队·尾盘开缝成交,6899600,29432180,2022-02-28,尾盘14:50,4.27,没涨停→尾盘兑现,0,44148.3,-44148,55573336,妖股期
2022-02-25,罗平锌电,8.72,挂涨停价排队·尾盘开缝成交,2250100,19620872,2022-02-28,尾盘14:50,8.5,没涨停→尾盘兑现,-495022,29060.0,-524082,74684842,妖股期
2022-02-25,正泰电源,7.23492406,挂涨停价排队·尾盘开缝成交,1808000,13080743,2022-02-28,尾盘14:50,7.02,没涨停→尾盘兑现,-381666,19334.9,-401001,87374394,妖股期
2022-02-28,川能动力,24.64165242,挂涨停价排队·尾盘开缝成交,1181900,29123969,2022-03-01,尾盘14:50,24.08,没涨停→尾盘兑现,-664774,43187.4,-707961,54328591,平淡期
2022-02-28,赞宇科技,20.6196102,挂涨停价排队·尾盘开缝成交,941600,19415425,2022-03-01,尾盘14:50,19.84,没涨停→尾盘兑现,-729970,28575.7,-758546,73000031,平淡期
2022-02-28,海洋王,14.93683395,挂涨停价排队·尾盘开缝成交,866600,12944260,2022-03-01,尾盘14:50,15.39,没涨停→尾盘兑现,392003,19710.4,372292,86326292,平淡期
2022-03-01,宝鼎科技,16.62585084,挂涨停价排队·尾盘开缝成交,1730700,28774360,2022-03-02,尾盘14:50,16.72,没涨停→尾盘兑现,169062,43288.3,125774,67289902,妖股期
2022-03-01,*ST华西,2.45,挂涨停价排队·尾盘开缝成交,7830100,19183745,2022-03-02,尾盘14:50,2.44,没涨停→尾盘兑现,-78301,28716.9,-107018,86381017,妖股期
2022-03-02,久其软件,5.57,挂涨停价排队·尾盘开缝成交,5169400,28793558,2022-03-03,尾盘14:50,5.63,没涨停→尾盘兑现,310164,43423.0,266741,54676635,妖股期
2022-03-02,皖通科技,9.18499166,挂涨停价排队·尾盘开缝成交,2089900,19195714,2022-03-03,尾盘14:50,9.46,没涨停→尾盘兑现,582950,29230.8,553719,74440465,妖股期
2022-03-02,中国医药,8.19532758,挂涨停价排队·尾盘开缝成交,1561500,12797004,2022-03-04,次日早盘9:30,9.91,又涨停→隔夜后早盘兑现,2683074,21207.8,2661866,48553740,妖股期
2022-03-03,宁波东力,6.33,挂涨停价排队·尾盘开缝成交,3919900,24812967,2022-03-04,尾盘14:50,6.25,没涨停→尾盘兑现,-313592,36984.3,-350576,73034741,妖股期
2022-03-03,中国外运,3.73970828,挂涨停价排队·尾盘开缝成交,4423400,16542226,2022-03-04,尾盘14:50,3.72,没涨停→尾盘兑现,-68356,24762.1,-93118,89496254,妖股期
2022-03-04,新华医疗,18.52166935,挂涨停价排队·尾盘开缝成交,1610600,29831001,2022-03-07,尾盘14:50,18.22,没涨停→尾盘兑现,-483186,44384.1,-527570,88991057,平淡期
2022-03-10,五矿发展,9.8728047,挂涨停价排队·尾盘开缝成交,3004500,29662842,2022-03-11,尾盘14:50,9.65,没涨停→尾盘兑现,-659174,43999.9,-703174,55350456,妖股期
2022-03-10,津药药业,4.5308757,挂涨停价排队·尾盘开缝成交,4364700,19775913,2022-03-11,尾盘14:50,4.63,没涨停→尾盘兑现,452256,30003.1,422253,75563454,妖股期
2022-03-10,南京医药,4.31250571,挂涨停价排队·尾盘开缝成交,3057100,13183761,2022-03-11,尾盘14:50,4.37,没涨停→尾盘兑现,183472,19913.2,163559,88920661,妖股期
2022-03-11,海翔药业,6.98328599,挂涨停价排队·尾盘开缝成交,4244400,29639859,2022-03-14,尾盘14:50,6.97,没涨停→尾盘兑现,-41571,44428.6,-85999,69096731,妖股期
2022-03-11,ST金花,8.243361,挂涨停价排队·尾盘开缝成交,2397100,19760161,2022-03-14,尾盘14:50,8.09,没涨停→尾盘兑现,-357974,29371.8,-387346,88484366,妖股期
2022-03-14,安凯客车,4.52,挂涨停价排队·尾盘开缝成交,6525300,29494356,2022-03-15,尾盘14:50,4.26,没涨停→尾盘兑现,-1696578,42969.1,-1739547,53994850,恐慌期
2022-03-14,齐心集团,6.99482056,挂涨停价排队·尾盘开缝成交,2811100,19663140,2022-03-15,尾盘14:50,6.51,没涨停→尾盘兑现,-1350490,28481.8,-1378972,72293765,恐慌期
2022-03-14,ST金鸿顺,14.80568166,挂涨停价排队·尾盘开缝成交,885400,13108951,2022-03-15,尾盘14:50,14.3,没涨停→尾盘兑现,-447684,19327.7,-467012,84945535,恐慌期
2022-03-16,*ST西旅,8.91,挂涨停价排队·尾盘开缝成交,3177900,28315089,2022-03-17,尾盘14:50,9.03,没涨停→尾盘兑现,381348,42758.6,338589,53845075,妖股期
2022-03-16,峨眉山A,6.72875136,挂涨停价排队·尾盘开缝成交,2805300,18876166,2022-03-17,尾盘14:50,6.8,没涨停→尾盘兑现,210319,28472.0,181847,72917246,妖股期
2022-03-16,闽东电力,10.62758148,挂涨停价排队·尾盘开缝成交,1184100,12584119,2022-03-17,次日早盘9:30,10.88,又涨停→隔夜后早盘兑现,296634,19098.7,277535,85788339,妖股期
2022-03-17,招商积余,13.8886332,挂涨停价排队·尾盘开缝成交,2058900,28595307,2022-03-18,尾盘14:50,13.26,没涨停→尾盘兑现,-1291156,41924.6,-1333081,52703986,妖股期
2022-03-17,老板电器,23.9169753,挂涨停价排队·尾盘开缝成交,797100,19064221,2022-03-18,次日早盘9:30,23.83,又涨停→隔夜后早盘兑现,-65966,28546.9,-94513,71687992,妖股期
2022-03-17,三七互娱,17.04465924,挂涨停价排队·尾盘开缝成交,745600,12708498,2022-03-18,尾盘14:50,17.78,没涨停→尾盘兑现,550228,19475.4,530753,84936774,妖股期
2022-03-18,豫能控股,6.16,挂涨停价排队·尾盘开缝成交,4596100,28311976,2022-03-21,尾盘14:50,6.44,没涨停→尾盘兑现,1286908,43433.1,1243475,54743553,妖股期
2022-03-18,红宝丽,4.7125491,挂涨停价排队·尾盘开缝成交,4005200,18874702,2022-03-21,尾盘14:50,4.88,没涨停→尾盘兑现,682218,28823.7,653394,74285805,妖股期
2022-03-18,葵花药业,12.69110232,挂涨停价排队·尾盘开缝成交,991500,12583228,2022-03-21,尾盘14:50,13.29,没涨停→尾盘兑现,595656,19321.6,576334,87454805,妖股期
2022-03-21,深粮控股,7.19754924,挂涨停价排队·尾盘开缝成交,4050200,29151514,2022-03-22,尾盘14:50,7.15,没涨停→尾盘兑现,-176462,43594.9,-220057,54866205,妖股期
2022-03-21,金陵药业,7.8152004,挂涨停价排队·尾盘开缝成交,2486700,19434059,2022-03-22,尾盘14:50,7.43,没涨停→尾盘兑现,-948567,28439.7,-977007,73337833,妖股期
2022-03-21,康力电梯,6.3670684,挂涨停价排队·尾盘开缝成交,2034900,12956347,2022-03-22,尾盘14:50,6.23,没涨停→尾盘兑现,-269223,19232.6,-288455,86015442,妖股期
2022-03-22,特力A,14.06690832,挂涨停价排队·尾盘开缝成交,2038200,28671173,2022-03-23,尾盘14:50,14.26,没涨停→尾盘兑现,400435,43307.1,357128,54536539,妖股期
2022-03-22,炼石航空,7.47365276,挂涨停价排队·尾盘开缝成交,2557600,19114614,2022-03-23,尾盘14:50,7.51,没涨停→尾盘兑现,96661,28744.4,67916,73733406,妖股期
2022-03-22,ST中南,4.14,挂涨停价排队·尾盘开缝成交,3078000,12742920,2022-03-23,尾盘14:50,4.53,没涨停→尾盘兑现,1200420,20014.7,1180405,87666288,妖股期
2022-03-23,汉缆股份,4.21774541,挂涨停价排队·尾盘开缝成交,3079300,12987703,2022-03-24,尾盘14:50,4.04,没涨停→尾盘兑现,-557035,19063.8,-576098,38396929,妖股期
2022-03-23,武汉凡谷,9.00992884,挂涨停价排队·尾盘开缝成交,3243300,29221902,2022-03-25,次日早盘9:30,10.11,又涨停→隔夜后早盘兑现,3556916,46500.5,3510415,58352410,妖股期
2022-03-23,新叶股份,5.2842996,挂涨停价排队·尾盘开缝成交,3686600,19481099,2022-03-25,次日早盘9:30,5.94,又涨停→隔夜后早盘兑现,2421380,31037.7,2390342,80238462,妖股期
2022-03-24,英力特,10.23,挂涨停价排队·尾盘开缝成交,1251100,12798753,2022-03-25,尾盘14:50,10.65,没涨停→尾盘兑现,525462,19592.2,505870,93552684,妖股期
2022-03-25,ST联络,3.5,挂涨停价排队·尾盘开缝成交,8909700,31183950,2022-03-28,尾盘14:50,3.46,没涨停→尾盘兑现,-356388,46508.6,-402897,58524456,妖股期
2022-03-25,天地源,3.96021228,挂涨停价排队·尾盘开缝成交,3499700,13859555,2022-03-28,尾盘14:50,3.84,没涨停→尾盘兑现,-427967,20468.4,-448436,71945970,妖股期
2022-03-25,ST百灵,7.48,挂涨停价排队·尾盘开缝成交,2779300,20789164,2022-03-29,次日早盘9:30,8.3,又涨停→隔夜后早盘兑现,2279026,32893.0,2246133,71015102,妖股期
2022-03-28,亚通股份,7.80961216,挂涨停价排队·尾盘开缝成交,3070800,23981757,2022-03-29,尾盘14:50,7.65,没涨停→尾盘兑现,-489424,35605.6,-525029,94489816,妖股期
2022-03-29,ST司特,7.87614822,挂涨停价排队·尾盘开缝成交,3998900,31495929,2022-03-30,尾盘14:50,7.6,没涨停→尾盘兑现,-1102702,46416.9,-1149119,58368572,妖股期
2022-03-29,开创国际,12.56294934,挂涨停价排队·尾盘开缝成交,1671400,20997714,2022-03-30,尾盘14:50,12.82,没涨停→尾盘兑现,432624,31821.0,400803,79782837,妖股期
2022-03-29,六国化工,7.47,挂涨停价排队·尾盘开缝成交,1873900,13998033,2022-03-30,尾盘14:50,7.79,没涨停→尾盘兑现,599648,21446.8,578201,94369570,妖股期
2022-03-30,深振业A,4.91821272,挂涨停价排队·尾盘开缝成交,6395900,31456397,2022-03-31,尾盘14:50,4.91,没涨停→尾盘兑现,-60962,47138.9,-108101,59333829,主线期
2022-03-30,大悦城,4.62,挂涨停价排队·尾盘开缝成交,4539100,20970642,2022-03-31,尾盘14:50,4.69,没涨停→尾盘兑现,317737,31694.3,286043,80606241,主线期
2022-03-30,光明地产,3.12227055,挂涨停价排队·尾盘开缝成交,4477700,13980591,2022-03-31,尾盘14:50,3.09,没涨停→尾盘兑现,-133148,20871.0,-154020,94443298,主线期
2022-03-31,ST鼎龙,4.0,挂涨停价排队·尾盘开缝成交,7870200,31480800,2022-04-06,次日早盘9:30,4.4,又涨停→隔夜后早盘兑现,3148080,49582.3,3098498,62587728,妖股期
2022-03-31,退市同达,18.89,挂涨停价排队·尾盘开缝成交,1111000,20986790,2022-04-06,次日早盘9:30,22.86,又涨停→隔夜后早盘兑现,4410670,34788.2,4375882,87966140,妖股期
2022-04-01,深物业A,12.4673754,挂涨停价排队·尾盘开缝成交,1122200,13990889,2022-04-06,尾盘14:50,13.01,没涨停→尾盘兑现,608300,21442.6,586857,102554378,妖股期
2022-04-06,城投控股,5.08317996,挂涨停价排队·尾盘开缝成交,6725000,34184385,2022-04-07,尾盘14:50,4.58,没涨停→尾盘兑现,-3381549,48740.4,-3430289,61166852,妖股期
2022-04-06,中华企业,3.68300127,挂涨停价排队·尾盘开缝成交,6187800,22789675,2022-04-07,尾盘14:50,3.89,没涨停→尾盘兑现,1256124,35126.6,1220997,85194617,妖股期
2022-04-06,方盛制药,6.14139602,挂涨停价排队·尾盘开缝成交,2473900,15193200,2022-04-07,尾盘14:50,5.84,没涨停→尾盘兑现,-739586,22235.1,-761821,99637391,妖股期
2022-04-08,兴发集团,32.22161778,挂涨停价排队·尾盘开缝成交,1030700,33210821,2022-04-11,尾盘14:50,32.66,没涨停→尾盘兑现,454211,50156.9,404054,63162876,妖股期
2022-04-08,宏达股份,3.41,挂涨停价排队·尾盘开缝成交,6493300,22142153,2022-04-11,尾盘14:50,3.59,没涨停→尾盘兑现,1168794,34089.8,1134704,86456340,妖股期
2022-04-08,青松建化,4.3808649,挂涨停价排队·尾盘开缝成交,3369500,14761324,2022-04-11,尾盘14:50,4.18,没涨停→尾盘兑现,-672298,21637.8,-693936,100534799,妖股期
2022-04-11,光明肉业,7.49418306,挂涨停价排队·尾盘开缝成交,2981100,22340909,2022-04-12,尾盘14:50,7.35,没涨停→尾盘兑现,-422590,33194.4,-455784,51690178,妖股期
2022-04-11,新华百货,8.37732726,挂涨停价排队·尾盘开缝成交,1777900,14894050,2022-04-12,尾盘14:50,8.63,没涨停→尾盘兑现,443704,22673.9,421030,67016428,妖股期
2022-04-11,步步高,6.83532398,挂涨停价排队·尾盘开缝成交,4902700,33511543,2022-04-13,次日早盘9:30,8.26,又涨停→隔夜后早盘兑现,7001691,55518.6,6946173,70267998,妖股期
2022-04-12,华联股份,2.28,挂涨停价排队·尾盘开缝成交,9797700,22338756,2022-04-13,尾盘14:50,2.17,没涨停→尾盘兑现,-1077747,32699.8,-1110447,91513061,妖股期
2022-04-12,徐家汇,8.79341232,挂涨停价排队·尾盘开缝成交,1693600,14892523,2022-04-13,尾盘14:50,8.42,没涨停→尾盘兑现,-628581,21867.3,-650448,105766306,妖股期
2022-04-13,新时达,6.93260259,挂涨停价排队·尾盘开缝成交,5085400,35255057,2022-04-14,尾盘14:50,7.01,没涨停→尾盘兑现,402340,53184.3,349156,66969858,妖股期
2022-04-13,盘江股份,7.9520035,挂涨停价排队·尾盘开缝成交,1970400,15668628,2022-04-14,尾盘14:50,8.56,没涨停→尾盘兑现,1204010,24405.9,1179604,83829841,妖股期
2022-04-13,东方嘉盛,9.80003244,挂涨停价排队·尾盘开缝成交,2398300,23503418,2022-04-15,次日早盘9:30,10.03,又涨停→隔夜后早盘兑现,540604,35660.6,504944,61284585,妖股期
2022-04-14,博源化工,8.5662216,挂涨停价排队·尾盘开缝成交,2174600,18628105,2022-04-15,尾盘14:50,8.35,没涨停→尾盘兑现,-470224,27589.5,-497814,79428848,妖股期
2022-04-14,*ST泛海,2.05,挂涨停价排队·尾盘开缝成交,13630800,27943140,2022-04-18,次日早盘9:30,2.2,又涨停→隔夜后早盘兑现,2044620,43448.2,2001172,65267485,妖股期
2022-04-15,银座股份,5.905188,挂涨停价排队·尾盘开缝成交,4483500,26475910,2022-04-19,次日早盘9:30,6.53,又涨停→隔夜后早盘兑现,2779971,41798.8,2738172,72745799,恐慌期
2022-04-15,常熟汽饰,11.78049915,挂涨停价排队·尾盘开缝成交,1498300,17650722,2022-04-19,次日早盘9:30,13.6,又涨停→隔夜后早盘兑现,2720650,28516.6,2692134,93101893,恐慌期
2022-04-18,中百集团,6.15,挂涨停价排队·尾盘开缝成交,3537500,21755625,2022-04-19,尾盘14:50,5.64,没涨停→尾盘兑现,-1804125,31280.3,-1835405,113038429,妖股期
2022-04-19,芭田股份,5.67542868,挂涨停价排队·尾盘开缝成交,6639000,37679171,2022-04-20,尾盘14:50,5.62,没涨停→尾盘兑现,-355464,56252.2,-411716,70791080,妖股期
2022-04-19,利民股份,9.952399,挂涨停价排队·尾盘开缝成交,2523900,25118860,2022-04-20,尾盘14:50,10.21,没涨停→尾盘兑现,655275,38169.7,617105,96545883,妖股期
2022-04-19,江山股份,35.30472916,挂涨停价排队·尾盘开缝成交,474300,16745033,2022-04-20,尾盘14:50,36.85,没涨停→尾盘兑现,734406,25668.4,708737,114012212,妖股期
2022-04-20,国发股份,5.48,挂涨停价排队·尾盘开缝成交,6935000,38003800,2022-04-21,尾盘14:50,5.48,没涨停→尾盘兑现,0,57005.7,-57006,71757232,妖股期
2022-04-20,新世界,7.9449165,挂涨停价排队·尾盘开缝成交,3188900,25335544,2022-04-21,尾盘14:50,7.66,没涨停→尾盘兑现,-899303,37328.8,-936632,96175146,妖股期
2022-04-20,春兰股份,4.79256996,挂涨停价排队·尾盘开缝成交,3524400,16890934,2022-04-21,尾盘14:50,4.97,没涨停→尾盘兑现,623282,25803.9,597478,113676225,妖股期
2022-04-22,广百股份,9.39348886,挂涨停价排队·尾盘开缝成交,4033800,37891455,2022-04-25,尾盘14:50,9.59,没涨停→尾盘兑现,800524,57437.6,743086,72345915,妖股期
2022-04-22,明星电力,5.91719258,挂涨停价排队·尾盘开缝成交,4269100,25261087,2022-04-25,尾盘14:50,6.03,没涨停→尾盘兑现,501461,38267.7,463193,98089141,妖股期
2022-04-22,福能股份,7.8993985,挂涨停价排队·尾盘开缝成交,2131900,16840728,2022-04-25,尾盘14:50,7.97,没涨停→尾盘兑现,155671,25377.8,130293,115072792,妖股期
2022-04-26,双成药业,4.7,挂涨停价排队·尾盘开缝成交,8161100,38357170,2022-04-28,次日早盘9:30,5.49,又涨停→隔夜后早盘兑现,6447269,62371.2,6384898,78868562,恐慌期
2022-04-27,中钨高新,6.8629239,挂涨停价排队·尾盘开缝成交,3726000,25571254,2022-04-28,尾盘14:50,6.99,没涨停→尾盘兑现,490706,38724.9,451981,104910976,恐慌期
2022-04-27,西藏矿业,29.11467328,挂涨停价排队·尾盘开缝成交,585500,17046641,2022-04-28,尾盘14:50,30.12,没涨停→尾盘兑现,586833,26010.1,560823,122531225,恐慌期
2022-04-28,金融街,6.01477422,挂涨停价排队·尾盘开缝成交,6790500,40843324,2022-04-29,尾盘14:50,6.39,没涨停→尾盘兑现,2561133,63185.8,2497947,79678252,恐慌期
2022-04-28,安道麦A,8.74194748,挂涨停价排队·尾盘开缝成交,3114700,27228544,2022-04-29,尾盘14:50,9.55,没涨停→尾盘兑现,2511973,42726.8,2469246,109396463,恐慌期
2022-04-28,建投能源,3.79746225,挂涨停价排队·尾盘开缝成交,4780300,18153009,2022-04-29,尾盘14:50,3.89,没涨停→尾盘兑现,448222,27565.7,420657,127983743,恐慌期
2022-04-29,中洲控股,7.78206518,挂涨停价排队·尾盘开缝成交,3654600,28440335,2022-05-05,尾盘14:50,8.19,没涨停→尾盘兑现,1491117,43778.8,1447338,67831353,妖股期
2022-04-29,伟星股份,8.38340901,挂涨停价排队·尾盘开缝成交,2261600,18959918,2022-05-05,尾盘14:50,8.75,没涨停→尾盘兑现,834180,29065.5,805114,87610605,妖股期
2022-04-29,华联控股,3.85986348,挂涨停价排队·尾盘开缝成交,11052500,42661141,2022-05-06,次日早盘9:30,4.12,又涨停→隔夜后早盘兑现,2908714,66173.2,2842541,84474592,妖股期
2022-05-05,中银绒业,1.94,挂涨停价排队·尾盘开缝成交,15053300,29203402,2022-05-06,次日早盘9:30,1.89,又涨停→隔夜后早盘兑现,-752665,43240.6,-795906,112903991,妖股期
2022-05-05,航天电器,63.31150914,挂涨停价排队·尾盘开缝成交,307500,19468289,2022-05-06,尾盘14:50,62.51,没涨停→尾盘兑现,-246472,29017.6,-275490,132111392,妖股期
2022-05-06,青岛金王,3.45,挂涨停价排队·尾盘开缝成交,12764300,44036835,2022-05-09,尾盘14:50,3.38,没涨停→尾盘兑现,-893501,65385.1,-958886,82255584,妖股期
2022-05-06,康盛股份,2.87,挂涨停价排队·尾盘开缝成交,10229300,29358091,2022-05-09,尾盘14:50,2.77,没涨停→尾盘兑现,-1022930,43269.9,-1066200,110569493,妖股期
2022-05-06,中国软件,21.47214312,挂涨停价排队·尾盘开缝成交,911500,19571858,2022-05-09,尾盘14:50,22.44,没涨停→尾盘兑现,877879,30016.2,847863,131003894,妖股期
2022-05-09,ST晨鸣,5.54,挂涨停价排队·尾盘开缝成交,7882300,43667942,2022-05-10,次日早盘9:30,5.62,又涨停→隔夜后早盘兑现,630584,65974.9,564609,83081697,妖股期
2022-05-09,景兴纸业,3.6841578,挂涨停价排队·尾盘开缝成交,5267900,19407775,2022-05-10,尾盘14:50,3.61,没涨停→尾盘兑现,-365200,28837.8,-394038,102109990,妖股期
2022-05-09,福星股份,3.13978596,挂涨停价排队·尾盘开缝成交,9271900,29111781,2022-05-11,次日早盘9:30,3.8,又涨停→隔夜后早盘兑现,6097738,48241.0,6049497,80565785,妖股期
2022-05-10,秦川机床,7.73796466,挂涨停价排队·尾盘开缝成交,2932400,22690808,2022-05-11,尾盘14:50,7.63,没涨停→尾盘兑现,-320821,33795.6,-354617,102918994,妖股期
2022-05-10,华控赛格,2.95,挂涨停价排队·尾盘开缝成交,11537800,34036510,2022-05-12,次日早盘9:30,3.48,又涨停→隔夜后早盘兑现,6115034,55641.0,6059393,85865187,妖股期
2022-05-11,富奥股份,4.1788954,挂涨停价排队·尾盘开缝成交,8209400,34306224,2022-05-12,尾盘14:50,4.15,没涨停→尾盘兑现,-199842,51309.5,-251152,119945989,妖股期
2022-05-11,德赛电池,29.960715,挂涨停价排队·尾盘开缝成交,763300,22869014,2022-05-12,尾盘14:50,31.69,没涨停→尾盘兑现,1320367,35293.8,1285073,144117227,妖股期
2022-05-12,深南电A,6.17209233,挂涨停价排队·尾盘开缝成交,7783200,48038629,2022-05-16,次日早盘9:30,6.98,又涨停→隔夜后早盘兑现,6286153,76772.6,6209381,96986261,妖股期
2022-05-12,圣龙股份,9.7073646,挂涨停价排队·尾盘开缝成交,3299100,32025567,2022-05-16,次日早盘9:30,11.7,又涨停→隔夜后早盘兑现,6559453,52957.9,6506495,135542342,妖股期
2022-05-13,贤丰控股,4.42,挂涨停价排队·尾盘开缝成交,4830500,21350810,2022-05-17,次日早盘9:30,4.83,又涨停→隔夜后早盘兑现,1980505,33511.6,1946993,83555786,妖股期
2022-05-16,毅昌科技,5.76,挂涨停价排队·尾盘开缝成交,7843800,45180288,2022-05-17,尾盘14:50,5.95,没涨停→尾盘兑现,1490322,68888.2,1421434,130191393,妖股期
2022-05-16,*ST莫高,6.18,挂涨停价排队·尾盘开缝成交,4873800,30120084,2022-05-17,尾盘14:50,6.02,没涨停→尾盘兑现,-779808,44595.3,-824403,159509664,妖股期
2022-05-17,拓日新能,4.5524802,挂涨停价排队·尾盘开缝成交,11679300,53169782,2022-05-18,尾盘14:50,4.49,没涨停→尾盘兑现,-686062,79240.1,-765302,99706574,妖股期
2022-05-17,共达电声,10.89022179,挂涨停价排队·尾盘开缝成交,3254900,35446583,2022-05-18,尾盘14:50,11.19,没涨停→尾盘兑现,967605,53895.6,913709,136093451,妖股期
2022-05-17,奋达科技,3.31,挂涨停价排队·尾盘开缝成交,7139300,23631083,2022-05-18,尾盘14:50,3.29,没涨停→尾盘兑现,-142786,35339.5,-178126,159564131,妖股期
2022-05-18,龙星科技,4.8373452,挂涨停价排队·尾盘开缝成交,10995200,53187578,2022-05-19,尾盘14:50,4.77,没涨停→尾盘兑现,-721537,79240.2,-800777,99706526,妖股期
2022-05-18,万安科技,7.195575,挂涨停价排队·尾盘开缝成交,3285200,23638903,2022-05-19,尾盘14:50,6.93,没涨停→尾盘兑现,-862501,34811.5,-897312,122465846,妖股期
2022-05-18,科士达,17.56728891,挂涨停价排队·尾盘开缝成交,2018400,35457816,2022-05-20,次日早盘9:30,19.37,又涨停→隔夜后早盘兑现,3635235,55913.2,3579322,93493756,妖股期
2022-05-19,*ST华铁,4.54,挂涨停价排队·尾盘开缝成交,8991600,40821864,2022-05-20,尾盘14:50,4.68,没涨停→尾盘兑现,1258824,62176.9,1196647,135542884,妖股期
2022-05-19,海源复材,14.11,挂涨停价排队·尾盘开缝成交,1928700,27213957,2022-05-23,次日早盘9:30,16.99,又涨停→隔夜后早盘兑现,5554656,44986.9,5509669,92986148,妖股期
2022-05-20,海信家电,10.71212951,挂涨停价排队·尾盘开缝成交,4217700,45180549,2022-05-23,尾盘14:50,10.62,没涨停→尾盘兑现,-390405,67478.0,-457883,137742698,妖股期
2022-05-20,东华能源,8.29255656,挂涨停价排队·尾盘开缝成交,3632200,30120224,2022-05-23,尾盘14:50,8.07,没涨停→尾盘兑现,-815978,44568.4,-860546,167024966,妖股期
2022-05-23,中原传媒,6.09235968,挂涨停价排队·尾盘开缝成交,9138400,55674420,2022-05-24,尾盘14:50,5.75,没涨停→尾盘兑现,-3117188,81173.7,-3198361,102007257,妖股期
2022-05-23,隆基机械,6.2284266,挂涨停价排队·尾盘开缝成交,3972800,24744293,2022-05-24,尾盘14:50,6.29,没涨停→尾盘兑现,224948,37285.2,187663,126957772,妖股期
2022-05-23,实益达,5.1705524,挂涨停价排队·尾盘开缝成交,7178500,37116810,2022-05-25,次日早盘9:30,6.23,又涨停→隔夜后早盘兑现,7637498,61403.3,7576094,101147586,妖股期
2022-05-24,华兰生物,17.02189602,挂涨停价排队·尾盘开缝成交,2486100,42318136,2022-05-25,尾盘14:50,18.09,没涨停→尾盘兑现,2662764,65474.3,2597289,146094749,妖股期
2022-05-24,远东传动,4.94648863,挂涨停价排队·尾盘开缝成交,5703600,28212793,2022-05-26,次日早盘9:30,5.57,又涨停→隔夜后早盘兑现,3545593,44978.4,3500615,96665993,妖股期
2022-05-25,浩物股份,4.73,挂涨停价排队·尾盘开缝成交,6863700,32465301,2022-05-26,尾盘14:50,4.39,没涨停→尾盘兑现,-2333658,46947.7,-2380606,126775037,妖股期
2022-05-25,长虹华意,4.00062621,挂涨停价排队·尾盘开缝成交,12172600,48698023,2022-05-27,次日早盘9:30,4.84,又涨停→隔夜后早盘兑现,10183230,80684.5,10102546,115182128,妖股期
2022-05-26,航天发展,10.19144175,挂涨停价排队·尾盘开缝成交,4146400,42257794,2022-05-27,尾盘14:50,10.84,没涨停→尾盘兑现,2679763,65396.5,2614366,160085982,妖股期
2022-05-26,陕建股份,5.03623713,挂涨停价排队·尾盘开缝成交,5593900,28172207,2022-05-27,尾盘14:50,5.27,没涨停→尾盘兑现,1332136,43257.4,1288878,189568196,妖股期
2022-05-27,东安动力,7.14586475,挂涨停价排队·尾盘开缝成交,8842700,63188738,2022-05-30,尾盘14:50,7.6,没涨停→尾盘兑现,3998187,97781.7,3900405,123305844,妖股期
2022-05-27,航天晨光,11.54049596,挂涨停价排队·尾盘开缝成交,2433500,28083797,2022-05-30,尾盘14:50,12.29,没涨停→尾盘兑现,1812637,43485.2,1769152,153179856,妖股期
2022-05-27,晋西车轴,3.91756424,挂涨停价排队·尾盘开缝成交,10753200,42126352,2022-05-31,次日早盘9:30,4.41,又涨停→隔夜后早盘兑现,5305586,67168.7,5238417,115476659,妖股期
2022-05-30,烽火电子,7.46075214,挂涨停价排队·尾盘开缝成交,6843800,51059895,2022-05-31,尾盘14:50,7.57,没涨停→尾盘兑现,751886,77153.8,674732,167249582,妖股期
2022-05-30,襄阳轴承,4.95,挂涨停价排队·尾盘开缝成交,6876700,34039665,2022-05-31,尾盘14:50,4.79,没涨停→尾盘兑现,-1100272,50234.3,-1150506,200164271,妖股期
2022-05-31,远大控股,13.83,挂涨停价排队·尾盘开缝成交,4824300,66720069,2022-06-01,尾盘14:50,13.42,没涨停→尾盘兑现,-1977963,98596.6,-2076560,124002463,妖股期
2022-05-31,皇氏集团,5.23,挂涨停价排队·尾盘开缝成交,5670000,29654100,2022-06-01,尾盘14:50,5.26,没涨停→尾盘兑现,170100,44608.7,125491,153804294,妖股期
2022-05-31,黑芝麻,3.4053888,挂涨停价排队·尾盘开缝成交,13062000,44481189,2022-06-02,次日早盘9:30,4.06,又涨停→隔夜后早盘兑现,8563907,73144.7,8490762,121362954,妖股期
2022-06-01,通鼎互联,4.63,挂涨停价排队·尾盘开缝成交,11073000,51267990,2022-06-02,尾盘14:50,4.92,没涨停→尾盘兑现,3211170,79310.4,3131860,175801255,妖股期
2022-06-01,银河电子,4.5661655,挂涨停价排队·尾盘开缝成交,7485200,34178662,2022-06-06,次日早盘9:30,5.53,又涨停→隔夜后早盘兑现,7195508,56664.6,7138843,119477758,妖股期
2022-06-02,百川股份,10.690722,挂涨停价排队·尾盘开缝成交,5481400,58600124,2022-06-06,尾盘14:50,10.96,没涨停→尾盘兑现,1458252,88993.9,1369258,179491090,妖股期
2022-06-02,北汽蓝谷,8.48,挂涨停价排队·尾盘开缝成交,4606900,39066512,2022-06-06,尾盘14:50,8.36,没涨停→尾盘兑现,-552828,58185.1,-611013,217975889,妖股期
2022-06-06,丰原药业,5.9499,挂涨停价排队·尾盘开缝成交,12211700,72658394,2022-06-07,尾盘14:50,5.73,没涨停→尾盘兑现,-2744873,106928.9,-2851802,134447382,妖股期
2022-06-06,中钢天源,8.85824218,挂涨停价排队·尾盘开缝成交,5468200,48438640,2022-06-07,尾盘14:50,8.81,没涨停→尾盘兑现,-250458,72470.1,-322928,182599422,妖股期
2022-06-06,积成电子,6.03058176,挂涨停价排队·尾盘开缝成交,5354800,32292559,2022-06-07,尾盘14:50,5.83,没涨停→尾盘兑现,-1062255,47642.1,-1109897,213806303,妖股期
2022-06-07,合众思壮,6.44,挂涨停价排队·尾盘开缝成交,11066500,71268260,2022-06-08,尾盘14:50,6.46,没涨停→尾盘兑现,221330,107068.4,114262,134788194,妖股期
2022-06-07,三利谱,33.52157952,挂涨停价排队·尾盘开缝成交,1417300,47510135,2022-06-08,尾盘14:50,32.33,没涨停→尾盘兑现,-1687823,69999.3,-1757823,180576139,妖股期
2022-06-07,东方创业,8.09416036,挂涨停价排队·尾盘开缝成交,3913400,31675687,2022-06-08,尾盘14:50,7.74,没涨停→尾盘兑现,-1397457,46465.4,-1443922,210831661,妖股期
2022-06-08,宝新能源,4.27757592,挂涨停价排队·尾盘开缝成交,10952800,46851434,2022-06-09,尾盘14:50,4.09,没涨停→尾盘兑现,-1999756,68777.3,-2068534,107286736,平淡期
2022-06-08,兰花科创,11.22809526,挂涨停价排队·尾盘开缝成交,2781800,31234315,2022-06-09,尾盘14:50,11.36,没涨停→尾盘兑现,360792,47122.1,313670,138858148,平淡期
2022-06-08,合金投资,6.06,挂涨停价排队·尾盘开缝成交,11596900,70277214,2022-06-10,次日早盘9:30,7.34,又涨停→隔夜后早盘兑现,14844032,116548.8,14727483,146772889,平淡期
2022-06-09,大北农,7.8702268,挂涨停价排队·尾盘开缝成交,5881100,46285591,2022-06-10,尾盘14:50,7.77,没涨停→尾盘兑现,-567921,69002.4,-636924,192456270,平淡期
2022-06-09,云图控股,16.69935784,挂涨停价排队·尾盘开缝成交,1847800,30857073,2022-06-10,尾盘14:50,16.46,没涨停→尾盘兑现,-437928,45957.2,-483885,222852601,平淡期
2022-06-10,中鼎股份,16.08721007,挂涨停价排队·尾盘开缝成交,4617500,74282692,2022-06-13,尾盘14:50,16.68,没涨停→尾盘兑现,2738332,113477.8,2624854,142994852,平淡期
2022-06-10,沧州明珠,5.02301511,挂涨停价排队·尾盘开缝成交,9859200,49522911,2022-06-13,尾盘14:50,5.22,没涨停→尾盘兑现,1984525,75772.8,1908752,194463656,平淡期
2022-06-10,常铝股份,4.85,挂涨停价排队·尾盘开缝成交,6807300,33015405,2022-06-14,次日早盘9:30,5.87,又涨停→隔夜后早盘兑现,6943446,54730.7,6888715,126357883,平淡期
2022-06-13,山东威达,11.5052245,挂涨停价排队·尾盘开缝成交,5634000,64820435,2022-06-14,尾盘14:50,11.36,没涨停→尾盘兑现,-803559,96628.0,-900187,190326747,妖股期
2022-06-13,勤上股份,2.1,挂涨停价排队·尾盘开缝成交,20578200,43214220,2022-06-14,次日早盘9:30,2.1,又涨停→隔夜后早盘兑现,0,64821.3,-64821,233508556,妖股期
2022-06-14,上海家化,36.61144298,挂涨停价排队·尾盘开缝成交,944800,34590491,2022-06-15,尾盘14:50,36.69,没涨停→尾盘兑现,72271,51939.9,20331,103828135,妖股期
2022-06-14,恒立退,4.38,挂涨停价排队·尾盘开缝成交,17770800,77836104,2022-06-16,次日早盘9:30,4.86,又涨停→隔夜后早盘兑现,8529984,123151.6,8406832,155520169,妖股期
2022-06-14,德联集团,5.21833389,挂涨停价排队·尾盘开缝成交,9943900,51890590,2022-06-16,次日早盘9:30,5.58,又涨停→隔夜后早盘兑现,3562063,80507.4,3481555,210931233,妖股期
2022-06-15,*ST天茂,3.1900011,挂涨停价排队·尾盘开缝成交,10849300,34609279,2022-06-17,次日早盘9:30,3.34,又涨停→隔夜后早盘兑现,1573149,53093.8,1520055,129903399,妖股期
2022-06-16,特发信息,6.44,挂涨停价排队·尾盘开缝成交,10917700,70309988,2022-06-17,尾盘14:50,6.71,没涨停→尾盘兑现,2947779,107675.8,2840103,203106222,妖股期
2022-06-16,泰永长征,10.44852714,挂涨停价排队·尾盘开缝成交,4486100,46873138,2022-06-20,次日早盘9:30,12.24,又涨停→隔夜后早盘兑现,8030407,76332.5,7954075,145132281,妖股期
2022-06-17,新亚制程,5.56,挂涨停价排队·尾盘开缝成交,12176600,67701896,2022-06-20,尾盘14:50,5.67,没涨停→尾盘兑现,1339426,102557.4,1236869,214121822,妖股期
2022-06-17,三维化学,4.96495416,挂涨停价排队·尾盘开缝成交,9090600,45134412,2022-06-20,尾盘14:50,4.89,没涨停→尾盘兑现,-681560,67190.4,-748750,258541335,妖股期
2022-06-20,华映科技,2.18,挂涨停价排队·尾盘开缝成交,39532300,86180414,2022-06-21,尾盘14:50,2.14,没涨停→尾盘兑现,-1581292,128084.7,-1709377,161141580,妖股期
2022-06-20,雄韬股份,15.27360978,挂涨停价排队·尾盘开缝成交,3761600,57453211,2022-06-21,尾盘14:50,15.39,没涨停→尾盘兑现,438295,86508.5,351787,218989667,妖股期
2022-06-20,永东股份,7.86597735,挂涨停价排队·尾盘开缝成交,4869300,38301804,2022-06-21,尾盘14:50,8.09,没涨停→尾盘兑现,1103533,58280.4,1045253,258365450,妖股期
2022-06-21,鸣志电器,18.01400205,挂涨停价排队·尾盘开缝成交,4780800,86121341,2022-06-22,尾盘14:50,18.66,没涨停→尾盘兑现,3084235,131495.2,2952740,203969227,妖股期
2022-06-21,沃格光电,12.37627795,挂涨停价排队·尾盘开缝成交,4639000,57413553,2022-06-22,尾盘14:50,12.39,没涨停→尾盘兑现,71100,86173.7,-15073,261410768,妖股期
2022-06-22,南方精工,9.74377492,挂涨停价排队·尾盘开缝成交,8942800,87136630,2022-06-23,尾盘14:50,9.66,没涨停→尾盘兑现,-773361,130124.9,-903486,163753751,妖股期
2022-06-22,宇通客车,6.81310931,挂涨停价排队·尾盘开缝成交,8526400,58091295,2022-06-23,尾盘14:50,7.05,没涨停→尾盘兑现,2025681,88656.2,1937025,223825639,妖股期
2022-06-22,动力源,6.18,挂涨停价排队·尾盘开缝成交,6266600,38727588,2022-06-23,尾盘14:50,6.05,没涨停→尾盘兑现,-814658,57480.4,-872138,261710134,妖股期
2022-06-23,软控股份,6.29637568,挂涨停价排队·尾盘开缝成交,13855000,87236285,2022-06-24,尾盘14:50,6.59,没涨停→尾盘兑现,4109916,133936.9,3975979,168822004,妖股期
2022-06-23,康强电子,11.46343932,挂涨停价排队·尾盘开缝成交,5073300,58157467,2022-06-24,尾盘14:50,11.61,没涨停→尾盘兑现,754638,87802.2,666836,227689925,妖股期
2022-06-23,川大智胜,13.1,挂涨停价排队·尾盘开缝成交,2959700,38772070,2022-06-24,尾盘14:50,12.64,没涨停→尾盘兑现,-1361462,57137.0,-1418599,265072475,妖股期
2022-06-24,峨眉山A,7.44098688,挂涨停价排队·尾盘开缝成交,11874400,88357255,2022-06-27,尾盘14:50,7.78,没涨停→尾盘兑现,4006122,135540.5,3870582,170834862,妖股期
2022-06-24,中科三环,14.75456656,挂涨停价排队·尾盘开缝成交,3992300,58904656,2022-06-27,尾盘14:50,15.32,没涨停→尾盘兑现,2274614,90062.9,2184551,231968248,妖股期
2022-06-24,丽江股份,6.63924504,挂涨停价排队·尾盘开缝成交,5914800,39269807,2022-06-27,尾盘14:50,7.07,没涨停→尾盘兑现,2576759,60837.3,2515922,273783428,妖股期
2022-06-27,汉钟精机,21.15833888,挂涨停价排队·尾盘开缝成交,4313200,91260147,2022-06-28,尾盘14:50,22.07,没涨停→尾盘兑现,3942376,139847.0,3802529,176253125,妖股期
2022-06-27,*ST搜特,1.4,挂涨停价排队·尾盘开缝成交,28972100,40560940,2022-06-28,尾盘14:50,1.36,没涨停→尾盘兑现,-1158884,59972.2,-1218856,215625629,妖股期
2022-06-27,宝武镁业,18.0545841,挂涨停价排队·尾盘开缝成交,3369800,60840338,2022-06-29,次日早盘9:30,20.21,又涨停→隔夜后早盘兑现,7267698,96711.3,7170987,163891699,妖股期
2022-06-28,宏桥控股,3.5959869,挂涨停价排队·尾盘开缝成交,19987600,71875148,2022-06-29,尾盘14:50,3.61,没涨停→尾盘兑现,198003,107961.2,90042,235910796,妖股期
2022-06-28,云南锗业,12.88126683,挂涨停价排队·尾盘开缝成交,3719800,47915736,2022-06-29,尾盘14:50,12.05,没涨停→尾盘兑现,-3075797,69566.8,-3145364,280717104,妖股期
2022-06-29,东方精工,5.1685918,挂涨停价排队·尾盘开缝成交,18104000,93572186,2022-06-30,尾盘14:50,5.07,没涨停→尾盘兑现,-1765513,139034.1,-1904547,278882737,妖股期
2022-06-30,智光电气,8.00100184,挂涨停价排队·尾盘开缝成交,11618600,92960440,2022-07-01,尾盘14:50,7.58,没涨停→尾盘兑现,-4846279,135806.0,-4982085,170681110,妖股期
2022-06-30,ST同德,7.81389224,挂涨停价排队·尾盘开缝成交,7931200,61973542,2022-07-01,尾盘14:50,7.53,没涨停→尾盘兑现,-2289663,91243.1,-2380906,230320226,妖股期
2022-06-30,祥源文旅,5.8,挂涨停价排队·尾盘开缝成交,7123400,41315720,2022-07-01,尾盘14:50,5.57,没涨停→尾盘兑现,-1638382,60744.8,-1699127,269967806,妖股期
2022-07-01,中瓷电子,49.8411287,挂涨停价排队·尾盘开缝成交,1203600,59988783,2022-07-04,尾盘14:50,50.7,没涨停→尾盘兑现,1029923,90755.6,939167,140966537,妖股期
2022-07-01,广西能源,3.69250011,挂涨停价排队·尾盘开缝成交,10831900,39996792,2022-07-04,尾盘14:50,3.83,没涨停→尾盘兑现,1485292,61109.2,1424183,182417509,妖股期
2022-07-01,大港股份,7.22,挂涨停价排队·尾盘开缝成交,12463800,89988636,2022-07-05,次日早盘9:30,8.7,又涨停→隔夜后早盘兑现,18446424,148817.8,18297606,189429325,妖股期
2022-07-04,天邦食品,7.57,挂涨停价排队·尾盘开缝成交,8032400,60805268,2022-07-05,尾盘14:50,7.62,没涨停→尾盘兑现,401620,91509.1,310111,250590308,平淡期
2022-07-04,唐人神,9.76339752,挂涨停价排队·尾盘开缝成交,4151900,40536650,2022-07-05,尾盘14:50,9.93,没涨停→尾盘兑现,701755,61331.3,640423,291797784,平淡期
2022-07-05,金浦钛业,4.81,挂涨停价排队·尾盘开缝成交,20221600,97265896,2022-07-06,尾盘14:50,5.01,没涨停→尾盘兑现,4044320,148932.1,3895388,187693662,平淡期
2022-07-05,新洋丰,17.7744931,挂涨停价排队·尾盘开缝成交,3648100,64843128,2022-07-06,尾盘14:50,16.65,没涨停→尾盘兑现,-4117555,94176.5,-4211732,248373691,平淡期
2022-07-05,华塑股份,5.68979175,挂涨停价排队·尾盘开缝成交,7597700,43229331,2022-07-06,尾盘14:50,5.74,没涨停→尾盘兑现,375907,65125.9,310781,291946225,平淡期
2022-07-06,雷柏科技,12.01,挂涨停价排队·尾盘开缝成交,5401900,64876819,2022-07-07,尾盘14:50,11.97,没涨停→尾盘兑现,-216076,97153.2,-313229,151115739,平淡期
2022-07-06,汉王科技,14.89,挂涨停价排队·尾盘开缝成交,6535600,97315084,2022-07-08,次日早盘9:30,15.7,又涨停→隔夜后早盘兑现,5293836,149943.0,5143893,203275804,平淡期
2022-07-06,路畅科技,28.94,挂涨停价排队·尾盘开缝成交,1494500,43250830,2022-07-08,次日早盘9:30,35.01,又涨停→隔夜后早盘兑现,9071615,71680.0,8999935,255559007,平淡期
2022-07-07,方大集团,4.53506724,挂涨停价排队·尾盘开缝成交,11107200,50371899,2022-07-08,尾盘14:50,4.7,没涨停→尾盘兑现,1810407,76915.7,1733491,307702176,妖股期
2022-07-08,粤电力A,4.90404128,挂涨停价排队·尾盘开缝成交,20914800,102567043,2022-07-11,尾盘14:50,4.91,没涨停→尾盘兑现,206788,154005.7,52783,193868913,妖股期
2022-07-08,退市龙宇,7.78129512,挂涨停价排队·尾盘开缝成交,5858300,45585161,2022-07-11,次日早盘9:30,7.93,又涨停→隔夜后早盘兑现,867738,69028.5,798709,240286973,妖股期
2022-07-08,长城电工,5.73,挂涨停价排队·尾盘开缝成交,11933300,68377809,2022-07-12,次日早盘9:30,6.5,又涨停→隔夜后早盘兑现,9188641,109458.2,9079183,184303282,妖股期
2022-07-11,*ST紫鑫,2.88,挂涨停价排队·尾盘开缝成交,27810900,80095392,2022-07-12,尾盘14:50,2.79,没涨停→尾盘兑现,-2502981,118265.9,-2621247,261837499,妖股期
2022-07-11,澳柯玛,6.98706834,挂涨停价排队·尾盘开缝成交,7642200,53396574,2022-07-12,尾盘14:50,6.97,没涨停→尾盘兑现,-149570,79982.7,-229553,315044567,妖股期
2022-07-12,长高电气,7.46394113,挂涨停价排队·尾盘开缝成交,14069600,105014666,2022-07-13,尾盘14:50,7.17,没涨停→尾盘兑现,-4075602,154465.3,-4230067,194210992,平淡期
2022-07-12,富春环保,4.7091984,挂涨停价排队·尾盘开缝成交,14866600,70009769,2022-07-14,次日早盘9:30,5.19,又涨停→隔夜后早盘兑现,7197266,110412.6,7086853,206623802,平淡期
2022-07-12,世嘉科技,8.89,挂涨停价排队·尾盘开缝成交,5250000,46672500,2022-07-14,次日早盘9:30,9.29,又涨停→隔夜后早盘兑现,2100000,71583.8,2028416,255359723,平淡期
2022-07-13,三变科技,7.2212478,挂涨停价排队·尾盘开缝成交,8964700,64736320,2022-07-14,尾盘14:50,6.83,没涨停→尾盘兑现,-3550937,94441.3,-3645379,316499216,妖股期
2022-07-14,青鸟智控,14.96537779,挂涨停价排队·尾盘开缝成交,7049500,105498431,2022-07-15,尾盘14:50,15.13,没涨停→尾盘兑现,1165533,159121.8,1006412,200363621,妖股期
2022-07-14,林洋能源,8.67101976,挂涨停价排队·尾盘开缝成交,8111300,70333243,2022-07-15,尾盘14:50,9.08,没涨停→尾盘兑现,3297991,107973.4,3190018,273939631,妖股期
2022-07-14,爱玛科技,35.0642296,挂涨停价排队·尾盘开缝成交,1337200,46887888,2022-07-15,尾盘14:50,34.58,没涨停→尾盘兑现,-652969,69842.1,-722811,320139874,妖股期
2022-07-15,大立科技,13.07380874,挂涨停价排队·尾盘开缝成交,5441500,71141130,2022-07-18,尾盘14:50,12.81,没涨停→尾盘兑现,-1457368,105618.7,-1562986,164489124,妖股期
2022-07-15,宗申动力,6.18225822,挂涨停价排队·尾盘开缝成交,17261200,106713196,2022-07-19,次日早盘9:30,6.69,又涨停→隔夜后早盘兑现,8812651,166679.3,8645972,225098965,妖股期
2022-07-15,今飞凯达,5.9871647,挂涨停价排队·尾盘开缝成交,7921600,47427924,2022-07-19,次日早盘9:30,7.25,又涨停→隔夜后早盘兑现,10034338,78667.6,9955670,282518129,妖股期
2022-07-18,*ST旭蓝,3.66,挂涨停价排队·尾盘开缝成交,14980700,54829362,2022-07-19,尾盘14:50,3.52,没涨停→尾盘兑现,-2097298,80671.1,-2177969,335210644,妖股期
2022-07-19,卓翼科技,4.73,挂涨停价排队·尾盘开缝成交,23623000,111736790,2022-07-20,尾盘14:50,4.6,没涨停→尾盘兑现,-3070990,165301.9,-3236292,207906835,妖股期
2022-07-19,维远股份,28.8833404,挂涨停价排队·尾盘开缝成交,2579000,74490135,2022-07-20,尾盘14:50,29.24,没涨停→尾盘兑现,913367,112420.2,800947,283253785,妖股期
2022-07-19,三美股份,26.48879067,挂涨停价排队·尾盘开缝成交,1874800,49661185,2022-07-20,尾盘14:50,26.42,没涨停→尾盘兑现,-124732,74398.2,-199130,332753085,妖股期
2022-07-20,佛山照明,5.4312863,挂涨停价排队·尾盘开缝成交,20421900,110917186,2022-07-21,尾盘14:50,5.65,没涨停→尾盘兑现,4375807,169657.6,4206149,213800468,妖股期
2022-07-20,甘化科工,11.75,挂涨停价排队·尾盘开缝成交,6293200,73945100,2022-07-21,尾盘14:50,11.28,没涨停→尾盘兑现,-2957804,108699.3,-3066503,284734523,妖股期
2022-07-20,太阳电缆,7.6170605,挂涨停价排队·尾盘开缝成交,6471900,49296854,2022-07-21,尾盘14:50,7.21,没涨停→尾盘兑现,-2635021,71969.0,-2706990,331361360,妖股期
2022-07-21,ST得润,12.9,挂涨停价排队·尾盘开缝成交,8562300,110453670,2022-07-22,尾盘14:50,12.3,没涨停→尾盘兑现,-5137380,161827.5,-5299207,203420283,妖股期
2022-07-21,中电鑫龙,7.9,挂涨停价排队·尾盘开缝成交,9320900,73635110,2022-07-22,尾盘14:50,7.42,没涨停→尾盘兑现,-4474032,107097.1,-4581129,272529490,妖股期
2022-07-21,露笑科技,12.6,挂涨停价排队·尾盘开缝成交,3896000,49089600,2022-07-25,次日早盘9:30,13.97,又涨停→隔夜后早盘兑现,5337520,77637.5,5259882,175512430,妖股期
2022-07-22,天奇股份,21.17667333,挂涨停价排队·尾盘开缝成交,4289700,90841576,2022-07-25,尾盘14:50,21.54,没涨停→尾盘兑现,1578740,137446.4,1441294,267863431,妖股期
2022-07-22,西昌电力,9.94332074,挂涨停价排队·尾盘开缝成交,6090700,60561784,2022-07-25,尾盘14:50,9.43,没涨停→尾盘兑现,-3139793,88487.8,-3228281,325242355,妖股期
2022-07-25,正源股份,2.23,挂涨停价排队·尾盘开缝成交,48616100,108413903,2022-07-26,尾盘14:50,2.18,没涨停→尾盘兑现,-2430805,160797.8,-2591603,250458422,平淡期
2022-07-25,七一二,30.59460729,挂涨停价排队·尾盘开缝成交,2362300,72273641,2022-07-26,尾盘14:50,30.35,没涨停→尾盘兑现,-586446,107970.6,-694417,322091851,平淡期
2022-07-27,德龙汇能,6.6,挂涨停价排队·尾盘开缝成交,10844800,71575680,2022-07-28,尾盘14:50,6.68,没涨停→尾盘兑现,867584,108014.2,759570,167825192,妖股期
2022-07-27,山东赫达,32.97593112,挂涨停价排队·尾盘开缝成交,1447000,47716172,2022-07-28,尾盘14:50,34.32,没涨停→尾盘兑现,1940675,73029.8,1867645,217444796,妖股期
2022-07-27,南京公用,5.26282515,挂涨停价排队·尾盘开缝成交,20400400,107363738,2022-07-29,次日早盘9:30,5.7,又涨停→隔夜后早盘兑现,8994823,167791.7,8827031,212915210,妖股期
2022-07-28,通富微电,16.45752354,挂涨停价排队·尾盘开缝成交,4404100,72480579,2022-07-29,尾盘14:50,16.37,没涨停→尾盘兑现,-393441,108425.8,-501867,284948283,妖股期
2022-07-28,环旭电子,16.68460988,挂涨停价排队·尾盘开缝成交,2896100,48320299,2022-07-29,尾盘14:50,16.52,没涨停→尾盘兑现,-482667,72118.4,-554785,332750037,妖股期
2022-07-29,海立股份,7.83817059,挂涨停价排队·尾盘开缝成交,14150800,110916384,2022-08-01,尾盘14:50,8.24,没涨停→尾盘兑现,5623137,170591.9,5452545,215046437,妖股期
2022-07-29,耀皮玻璃,5.45919941,挂涨停价排队·尾盘开缝成交,13544900,73944310,2022-08-01,尾盘14:50,5.55,没涨停→尾盘兑现,1203434,111819.0,1091615,290137820,妖股期
2022-07-29,永冠新材,29.0791782,挂涨停价排队·尾盘开缝成交,1695200,49295023,2022-08-01,次日早盘9:30,29.67,又涨停→隔夜后早盘兑现,1009677,74699.8,934977,340404791,妖股期
2022-08-01,香山股份,35.84766568,挂涨停价排队·尾盘开缝成交,3165200,113465031,2022-08-02,尾盘14:50,34.97,没涨停→尾盘兑现,-2778863,168113.4,-2946976,211467013,妖股期
2022-08-01,恒铭达,20.20460156,挂涨停价排队·尾盘开缝成交,3744000,75646028,2022-08-02,尾盘14:50,19.64,没涨停→尾盘兑现,-2128875,111872.4,-2240747,284929028,妖股期
2022-08-01,大元泵业,17.08155419,挂涨停价排队·尾盘开缝成交,2952300,50429872,2022-08-03,次日早盘9:30,18.02,又涨停→隔夜后早盘兑现,2777147,77727.7,2699419,243120387,妖股期
2022-08-02,长城军工,13.33554551,挂涨停价排队·尾盘开缝成交,7122000,94975755,2022-08-04,次日早盘9:30,14.97,又涨停→隔夜后早盘兑现,11649980,151201.1,11498779,349666153,妖股期
2022-08-04,金河生物,4.5417218,挂涨停价排队·尾盘开缝成交,17108800,77703410,2022-08-05,尾盘14:50,4.63,没涨停→尾盘兑现,1427205,117625.5,1309580,182677076,妖股期
2022-08-04,中牧股份,11.93807552,挂涨停价排队·尾盘开缝成交,4339200,51801697,2022-08-05,尾盘14:50,12.21,没涨停→尾盘兑现,1164083,78575.6,1085507,235603132,妖股期
2022-08-04,中超控股,2.77683708,挂涨停价排队·尾盘开缝成交,41974100,116555237,2022-08-08,次日早盘9:30,3.24,又涨停→隔夜后早盘兑现,19425873,189402.3,19236471,240592676,妖股期
2022-08-05,天原股份,9.2720859,挂涨停价排队·尾盘开缝成交,8469900,78533640,2022-08-08,尾盘14:50,9.4,没涨停→尾盘兑现,1066810,118600.6,948210,320133426,平淡期
2022-08-05,海联金汇,7.8,挂涨停价排队·尾盘开缝成交,6712300,52355940,2022-08-08,尾盘14:50,7.82,没涨停→尾盘兑现,134246,78634.6,55611,372584245,平淡期
2022-08-08,海南海药,4.66,挂涨停价排队·尾盘开缝成交,26651200,124194592,2022-08-09,尾盘14:50,4.55,没涨停→尾盘兑现,-2931632,184093.2,-3115725,231567883,妖股期
2022-08-08,桂林三金,11.89153,挂涨停价排队·尾盘开缝成交,6962600,82795967,2022-08-09,尾盘14:50,11.63,没涨停→尾盘兑现,-1833339,122818.9,-1956158,312469788,妖股期
2022-08-08,誉衡药业,2.68,挂涨停价排队·尾盘开缝成交,20596200,55197816,2022-08-09,尾盘14:50,2.64,没涨停→尾盘兑现,-823848,82178.8,-906027,366802976,妖股期
2022-08-09,安孚科技,24.25691775,挂涨停价排队·尾盘开缝成交,5040500,122266994,2022-08-10,尾盘14:50,23.59,没涨停→尾盘兑现,-3370945,180872.3,-3551818,281831675,妖股期
2022-08-09,春光科技,15.74730176,挂涨停价排队·尾盘开缝成交,5176200,81511183,2022-08-10,尾盘14:50,15.91,没涨停→尾盘兑现,854837,122907.9,731929,364135920,妖股期
2022-08-10,四川九洲,7.3625228,挂涨停价排队·尾盘开缝成交,10990600,80918543,2022-08-11,尾盘14:50,7.25,没涨停→尾盘兑现,-1277661,120419.6,-1398081,187474277,妖股期
2022-08-10,东易日盛,4.7656,挂涨停价排队·尾盘开缝成交,11319900,53946115,2022-08-11,尾盘14:50,4.7,没涨停→尾盘兑现,-753905,80353.7,-834259,240626593,妖股期
2022-08-10,创元科技,8.52500271,挂涨停价排队·尾盘开缝成交,14237900,121378136,2022-08-12,次日早盘9:30,9.57,又涨停→隔夜后早盘兑现,14810678,193175.2,14617503,243032270,妖股期
2022-08-11,维信诺,7.18,挂涨停价排队·尾盘开缝成交,7447400,53472332,2022-08-12,尾盘14:50,7.12,没涨停→尾盘兑现,-446844,79873.4,-526717,296017989,平淡期
2022-08-11,国元证券,6.4565169,挂涨停价排队·尾盘开缝成交,12422900,80208664,2022-08-15,次日早盘9:30,6.97,又涨停→隔夜后早盘兑现,6371185,125091.4,6246093,382532902,平淡期
2022-08-16,富煌钢构,6.8577888,挂涨停价排队·尾盘开缝成交,18593500,127510296,2022-08-17,尾盘14:50,6.57,没涨停→尾盘兑现,-5425970,187196.0,-5613166,235336765,妖股期
2022-08-16,东鹏控股,7.6207542,挂涨停价排队·尾盘开缝成交,11154700,85007227,2022-08-17,尾盘14:50,7.61,没涨停→尾盘兑现,-96709,127438.3,-224147,320183600,妖股期
2022-08-16,*ST亿晶,6.79,挂涨停价排队·尾盘开缝成交,8346300,56671377,2022-08-18,次日早盘9:30,7.53,又涨停→隔夜后早盘兑现,6176262,89639.3,6086623,205108521,妖股期
2022-08-17,创维数字,21.6937393,挂涨停价排队·尾盘开缝成交,4919700,106726689,2022-08-18,尾盘14:50,23.6,没涨停→尾盘兑现,9390822,167133.2,9223689,321138944,妖股期
2022-08-17,长飞光纤,35.7532125,挂涨停价排队·尾盘开缝成交,1990000,71148893,2022-08-19,次日早盘9:30,39.57,又涨停→隔夜后早盘兑现,7592873,112418.0,7480455,221412144,妖股期
2022-08-18,海得控制,14.51616222,挂涨停价排队·尾盘开缝成交,7374200,107045083,2022-08-19,尾盘14:50,13.95,没涨停→尾盘兑现,-4200687,157417.1,-4358104,324179407,主线期
2022-08-18,通宇通讯,10.5651512,挂涨停价排队·尾盘开缝成交,6754700,71364427,2022-08-19,尾盘14:50,9.95,没涨停→尾盘兑现,-4170979,103918.4,-4274897,391322461,主线期
2022-08-19,高德红外,11.0964161,挂涨停价排队·尾盘开缝成交,7836800,86960394,2022-08-22,尾盘14:50,11.37,没涨停→尾盘兑现,2139832,132045.5,2007787,204981078,妖股期
2022-08-19,今创集团,7.93898182,挂涨停价排队·尾盘开缝成交,7302400,57973621,2022-08-22,尾盘14:50,8.56,没涨停→尾盘兑现,4517425,90348.5,4427077,267425256,妖股期
2022-08-19,ST沈化,4.82,挂涨停价排队·尾盘开缝成交,27062400,130440768,2022-08-23,次日早盘9:30,5.12,又涨停→隔夜后早盘兑现,8118720,201750.2,7916970,257311744,妖股期
2022-08-22,天融信,9.5951301,挂涨停价排队·尾盘开缝成交,6193500,59427438,2022-08-23,尾盘14:50,10.24,没涨停→尾盘兑现,4002884,92143.3,3910741,320694494,妖股期
2022-08-22,凤凰航运,3.58,挂涨停价排队·尾盘开缝成交,24899900,89141642,2022-08-24,次日早盘9:30,3.96,又涨停→隔夜后早盘兑现,9461962,140808.9,9321153,241061220,妖股期
2022-08-23,乐通股份,15.5,挂涨停价排队·尾盘开缝成交,6896600,106897300,2022-08-24,尾盘14:50,14.83,没涨停→尾盘兑现,-4620722,156880.4,-4777602,343261091,妖股期
2022-08-23,长春燃气,6.25,挂涨停价排队·尾盘开缝成交,11402500,71265625,2022-08-24,尾盘14:50,6.42,没涨停→尾盘兑现,1938425,108352.3,1830073,416410238,妖股期
2022-08-25,北京文化,4.87,挂涨停价排队·尾盘开缝成交,28501700,138803279,2022-08-26,尾盘14:50,4.56,没涨停→尾盘兑现,-8835527,201578.3,-9037105,253251686,妖股期
2022-08-25,晋控煤业,15.79284903,挂涨停价排队·尾盘开缝成交,5859300,92535040,2022-08-26,尾盘14:50,15.31,没涨停→尾盘兑现,-2839089,136673.2,-2975762,342880366,妖股期
2022-08-25,得邦照明,14.10874993,挂涨停价排队·尾盘开缝成交,4372500,61690509,2022-08-26,尾盘14:50,14.75,没涨停→尾盘兑现,2822684,94652.8,2728032,407345174,妖股期
2022-08-26,亿利达,6.711736,挂涨停价排队·尾盘开缝成交,20230400,135781104,2022-08-29,尾盘14:50,6.63,没涨停→尾盘兑现,-1597425,202473.6,-1799898,315126472,平淡期
2022-08-26,动力新科,7.84,挂涨停价排队·尾盘开缝成交,11546000,90520640,2022-08-29,尾盘14:50,8.19,没涨停→尾盘兑现,4041100,138811.8,3902288,409617290,平淡期
2022-08-29,海欣食品,6.06092448,挂涨停价排队·尾盘开缝成交,22527700,136538688,2022-08-30,尾盘14:50,5.78,没涨停→尾盘兑现,-6345548,200048.9,-6545597,251464420,平淡期
2022-08-29,庄园牧场,12.26352897,挂涨停价排队·尾盘开缝成交,7422500,91026044,2022-08-30,尾盘14:50,11.82,没涨停→尾盘兑现,-3322118,134047.5,-3456166,339102568,平淡期
2022-08-29,杭电股份,6.9619266,挂涨停价排队·尾盘开缝成交,8716500,60683633,2022-08-30,尾盘14:50,6.9,没涨停→尾盘兑现,-507813,90644.6,-598457,399233256,平淡期
2022-08-30,亨通光电,17.62857291,挂涨停价排队·尾盘开缝成交,7548900,133076334,2022-08-31,尾盘14:50,16.29,没涨停→尾盘兑现,-10084862,192050.9,-10276913,389056150,平淡期
2022-09-01,剑桥科技,11.84111586,挂涨停价排队·尾盘开缝成交,10952100,129685085,2022-09-02,尾盘14:50,11.56,没涨停→尾盘兑现,-3031037,192254.3,-3223291,385930123,平淡期
2022-09-02,金固股份,7.7697438,挂涨停价排队·尾盘开缝成交,16556900,128642871,2022-09-05,尾盘14:50,7.98,没涨停→尾盘兑现,3463462,195561.9,3267900,246357710,平淡期
2022-09-02,通鼎互联,5.65,挂涨停价排队·尾盘开缝成交,15179100,85761915,2022-09-05,尾盘14:50,5.81,没涨停→尾盘兑现,2428656,130464.4,2298192,334482138,平淡期
2022-09-02,海能达,5.6,挂涨停价排队·尾盘开缝成交,10209800,57174880,2022-09-05,尾盘14:50,5.5,没涨停→尾盘兑现,-1020980,84996.6,-1105977,390593923,平淡期
2022-09-05,汉缆股份,4.48306446,挂涨停价排队·尾盘开缝成交,29042100,130197606,2022-09-06,尾盘14:50,4.51,没涨停→尾盘兑现,838182,195925.0,642257,246671077,妖股期
2022-09-05,新奥股份,17.53339214,挂涨停价排队·尾盘开缝成交,4950400,86797304,2022-09-06,尾盘14:50,17.25,没涨停→尾盘兑现,-1382900,129158.8,-1512059,332021421,妖股期
2022-09-05,水发燃气,9.0248365,挂涨停价排队·尾盘开缝成交,6411800,57865447,2022-09-06,尾盘14:50,9.11,没涨停→尾盘兑现,563015,87220.4,475795,390406061,妖股期
2022-09-06,广济药业,8.33,挂涨停价排队·尾盘开缝成交,15622400,130134592,2022-09-07,尾盘14:50,8.15,没涨停→尾盘兑现,-2812032,193092.9,-3005125,242903501,妖股期
2022-09-06,云南能投,12.96058453,挂涨停价排队·尾盘开缝成交,6693900,86756857,2022-09-07,次日早盘9:30,13.18,又涨停→隔夜后早盘兑现,1453320,131225.3,1322094,331047520,妖股期
2022-09-06,ST兴化,6.1073228,挂涨停价排队·尾盘开缝成交,9470300,57838179,2022-09-07,尾盘14:50,6.05,没涨停→尾盘兑现,-549967,86344.8,-636312,388292766,妖股期
2022-09-07,西陇科学,7.75670456,挂涨停价排队·尾盘开缝成交,16686300,129430699,2022-09-08,尾盘14:50,7.61,没涨停→尾盘兑现,-2485865,192281.7,-2678147,385711692,妖股期
2022-09-08,茂业商业,3.7624145,挂涨停价排队·尾盘开缝成交,34172300,128570357,2022-09-09,尾盘14:50,3.58,没涨停→尾盘兑现,-6184397,188217.2,-6372614,379435506,平淡期
2022-09-09,中国武夷,3.50409686,挂涨停价排队·尾盘开缝成交,36094400,126478274,2022-09-13,尾盘14:50,3.28,没涨停→尾盘兑现,-8240794,183536.8,-8424331,286787054,平淡期
2022-09-09,南山控股,4.352172,挂涨停价排队·尾盘开缝成交,19374000,84318980,2022-09-13,尾盘14:50,4.17,没涨停→尾盘兑现,-3449413,123891.4,-3573304,367595969,平淡期
2022-09-13,龙津退,11.0,挂涨停价排队·尾盘开缝成交,11139200,122531200,2022-09-14,尾盘14:50,11.5,没涨停→尾盘兑现,5569600,187974.0,5381626,373069493,妖股期
2022-09-14,徐家汇,10.04940801,挂涨停价排队·尾盘开缝成交,12374500,124356399,2022-09-15,尾盘14:50,10.52,没涨停→尾盘兑现,5853471,190924.7,5662547,295922591,平淡期
2022-09-14,福达合金,19.237647,挂涨停价排队·尾盘开缝成交,4309400,82902716,2022-09-15,尾盘14:50,18.2,没涨停→尾盘兑现,-4463992,121006.1,-4584998,374302486,平淡期
2022-09-15,*ST南置,2.79,挂涨停价排队·尾盘开缝成交,44719500,124767405,2022-09-16,尾盘14:50,2.59,没涨停→尾盘兑现,-8943900,180443.2,-9124343,365271718,恐慌期
2022-09-19,惠泉啤酒,10.29756774,挂涨停价排队·尾盘开缝成交,7882600,81171607,2022-09-20,尾盘14:50,10.19,没涨停→尾盘兑现,-843142,121125.1,-964267,242612076,平淡期
2022-09-19,百润股份,22.25850605,挂涨停价排队·尾盘开缝成交,5470100,121756254,2022-09-21,次日早盘9:30,25.15,又涨停→隔夜后早盘兑现,15842477,194516.2,15647961,245323498,平淡期
2022-09-20,湖南天雁,5.23,挂涨停价排队·尾盘开缝成交,15462800,80870444,2022-09-21,尾盘14:50,5.36,没涨停→尾盘兑现,2010164,122813.3,1887351,328141945,妖股期
2022-09-20,宝丰能源,12.23975331,挂涨停价排队·尾盘开缝成交,4404800,53913665,2022-09-21,尾盘14:50,13.09,没涨停→尾盘兑现,3735812,83672.4,3652140,385748186,妖股期
2022-09-21,*ST中天,1.64,挂涨停价排队·尾盘开缝成交,78404100,128582724,2022-09-22,次日早盘9:30,1.64,又涨停→隔夜后早盘兑现,0,192874.1,-192874,299930170,平淡期
2022-09-21,市北高新,5.40949604,挂涨停价排队·尾盘开缝成交,15846500,85721579,2022-09-22,尾盘14:50,5.21,没涨停→尾盘兑现,-3163158,126210.0,-3289368,382426672,平淡期
2022-09-22,久其软件,5.07,挂涨停价排队·尾盘开缝成交,16762000,84983340,2022-09-23,尾盘14:50,4.85,没涨停→尾盘兑现,-3687640,124709.3,-3812349,194546964,平淡期
2022-09-22,凯龙股份,9.6837678,挂涨停价排队·尾盘开缝成交,5850600,56655852,2022-09-23,尾盘14:50,9.56,没涨停→尾盘兑现,-722084,84442.2,-806527,250438781,平淡期
2022-09-22,北化股份,9.2176322,挂涨停价排队·尾盘开缝成交,13829500,127475245,2022-09-26,次日早盘9:30,10.14,又涨停→隔夜后早盘兑现,12774705,200793.9,12573911,390583543,平淡期
2022-09-26,华联控股,4.14742944,挂涨停价排队·尾盘开缝成交,31391600,130194446,2022-09-27,尾盘14:50,4.03,没涨停→尾盘兑现,-3737640,192488.4,-3930128,242093416,平淡期
2022-09-26,科达利,105.4068795,挂涨停价排队·尾盘开缝成交,823400,86792025,2022-09-27,尾盘14:50,101.46,没涨停→尾盘兑现,-3245881,127753.6,-3373634,325576900,平淡期
2022-09-26,津投城开,2.55,挂涨停价排队·尾盘开缝成交,22692400,57865620,2022-09-27,尾盘14:50,2.39,没涨停→尾盘兑现,-3630784,84075.3,-3714859,379771060,平淡期
2022-09-27,ST加加,4.34370972,挂涨停价排队·尾盘开缝成交,19428900,84393502,2022-09-28,尾盘14:50,4.32,没涨停→尾盘兑现,-380151,126305.1,-506456,196475494,妖股期
2022-09-27,海思科,17.91342168,挂涨停价排队·尾盘开缝成交,3140800,56262475,2022-09-28,尾盘14:50,18.18,没涨停→尾盘兑现,822017,85010.2,737006,253517172,妖股期
2022-09-27,尚荣医疗,4.49822439,挂涨停价排队·尾盘开缝成交,28142200,126589930,2022-09-29,次日早盘9:30,4.66,又涨停→隔夜后早盘兑现,4490995,193253.1,4297742,384499787,妖股期
2022-09-29,证通电子,10.13,挂涨停价排队·尾盘开缝成交,12652100,128165773,2022-09-30,尾盘14:50,10.0,没涨停→尾盘兑现,-1644773,191015.1,-1835788,297316295,恐慌期
2022-09-29,小崧股份,11.9485146,挂涨停价排队·尾盘开缝成交,7151000,85443828,2022-09-30,尾盘14:50,11.07,没涨停→尾盘兑现,-6271107,123462.4,-6394569,376429637,恐慌期
2022-09-30,荣丰控股,14.01976212,挂涨停价排队·尾盘开缝成交,8949900,125475469,2022-10-10,尾盘14:50,13.18,没涨停→尾盘兑现,-7553410,182548.1,-7735958,285137533,平淡期
2022-09-30,华森制药,12.07056928,挂涨停价排队·尾盘开缝成交,6930100,83650252,2022-10-10,尾盘14:50,12.23,没涨停→尾盘兑现,1086367,126290.2,960077,369810600,平淡期
2022-10-10,榕基软件,6.05,挂涨停价排队·尾盘开缝成交,20375200,123269960,2022-10-11,尾盘14:50,5.94,没涨停→尾盘兑现,-2241272,183224.0,-2424496,285299511,恐慌期
2022-10-10,永安行,13.18556687,挂涨停价排队·尾盘开缝成交,6232500,82179046,2022-10-11,尾盘14:50,13.59,没涨停→尾盘兑现,2536754,125171.1,2411583,369951774,恐慌期
2022-10-11,*ST万方,6.02,挂涨停价排队·尾盘开缝成交,20484500,123316690,2022-10-13,次日早盘9:30,6.84,又涨停→隔夜后早盘兑现,16797290,197573.0,16599717,249624745,平淡期
2022-10-11,*ST高鸿,4.54,挂涨停价排队·尾盘开缝成交,18108300,82211682,2022-10-13,次日早盘9:30,5.3,又涨停→隔夜后早盘兑现,13762308,133639.3,13628669,345526754,平淡期
2022-10-11,辉丰股份,2.56,挂涨停价排队·尾盘开缝成交,21409200,54807552,2022-10-13,次日早盘9:30,2.72,又涨停→隔夜后早盘兑现,3425472,84780.4,3340692,403716103,平淡期
2022-10-13,中哲精化,6.01,挂涨停价排队·尾盘开缝成交,22391300,134571713,2022-10-14,尾盘14:50,6.24,没涨停→尾盘兑现,5149999,205720.1,4944279,259237187,主线期
2022-10-13,延华智能,4.38,挂涨停价排队·尾盘开缝成交,20482800,89714664,2022-10-14,尾盘14:50,4.55,没涨停→尾盘兑现,3482076,137183.6,3344892,352364029,主线期
2022-10-13,奥赛康,8.33639422,挂涨停价排队·尾盘开缝成交,7174500,59809460,2022-10-14,尾盘14:50,8.65,没涨停→尾盘兑现,2259625,91408.9,2168217,414386563,主线期
2022-10-14,四环生物,3.33,挂涨停价排队·尾盘开缝成交,41480100,138128733,2022-10-17,尾盘14:50,3.42,没涨停→尾盘兑现,3733209,209993.0,3523216,264537896,妖股期
2022-10-14,恩华药业,17.31544112,挂涨停价排队·尾盘开缝成交,5318100,92085247,2022-10-17,次日早盘9:30,17.84,又涨停→隔夜后早盘兑现,2764568,140201.3,2624367,359316574,妖股期
2022-10-14,仙琚制药,9.37327008,挂涨停价排队·尾盘开缝成交,6549500,61390232,2022-10-17,尾盘14:50,9.61,没涨停→尾盘兑现,1581619,93271.6,1488347,422241196,妖股期
2022-10-17,浙江震元,8.1493893,挂涨停价排队·尾盘开缝成交,17270800,140746473,2022-10-18,尾盘14:50,8.15,没涨停→尾盘兑现,0,211119.7,-211120,265750911,妖股期
2022-10-17,信隆健康,7.21606157,挂涨停价排队·尾盘开缝成交,13003100,93831170,2022-10-18,尾盘14:50,7.17,没涨停→尾盘兑现,-634852,140270.6,-775123,358877332,妖股期
2022-10-17,中光学,15.27,挂涨停价排队·尾盘开缝成交,4096500,62553555,2022-10-18,尾盘14:50,15.3,没涨停→尾盘兑现,122895,93922.5,28972,421506774,妖股期
2022-10-18,华特达因,38.16153748,挂涨停价排队·尾盘开缝成交,3681700,140499333,2022-10-19,尾盘14:50,38.93,没涨停→尾盘兑现,2811708,212857.8,2598850,268098581,妖股期
2022-10-18,信立泰,30.23166133,挂涨停价排队·尾盘开缝成交,3098300,93666756,2022-10-19,尾盘14:50,29.06,没涨停→尾盘兑现,-3617153,137787.3,-3754940,358080648,妖股期
2022-10-18,盘龙药业,26.4174894,挂涨停价排队·尾盘开缝成交,2363800,62445661,2022-10-19,尾盘14:50,27.18,没涨停→尾盘兑现,1809255,95025.4,1714230,422287373,妖股期
2022-10-19,中期退,6.86,挂涨停价排队·尾盘开缝成交,13679500,93841370,2022-10-20,尾盘14:50,6.8,没涨停→尾盘兑现,-820770,140146.5,-960916,218073346,平淡期
2022-10-19,皖通科技,7.16269957,挂涨停价排队·尾盘开缝成交,8734300,62561167,2022-10-20,尾盘14:50,6.82,没涨停→尾盘兑现,-2958386,91623.0,-3050009,277631425,平淡期
2022-10-19,德展健康,3.63,挂涨停价排队·尾盘开缝成交,38777500,140762325,2022-10-21,次日早盘9:30,4.39,又涨停→隔夜后早盘兑现,29470900,233246.7,29237653,355193365,平淡期
2022-10-20,冠捷科技,2.26,挂涨停价排队·尾盘开缝成交,40948500,92543610,2022-10-21,尾盘14:50,2.15,没涨停→尾盘兑现,-4504335,135437.2,-4639772,443166610,平淡期
2022-10-21,众生药业,18.713376,挂涨停价排队·尾盘开缝成交,5262600,98481013,2022-10-24,尾盘14:50,18.08,没涨停→尾盘兑现,-3351055,145208.2,-3496264,226368571,妖股期
2022-10-21,合金投资,9.79,挂涨停价排队·尾盘开缝成交,15089000,147721310,2022-10-25,次日早盘9:30,10.72,又涨停→隔夜后早盘兑现,14032770,232106.5,13800663,388001336,妖股期
2022-10-21,罗普斯金,5.8463336,挂涨停价排队·尾盘开缝成交,11230000,65654326,2022-10-25,次日早盘9:30,7.04,又涨停→隔夜后早盘兑现,13353422,108496.6,13244926,466949828,妖股期
2022-10-25,北玻股份,4.75918096,挂涨停价排队·尾盘开缝成交,32705100,155649489,2022-10-26,尾盘14:50,4.83,没涨停→尾盘兑现,2232677,235148.7,1997528,365299484,妖股期
2022-10-25,新泉股份,28.57033784,挂涨停价排队·尾盘开缝成交,3631900,103764610,2022-10-26,次日早盘9:30,28.54,又涨停→隔夜后早盘兑现,-101160,155571.0,-256731,468885187,妖股期
2022-10-26,通化金马,5.49,挂涨停价排队·尾盘开缝成交,28469000,156294810,2022-10-27,尾盘14:50,5.55,没涨停→尾盘兑现,1708140,235723.3,1472417,296813832,主线期
2022-10-26,ST万邦,9.44860312,挂涨停价排队·尾盘开缝成交,11027700,104196361,2022-10-27,尾盘14:50,10.28,没涨停→尾盘兑现,9153102,163159.4,8989943,410078282,主线期
2022-10-26,特一药业,6.09488577,挂涨停价排队·尾盘开缝成交,11397200,69464632,2022-10-27,尾盘14:50,6.18,没涨停→尾盘兑现,1014472,104957.8,909514,480504527,主线期
2022-10-27,天士力,10.40502849,挂涨停价排队·尾盘开缝成交,15393300,160167725,2022-10-28,尾盘14:50,10.03,没涨停→尾盘兑现,-5705366,235972.6,-5941339,474683314,平淡期
2022-10-28,神奇制药,5.9271066,挂涨停价排队·尾盘开缝成交,26695600,158227667,2022-11-01,次日早盘9:30,7.04,又涨停→隔夜后早盘兑现,29605491,259545.6,29345946,328340906,恐慌期
2022-10-31,金陵药业,7.67981324,挂涨停价排队·尾盘开缝成交,13735300,105484539,2022-11-01,尾盘14:50,7.74,没涨停→尾盘兑现,777527,158810.0,618717,434523276,恐慌期
2022-10-31,川大智胜,13.19,挂涨停价排队·尾盘开缝成交,5331500,70322485,2022-11-02,次日早盘9:30,15.96,又涨停→隔夜后早盘兑现,14768255,116559.9,14651695,278148695,恐慌期
2022-11-01,远大控股,9.13,挂涨停价排队·尾盘开缝成交,15864300,144841059,2022-11-02,尾盘14:50,9.37,没涨停→尾盘兑现,3807432,220117.2,3587315,426685700,妖股期
2022-11-01,ST西王,4.04,挂涨停价排队·尾盘开缝成交,23901100,96560444,2022-11-02,尾盘14:50,4.0,没涨停→尾盘兑现,-956044,144123.6,-1100168,522218396,妖股期
2022-11-02,江淮汽车,14.4363014,挂涨停价排队·尾盘开缝成交,12057900,174071479,2022-11-03,尾盘14:50,14.49,没涨停→尾盘兑现,602323,261559.0,340764,329275314,主线期
2022-11-02,保隆科技,44.85649168,挂涨停价排队·尾盘开缝成交,2587100,116048230,2022-11-03,尾盘14:50,45.29,没涨停→尾盘兑现,1124546,174915.8,949630,446360210,主线期
2022-11-02,维力医疗,19.6535427,挂涨停价排队·尾盘开缝成交,3936500,77366171,2022-11-03,尾盘14:50,19.85,没涨停→尾盘兑现,754792,116615.4,638177,524422582,主线期
2022-11-03,沪电股份,11.6925288,挂涨停价排队·尾盘开缝成交,14950300,174806813,2022-11-04,尾盘14:50,12.3,没涨停→尾盘兑现,9026909,268980.4,8757929,533311616,平淡期
2022-11-04,石基信息,11.52093087,挂涨停价排队·尾盘开缝成交,15430200,177770268,2022-11-07,尾盘14:50,11.27,没涨停→尾盘兑现,-3903140,263728.0,-4166868,331755427,平淡期
2022-11-04,明泰铝业,14.11230906,挂涨停价排队·尾盘开缝成交,8397900,118513760,2022-11-07,尾盘14:50,14.23,没涨停→尾盘兑现,951918,178484.6,773433,451131506,平淡期
2022-11-04,灵康药业,6.02,挂涨停价排队·尾盘开缝成交,13124400,79008888,2022-11-07,尾盘14:50,6.14,没涨停→尾盘兑现,1574928,119694.5,1455233,531654884,平淡期
2022-11-08,汉森制药,6.71638272,挂涨停价排队·尾盘开缝成交,26385900,177217803,2022-11-09,尾盘14:50,6.87,没涨停→尾盘兑现,4093346,268896.7,3824449,338703168,平淡期
2022-11-08,国光股份,6.6017896,挂涨停价排队·尾盘开缝成交,17896000,118145627,2022-11-09,尾盘14:50,6.47,没涨停→尾盘兑现,-2290578,175500.5,-2466079,454471325,平淡期
2022-11-08,*ST网达,14.1637958,挂涨停价排队·尾盘开缝成交,5560900,78763452,2022-11-10,次日早盘9:30,15.57,又涨停→隔夜后早盘兑现,7795700,123992.0,7671708,288482402,平淡期
2022-11-09,利君股份,7.31290756,挂涨停价排队·尾盘开缝成交,20715400,151489805,2022-11-10,尾盘14:50,7.6,没涨停→尾盘兑现,5849806,231622.1,5618184,445704009,平淡期
2022-11-09,司太立,19.33664256,挂涨停价排队·尾盘开缝成交,5222900,100993350,2022-11-10,尾盘14:50,19.66,没涨停→尾盘兑现,1676647,152747.5,1523900,548297004,平淡期
2022-11-10,新宏泰,20.37239757,挂涨停价排队·尾盘开缝成交,3987200,81228824,2022-11-11,尾盘14:50,21.18,没涨停→尾盘兑现,3220691,124258.8,3096432,246845578,妖股期
2022-11-10,日上集团,4.06342464,挂涨停价排队·尾盘开缝成交,44978200,182765526,2022-11-14,次日早盘9:30,4.48,又涨停→隔夜后早盘兑现,18667263,288148.7,18379114,365845498,妖股期
2022-11-10,天下秀,7.27813472,挂涨停价排队·尾盘开缝成交,16741000,121843253,2022-11-14,次日早盘9:30,8.21,又涨停→隔夜后早盘兑现,15561502,194436.0,15367066,503147200,妖股期
2022-11-11,荣安地产,2.373963,挂涨停价排队·尾盘开缝成交,34660100,82281795,2022-11-14,尾盘14:50,2.42,没涨停→尾盘兑现,1645636,124656.9,1520979,587011685,妖股期
2022-11-14,仁和药业,6.46206288,挂涨停价排队·尾盘开缝成交,20186600,130447079,2022-11-15,尾盘14:50,6.43,没涨停→尾盘兑现,-716742,195133.1,-911875,303565458,平淡期
2022-11-14,一心堂,30.3109016,挂涨停价排队·尾盘开缝成交,2869000,86961977,2022-11-15,尾盘14:50,31.6,没涨停→尾盘兑现,3700510,133218.3,3567291,394159948,平淡期
2022-11-14,丰原药业,6.66417624,挂涨停价排队·尾盘开缝成交,29361500,195670211,2022-11-16,次日早盘9:30,7.92,又涨停→隔夜后早盘兑现,36737279,321058.3,36416220,407416686,平淡期
2022-11-15,*ST发展,5.86,挂涨停价排队·尾盘开缝成交,22420900,131386474,2022-11-16,尾盘14:50,5.56,没涨停→尾盘兑现,-6726270,192035.0,-6918305,531983395,主线期
2022-11-15,共达电声,12.34687566,挂涨停价排队·尾盘开缝成交,7094100,87589971,2022-11-16,尾盘14:50,12.44,没涨停→尾盘兑现,632672,131859.5,500813,620139871,主线期
2022-11-16,中关村,7.63174204,挂涨停价排队·尾盘开缝成交,27085900,206712602,2022-11-17,尾盘14:50,7.3,没涨停→尾盘兑现,-8893763,303398.6,-9197161,381416247,平淡期
2022-11-16,武汉凡谷,11.2222956,挂涨停价排队·尾盘开缝成交,12279900,137808668,2022-11-17,尾盘14:50,10.73,没涨停→尾盘兑现,-6072924,202158.3,-6275083,513053189,平淡期
2022-11-16,ST金花,8.9402635,挂涨停价排队·尾盘开缝成交,10276300,91872830,2022-11-18,次日早盘9:30,9.97,又涨停→隔夜后早盘兑现,10537752,145712.6,10392040,330358392,平淡期
2022-11-17,三七互娱,15.27829488,挂涨停价排队·尾盘开缝成交,7462300,114011220,2022-11-18,尾盘14:50,15.24,没涨停→尾盘兑现,-307474,170786.2,-478260,443976860,妖股期
2022-11-17,生意宝,14.77356848,挂涨停价排队·尾盘开缝成交,11575900,171017351,2022-11-21,次日早盘9:30,17.08,又涨停→隔夜后早盘兑现,26750040,276588.6,26473452,394945263,妖股期
2022-11-18,华兰生物,19.20281928,挂涨停价排队·尾盘开缝成交,7706700,147990367,2022-11-21,尾盘14:50,19.12,没涨停→尾盘兑现,-620071,221520.5,-841592,542205031,妖股期
2022-11-18,凤凰光学,22.28,挂涨停价排队·尾盘开缝成交,4428200,98660296,2022-11-21,尾盘14:50,21.61,没涨停→尾盘兑现,-2966894,145765.3,-3112659,637826663,妖股期
2022-11-21,大东南,3.36,挂涨停价排队·尾盘开缝成交,63276400,212608704,2022-11-22,尾盘14:50,3.21,没涨停→尾盘兑现,-9491460,311794.5,-9803254,391952462,妖股期
2022-11-21,双星新材,13.46351672,挂涨停价排队·尾盘开缝成交,10527600,141738519,2022-11-22,尾盘14:50,14.62,没涨停→尾盘兑现,12151934,221721.7,11930212,545727497,妖股期
2022-11-21,*ST明德,41.44744452,挂涨停价排队·尾盘开缝成交,2279800,94491884,2022-11-22,尾盘14:50,39.04,没涨停→尾盘兑现,-5498965,137613.6,-5636579,634653671,妖股期
2022-11-22,特力A,19.01031102,挂涨停价排队·尾盘开缝成交,11128200,211550543,2022-11-23,尾盘14:50,19.56,没涨停→尾盘兑现,6125559,321920.0,5803639,499581870,平淡期
2022-11-22,厦门信达,6.41,挂涨停价排队·尾盘开缝成交,22002200,141034102,2022-11-23,尾盘14:50,6.3,没涨停→尾盘兑现,-2420242,209736.0,-2629978,638091770,平淡期
2022-11-23,英力特,9.57,挂涨停价排队·尾盘开缝成交,22225400,212697078,2022-11-24,尾盘14:50,9.46,没涨停→尾盘兑现,-2444794,317212.0,-2762006,399160184,恐慌期
2022-11-23,永太科技,25.4984085,挂涨停价排队·尾盘开缝成交,5561000,141796650,2022-11-24,尾盘14:50,26.74,没涨停→尾盘兑现,6910168,217877.6,6692291,547755471,恐慌期
2022-11-23,中盐化工,11.38739424,挂涨停价排队·尾盘开缝成交,8301500,94532453,2022-11-24,尾盘14:50,11.02,没涨停→尾盘兑现,-3069988,139496.2,-3209484,639149340,恐慌期
2022-11-24,科力远,11.61718195,挂涨停价排队·尾盘开缝成交,18339100,213048661,2022-11-25,尾盘14:50,10.48,没涨停→尾盘兑现,-20847680,303937.2,-21151617,381436566,妖股期
2022-11-24,中毅达,16.15,挂涨停价排队·尾盘开缝成交,8794600,142032790,2022-11-25,尾盘14:50,16.68,没涨停→尾盘兑现,4661138,216545.0,4444593,528020474,妖股期
2022-11-24,天永智能,27.07,挂涨停价排队·尾盘开缝成交,3497900,94688153,2022-11-25,尾盘14:50,27.9,没涨停→尾盘兑现,2903257,144209.7,2759047,625538690,妖股期
2022-11-25,*ST嘉凯,2.39,挂涨停价排队·尾盘开缝成交,87243800,208512682,2022-11-28,尾盘14:50,2.35,没涨停→尾盘兑现,-3489752,310151.7,-3799904,390214345,平淡期
2022-11-25,*ST蓝光,1.39,挂涨停价排队·尾盘开缝成交,100006200,139008618,2022-11-28,尾盘14:50,1.36,没涨停→尾盘兑现,-3000186,206262.8,-3206449,526120771,平淡期
2022-11-25,新黄浦,5.99377856,挂涨停价排队·尾盘开缝成交,15461400,92672208,2022-11-28,次日早盘9:30,5.93,又涨停→隔夜后早盘兑现,-1053093,138218.5,-1191312,617671171,平淡期
2022-11-28,深振业A,4.73275278,挂涨停价排队·尾盘开缝成交,43503300,205890364,2022-11-30,次日早盘9:30,5.41,又涨停→隔夜后早盘兑现,29412909,330895.2,29082014,418140985,平淡期
2022-11-28,中国国贸,13.42868261,挂涨停价排队·尾盘开缝成交,10221400,137259936,2022-11-30,次日早盘9:30,14.1,又涨停→隔夜后早盘兑现,6850465,211027.8,6639438,562143304,平淡期
2022-11-28,中华企业,3.0513517,挂涨停价排队·尾盘开缝成交,29988900,91506681,2022-11-30,次日早盘9:30,3.69,又涨停→隔夜后早盘兑现,19186885,151650.2,19035235,672753850,平淡期
2022-11-30,经纬纺机,9.5906139,挂涨停价排队·尾盘开缝成交,23382300,224250611,2022-12-01,尾盘14:50,9.34,没涨停→尾盘兑现,-5809601,332018.7,-6141620,417612992,妖股期
2022-11-30,佛慈制药,12.12129328,挂涨停价排队·尾盘开缝成交,12333700,149500395,2022-12-01,尾盘14:50,11.45,没涨停→尾盘兑现,-8278523,218041.7,-8496565,558728947,妖股期
2022-11-30,东风股份,6.35036226,挂涨停价排队·尾盘开缝成交,15694700,99667031,2022-12-01,尾盘14:50,6.36,没涨停→尾盘兑现,155245,149617.0,5628,658476356,妖股期
2022-12-01,飞亚达,10.41141864,挂涨停价排队·尾盘开缝成交,21081800,219491445,2022-12-02,尾盘14:50,10.13,没涨停→尾盘兑现,-5927034,324791.9,-6251826,408509907,妖股期
2022-12-01,工智退,7.7,挂涨停价排队·尾盘开缝成交,19003600,146327720,2022-12-02,尾盘14:50,7.76,没涨停→尾盘兑现,1140216,220346.7,919869,555867242,妖股期
2022-12-01,煌上煌,11.4940936,挂涨停价排队·尾盘开缝成交,8487100,97551522,2022-12-02,尾盘14:50,11.77,没涨停→尾盘兑现,2359461,148096.9,2211364,655703292,妖股期
2022-12-02,海得控制,12.29650548,挂涨停价排队·尾盘开缝成交,17774700,218566696,2022-12-05,尾盘14:50,12.48,没涨停→尾盘兑现,3316907,330337.7,2986569,416001360,妖股期
2022-12-02,桂林三金,14.02374262,挂涨停价排队·尾盘开缝成交,10390300,145710893,2022-12-05,尾盘14:50,14.11,没涨停→尾盘兑现,906726,219246.4,687480,562509016,妖股期
2022-12-02,退市卓朗,3.97,挂涨停价排队·尾盘开缝成交,24468900,97141533,2022-12-06,次日早盘9:30,4.81,又涨停→隔夜后早盘兑现,20553876,161127.7,20392748,367611441,妖股期
2022-12-05,招商积余,15.98885418,挂涨停价排队·尾盘开缝成交,11727100,187502892,2022-12-06,尾盘14:50,15.73,没涨停→尾盘兑现,-3047058,278969.0,-3326027,551928933,平淡期
2022-12-05,中航产融,3.61634391,挂涨停价排队·尾盘开缝成交,34565800,125001820,2022-12-06,尾盘14:50,3.67,没涨停→尾盘兑现,1693792,188773.1,1505019,678529523,平淡期
2022-12-06,金溢科技,24.60207225,挂涨停价排队·尾盘开缝成交,9193300,226174231,2022-12-07,尾盘14:50,24.81,没涨停→尾盘兑现,1903671,340689.1,1562982,428954256,平淡期
2022-12-06,三江购物,10.23495515,挂涨停价排队·尾盘开缝成交,14732300,150784430,2022-12-07,尾盘14:50,10.6,没涨停→尾盘兑现,5360613,230197.1,5130416,584982190,平淡期
2022-12-06,永辉超市,3.7,挂涨停价排队·尾盘开缝成交,27168500,100523450,2022-12-07,尾盘14:50,3.85,没涨停→尾盘兑现,4075275,153841.6,3921433,689502466,平淡期
2022-12-07,誉衡药业,2.93,挂涨停价排队·尾盘开缝成交,78441600,229833888,2022-12-08,尾盘14:50,2.86,没涨停→尾盘兑现,-5490912,340632.6,-5831545,683843297,平淡期
2022-12-08,保利联合,12.52,挂涨停价排队·尾盘开缝成交,18206600,227946632,2022-12-09,尾盘14:50,12.22,没涨停→尾盘兑现,-5461980,337823.5,-5799803,526249093,平淡期
2022-12-08,金煤科技,3.6,挂涨停价排队·尾盘开缝成交,42212600,151965360,2022-12-09,尾盘14:50,3.46,没涨停→尾盘兑现,-5909764,223515.7,-6133280,672195148,平淡期
2022-12-09,华神科技,5.65181016,挂涨停价排队·尾盘开缝成交,39644800,224064883,2022-12-12,尾盘14:50,5.64,没涨停→尾盘兑现,-394480,335801.5,-730282,422672098,平淡期
2022-12-09,北方导航,11.11232484,挂涨停价排队·尾盘开缝成交,8961600,99584210,2022-12-12,尾盘14:50,11.05,没涨停→尾盘兑现,-531588,148977.6,-680566,521650431,平淡期
2022-12-09,庄园牧场,13.2282997,挂涨停价排队·尾盘开缝成交,11292200,149376606,2022-12-13,次日早盘9:30,13.92,又涨停→隔夜后早盘兑现,7861927,229961.4,7631965,388965483,平淡期
2022-12-12,金安国纪,8.43479208,挂涨停价排队·尾盘开缝成交,20615000,173883239,2022-12-13,尾盘14:50,8.34,没涨停→尾盘兑现,-2000958,259324.1,-2260282,560718852,平淡期
2022-12-12,哈药股份,3.51,挂涨停价排队·尾盘开缝成交,33026300,115922313,2022-12-14,次日早盘9:30,3.94,又涨停→隔夜后早盘兑现,14201309,184534.5,14016775,379235172,平淡期
2022-12-13,湖南投资,5.02434256,挂涨停价排队·尾盘开缝成交,37200100,186906046,2022-12-14,尾盘14:50,4.83,没涨停→尾盘兑现,-7133819,275008.7,-7408827,558872570,妖股期
2022-12-13,湘佳股份,23.3156812,挂涨停价排队·尾盘开缝成交,5344200,124603663,2022-12-14,尾盘14:50,23.07,没涨停→尾盘兑现,-1296026,185933.5,-1481960,682087726,妖股期
2022-12-14,全聚德,11.83,挂涨停价排队·尾盘开缝成交,19219100,227361953,2022-12-15,尾盘14:50,11.07,没涨停→尾盘兑现,-14606516,330088.0,-14936604,414696653,妖股期
2022-12-14,嘉欣丝绸,6.07663825,挂涨停价排队·尾盘开缝成交,24943900,151575057,2022-12-15,尾盘14:50,5.87,没涨停→尾盘兑现,-5226726,223442.5,-5450169,560935223,妖股期
2022-12-14,奥翔药业,14.34777344,挂涨停价排队·尾盘开缝成交,7042900,101049934,2022-12-15,尾盘14:50,14.09,没涨停→尾盘兑现,-1839164,150195.5,-1989360,660071584,妖股期
2022-12-15,华正新材,23.9422774,挂涨停价排队·尾盘开缝成交,9189700,220022347,2022-12-16,尾盘14:50,25.49,没涨停→尾盘兑现,14186133,340673.1,13845460,674082061,平淡期
2022-12-16,海南高速,5.10324049,挂涨停价排队·尾盘开缝成交,44029600,224693637,2022-12-19,尾盘14:50,4.88,没涨停→尾盘兑现,-9881365,329629.4,-10210994,414379831,平淡期
2022-12-16,尖峰集团,10.98773316,挂涨停价排队·尾盘开缝成交,13633000,149795766,2022-12-19,尾盘14:50,11.12,没涨停→尾盘兑现,1735505,225995.3,1509510,565797453,平淡期
2022-12-16,宁波富达,3.59950656,挂涨停价排队·尾盘开缝成交,27743800,99863990,2022-12-19,尾盘14:50,3.63,没涨停→尾盘兑现,979059,150530.3,828528,666564870,平淡期
2022-12-19,凤凰股份,4.54,挂涨停价排队·尾盘开缝成交,48940100,222188054,2022-12-20,尾盘14:50,4.24,没涨停→尾盘兑现,-14682030,322270.6,-15004301,651727210,恐慌期
2022-12-20,雄韬股份,16.8466071,挂涨停价排队·尾盘开缝成交,12895300,217242053,2022-12-21,尾盘14:50,17.95,没涨停→尾盘兑现,14274118,336568.7,13937549,520999931,恐慌期
2022-12-20,万里股份,15.4,挂涨停价排队·尾盘开缝成交,9404400,144827760,2022-12-21,尾盘14:50,15.58,没涨停→尾盘兑现,1692792,218511.2,1474281,667410592,恐慌期
2022-12-21,元利科技,30.17915472,挂涨停价排队·尾盘开缝成交,7371600,222468657,2022-12-22,次日早盘9:30,31.35,又涨停→隔夜后早盘兑现,8632300,340177.2,8292123,675869567,平淡期
2022-12-22,*ST广糖,8.47,挂涨停价排队·尾盘开缝成交,26598500,225289295,2022-12-23,尾盘14:50,8.67,没涨停→尾盘兑现,5319700,341923.7,4977776,430696824,平淡期
2022-12-22,金新农,6.13,挂涨停价排队·尾盘开缝成交,24501300,150192969,2022-12-23,尾盘14:50,5.98,没涨停→尾盘兑现,-3675195,222533.1,-3897728,577104710,平淡期
2022-12-22,上海家化,30.22504816,挂涨停价排队·尾盘开缝成交,3312700,100126517,2022-12-23,次日早盘9:30,30.23,又涨停→隔夜后早盘兑现,0,150189.8,-150190,677156132,平淡期
2022-12-23,金字火腿,4.76986345,挂涨停价排队·尾盘开缝成交,47321800,225718524,2022-12-26,尾盘14:50,4.58,没涨停→尾盘兑现,-8842581,331945.9,-9174527,668150894,平淡期
2022-12-26,铖昌科技,61.21804711,挂涨停价排队·尾盘开缝成交,3638000,222711255,2022-12-27,尾盘14:50,64.32,没涨停→尾盘兑现,11283297,342529.4,10940767,431793086,妖股期
2022-12-26,西陇科学,7.30977536,挂涨停价排队·尾盘开缝成交,13541600,98986054,2022-12-27,尾盘14:50,7.2,没涨停→尾盘兑现,-1479411,147369.5,-1626781,529226599,妖股期
2022-12-26,芭田股份,5.17509042,挂涨停价排队·尾盘开缝成交,28691200,148479554,2022-12-28,次日早盘9:30,5.65,又涨停→隔夜后早盘兑现,13591393,232912.9,13358480,397161717,妖股期
2022-12-27,华联股份,1.94,挂涨停价排队·尾盘开缝成交,90932400,176408856,2022-12-28,尾盘14:50,1.89,没涨停→尾盘兑现,-4546620,261203.3,-4807823,568895056,平淡期
2022-12-27,怡亚通,6.29896308,挂涨停价排队·尾盘开缝成交,18670600,117605420,2022-12-28,尾盘14:50,6.26,没涨停→尾盘兑现,-739657,175853.4,-915510,685673170,平淡期
2022-12-28,华媒控股,5.28962244,挂涨停价排队·尾盘开缝成交,43208700,228557709,2022-12-29,尾盘14:50,5.23,没涨停→尾盘兑现,-2568064,340910.5,-2908975,428982653,平淡期
2022-12-28,三峡旅游,5.76242478,挂涨停价排队·尾盘开缝成交,26442300,152371765,2022-12-29,尾盘14:50,5.5,没涨停→尾盘兑现,-6822616,223440.7,-7046057,574422639,平淡期
2022-12-28,浙江东日,7.40236658,挂涨停价排队·尾盘开缝成交,13722800,101581196,2022-12-30,次日早盘9:30,7.9,又涨停→隔夜后早盘兑现,6789489,157463.9,6632025,363590379,平淡期
2022-12-29,卫光生物,30.43190536,挂涨停价排队·尾盘开缝成交,6291800,191471462,2022-12-30,尾盘14:50,31.03,没涨停→尾盘兑现,3733938,290007.6,3443931,558649376,平淡期
2022-12-29,康恩贝,4.26969458,挂涨停价排队·尾盘开缝成交,29896800,127650205,2022-12-30,尾盘14:50,4.15,没涨停→尾盘兑现,-3669616,188723.1,-3858339,682536979,平淡期
2022-12-30,南宁百货,5.07,挂涨停价排队·尾盘开缝成交,44874200,227512194,2023-01-03,尾盘14:50,4.78,没涨停→尾盘兑现,-13013518,331508.2,-13345026,669362587,平淡期
2023-01-03,海信家电,12.37763331,挂涨停价排队·尾盘开缝成交,18026100,223120456,2023-01-04,尾盘14:50,13.08,没涨停→尾盘兑现,12626554,344150.6,12282404,433900730,主线期
2023-01-03,梦网科技,12.30666385,挂涨停价排队·尾盘开缝成交,12086700,148746954,2023-01-04,尾盘14:50,12.74,没涨停→尾盘兑现,5179044,227004.7,4952039,587711283,主线期
2023-01-03,ST加加,5.08,挂涨停价排队·尾盘开缝成交,19520600,99164648,2023-01-04,尾盘14:50,4.97,没涨停→尾盘兑现,-2147266,147136.5,-2294403,684655902,主线期
2023-01-04,帝欧水华,8.29,挂涨停价排队·尾盘开缝成交,27529300,228217897,2023-01-05,尾盘14:50,8.28,没涨停→尾盘兑现,-275293,342120.4,-617413,532064147,妖股期
2023-01-04,岳阳林纸,5.950017,挂涨停价排队·尾盘开缝成交,25570600,152145505,2023-01-05,尾盘14:50,5.77,没涨停→尾盘兑现,-4723472,224675.7,-4948147,679375614,妖股期
2023-01-05,ST富通,3.16,挂涨停价排队·尾盘开缝成交,71664000,226458240,2023-01-06,尾盘14:50,3.03,没涨停→尾盘兑现,-9316320,332700.1,-9649020,418278130,平淡期
2023-01-05,华阳集团,34.44592365,挂涨停价排队·尾盘开缝成交,4382800,150969594,2023-01-06,尾盘14:50,36.26,没涨停→尾盘兑现,7945768,232413.7,7713354,577074305,平淡期
2023-01-05,通达电气,7.162437,挂涨停价排队·尾盘开缝成交,14052300,100648713,2023-01-09,次日早盘9:30,7.72,又涨停→隔夜后早盘兑现,7837400,156851.1,7680549,493123286,平淡期
2023-01-06,联泓新科,34.56279292,挂涨停价排队·尾盘开缝成交,5565400,192355768,2023-01-09,尾盘14:50,35.6,没涨停→尾盘兑现,5785957,292873.1,5493084,691116404,平淡期
2023-01-09,铭普光磁,15.01566138,挂涨停价排队·尾盘开缝成交,15342100,230371778,2023-01-10,尾盘14:50,14.89,没涨停→尾盘兑现,-1992570,344063.2,-2336634,432983636,平淡期
2023-01-09,株冶集团,7.81,挂涨停价排队·尾盘开缝成交,19664700,153581307,2023-01-10,尾盘14:50,7.83,没涨停→尾盘兑现,393294,230666.9,162627,586842756,平淡期
2023-01-09,君正集团,3.69259755,挂涨停价排队·尾盘开缝成交,27727800,102387606,2023-01-10,尾盘14:50,3.48,没涨停→尾盘兑现,-5945087,149122.6,-6094209,683212944,平淡期
2023-01-10,东易日盛,4.995,挂涨停价排队·尾盘开缝成交,45593100,227737534,2023-01-11,尾盘14:50,4.89,没涨停→尾盘兑现,-4723445,338063.7,-5061509,678322238,平淡期
2023-01-12,亚世光电,17.12753536,挂涨停价排队·尾盘开缝成交,8800900,150737726,2023-01-13,尾盘14:50,16.64,没涨停→尾盘兑现,-4262945,222909.4,-4485854,447842094,平淡期
2023-01-12,ST合力泰,2.77,挂涨停价排队·尾盘开缝成交,81627200,226107344,2023-01-16,次日早盘9:30,3.28,又涨停→隔夜后早盘兑现,41629872,370383.4,41259489,566098458,平淡期
2023-01-13,摩恩电气,6.5708874,挂涨停价排队·尾盘开缝成交,22718400,149280048,2023-01-16,尾盘14:50,6.79,没涨停→尾盘兑现,4976002,227652.1,4748350,720238816,平淡期
2023-01-16,*ST民控,4.27,挂涨停价排队·尾盘开缝成交,56224700,240079469,2023-01-17,尾盘14:50,4.2,没涨停→尾盘兑现,-3935729,357167.4,-4292896,449371543,平淡期
2023-01-16,ST联络,3.16,挂涨停价排队·尾盘开缝成交,50649700,160053052,2023-01-17,尾盘14:50,3.16,没涨停→尾盘兑现,0,240079.6,-240080,609304555,平淡期
2023-01-16,苏豪弘业,8.84101984,挂涨停价排队·尾盘开缝成交,12068900,106701384,2023-01-17,尾盘14:50,8.8,没涨停→尾盘兑现,-456965,159709.4,-616675,715469291,平淡期
2023-01-17,*ST宋都,2.88,挂涨停价排队·尾盘开缝成交,82808900,238489632,2023-01-18,尾盘14:50,2.82,没涨停→尾盘兑现,-4968534,354008.0,-5322542,551332990,平淡期
2023-01-17,瑞斯康达,6.97213764,挂涨停价排队·尾盘开缝成交,22804000,158992627,2023-01-18,尾盘14:50,6.96,没涨停→尾盘兑现,-226485,238319.1,-464804,709980056,平淡期
2023-01-18,禾盛新材,10.0742854,挂涨停价排队·尾盘开缝成交,23491400,236659068,2023-01-19,尾盘14:50,9.39,没涨停→尾盘兑现,-16167798,342862.8,-16510660,535873570,平淡期
2023-01-18,永鼎股份,3.7270286,挂涨停价排队·尾盘开缝成交,42332200,157773320,2023-01-19,尾盘14:50,3.74,没涨停→尾盘兑现,415193,236971.4,178222,693943442,平淡期
2023-01-19,延华智能,4.73,挂涨停价排队·尾盘开缝成交,48903600,231314028,2023-01-20,尾盘14:50,4.78,没涨停→尾盘兑现,2445180,348804.9,2096375,439197685,平淡期
2023-01-19,科远智慧,16.07753206,挂涨停价排队·尾盘开缝成交,9591600,154209257,2023-01-30,次日早盘9:30,19.46,又涨停→隔夜后早盘兑现,32404912,255617.6,32149294,479273173,平淡期
2023-01-19,高斯贝尔,10.29,挂涨停价排队·尾盘开缝成交,9990900,102806361,2023-01-30,次日早盘9:30,11.5,又涨停→隔夜后早盘兑现,12088989,163276.3,11925713,594082351,平淡期
2023-01-20,退市创兴,6.64,挂涨停价排队·尾盘开缝成交,22048000,146398720,2023-01-30,尾盘14:50,6.8,没涨停→尾盘兑现,3527680,222243.8,3305436,743896306,平淡期
2023-01-30,东山精密,28.4362872,挂涨停价排队·尾盘开缝成交,8720000,247964424,2023-01-31,尾盘14:50,27.95,没涨停→尾盘兑现,-4260557,368751.2,-4629308,463935698,妖股期
2023-01-30,飞龙股份,8.23369218,挂涨停价排队·尾盘开缝成交,20077300,165310308,2023-01-31,尾盘14:50,8.45,没涨停→尾盘兑现,4257712,251158.7,4006554,633376542,妖股期
2023-01-30,领益智造,5.28481862,挂涨停价排队·尾盘开缝成交,20853500,110206965,2023-01-31,尾盘14:50,5.18,没涨停→尾盘兑现,-2216228,163648.3,-2379876,741286287,妖股期
2023-01-31,新时达,7.37,挂涨停价排队·尾盘开缝成交,33527100,247094727,2023-02-01,尾盘14:50,7.79,没涨停→尾盘兑现,14081382,381203.1,13700179,590442456,平淡期
2023-01-31,日月股份,21.56171292,挂涨停价排队·尾盘开缝成交,7639900,164729331,2023-02-01,尾盘14:50,21.86,没涨停→尾盘兑现,2266917,248794.2,2018123,757313457,平淡期
2023-02-01,广汇汽车,2.33,挂涨停价排队·尾盘开缝成交,72228300,168291939,2023-02-02,尾盘14:50,2.34,没涨停→尾盘兑现,722283,252979.6,469303,393277200,妖股期
2023-02-01,金瑞矿业,10.50241698,挂涨停价排队·尾盘开缝成交,10682700,112194170,2023-02-02,尾盘14:50,10.75,没涨停→尾盘兑现,2628729,170262.8,2458467,508013983,妖股期
2023-02-01,翔鹭钨业,9.3198556,挂涨停价排队·尾盘开缝成交,27086000,252437609,2023-02-03,次日早盘9:30,10.66,又涨停→隔夜后早盘兑现,36178224,405790.1,35772434,514183625,妖股期
2023-02-02,华塑控股,4.35,挂涨停价排队·尾盘开缝成交,38928200,169337670,2023-02-03,尾盘14:50,4.31,没涨停→尾盘兑现,-1557128,252838.7,-1809967,681838332,平淡期
2023-02-02,泰尔股份,5.83388325,挂涨停价排队·尾盘开缝成交,19351100,112892058,2023-02-06,次日早盘9:30,7.06,又涨停→隔夜后早盘兑现,23736279,187140.3,23549139,591085849,平淡期
2023-02-03,恒铭达,22.76334566,挂涨停价排队·尾盘开缝成交,9984400,227278348,2023-02-06,尾盘14:50,22.37,没涨停→尾盘兑现,-3974059,337937.0,-4311996,814222660,平淡期
2023-02-06,好利科技,29.08215504,挂涨停价排队·尾盘开缝成交,9332400,271406304,2023-02-07,尾盘14:50,30.17,没涨停→尾盘兑现,10196275,414756.7,9781518,824207733,恐慌期
2023-02-07,拓日新能,5.903442,挂涨停价排队·尾盘开缝成交,46538200,274735564,2023-02-08,尾盘14:50,6.1,没涨停→尾盘兑现,9157852,418971.7,8738880,527891336,平淡期
2023-02-07,通宇通讯,10.3844216,挂涨停价排队·尾盘开缝成交,11758400,122104183,2023-02-08,尾盘14:50,11.04,没涨停→尾盘兑现,7703455,188933.9,7514521,657601618,平淡期
2023-02-07,雷柏科技,14.37,挂涨停价排队·尾盘开缝成交,12745800,183157146,2023-02-09,次日早盘9:30,15.49,又涨停→隔夜后早盘兑现,14275296,285442.2,13989854,489553431,平淡期
2023-02-08,北京科锐,8.1962265,挂涨停价排队·尾盘开缝成交,26744000,219199882,2023-02-09,尾盘14:50,8.38,没涨停→尾盘兑现,5048240,332586.0,4715654,713633366,恐慌期
2023-02-08,星帅尔,15.38060576,挂涨停价排队·尾盘开缝成交,9501100,146132673,2023-02-09,尾盘14:50,15.24,没涨停→尾盘兑现,-1380346,218163.8,-1598510,858277129,恐慌期
2023-02-09,剑桥科技,15.54764211,挂涨停价排队·尾盘开缝成交,18401000,286092162,2023-02-10,尾盘14:50,15.85,没涨停→尾盘兑现,5638180,433366.9,5204813,863696511,平淡期
2023-02-10,华映科技,2.2,挂涨停价排队·尾盘开缝成交,130863100,287898820,2023-02-13,尾盘14:50,2.23,没涨停→尾盘兑现,3925893,434792.6,3491100,547517038,恐慌期
2023-02-10,光迅科技,22.02038588,挂涨停价排队·尾盘开缝成交,8716100,191931885,2023-02-13,尾盘14:50,23.02,没涨停→尾盘兑现,8743659,294455.6,8449203,748042076,恐慌期
2023-02-10,茂硕电源,9.91957733,挂涨停价排队·尾盘开缝成交,12899200,127954612,2023-02-14,次日早盘9:30,12.01,又涨停→隔夜后早盘兑现,26911583,212115.6,26699468,487217612,恐慌期
2023-02-13,德新科技,62.09814013,挂涨停价排队·尾盘开缝成交,4015300,249342662,2023-02-14,尾盘14:50,61.15,没涨停→尾盘兑现,-3824186,371145.9,-4195332,732551949,平淡期
2023-02-13,杭叉集团,14.67895692,挂涨停价排队·尾盘开缝成交,11324500,166231848,2023-02-14,尾盘14:50,14.53,没涨停→尾盘兑现,-1631178,248124.4,-1879302,897029168,平淡期
2023-02-14,浙江美大,10.9700735,挂涨停价排队·尾盘开缝成交,27256800,299009099,2023-02-15,尾盘14:50,11.55,没涨停→尾盘兑现,15797571,460361.8,15337209,713255824,平淡期
2023-02-14,飞科电器,72.3538329,挂涨停价排队·尾盘开缝成交,2755000,199334810,2023-02-15,尾盘14:50,70.96,没涨停→尾盘兑现,-3834798,296126.1,-4130924,908609211,平淡期
2023-02-15,海洋王,10.2180786,挂涨停价排队·尾盘开缝成交,29640500,302868959,2023-02-16,尾盘14:50,10.65,没涨停→尾盘兑现,12797280,463901.4,12333379,584649341,平淡期
2023-02-15,和远气体,19.61431578,挂涨停价排队·尾盘开缝成交,6862700,134607165,2023-02-16,尾盘14:50,19.27,没涨停→尾盘兑现,-2339638,200156.0,-2539794,716817667,平淡期
2023-02-15,锐明技术,24.90665062,挂涨停价排队·尾盘开缝成交,8106800,201913235,2023-02-17,次日早盘9:30,30.14,又涨停→隔夜后早盘兑现,42403310,334672.3,42068638,960950975,平淡期
2023-02-20,通富微电,22.52238897,挂涨停价排队·尾盘开缝成交,14222100,320315668,2023-02-21,尾盘14:50,22.14,没涨停→尾盘兑现,-5505646,476344.3,-5981990,599301224,平淡期
2023-02-20,鸿合科技,27.8455275,挂涨停价排队·尾盘开缝成交,7668900,213544566,2023-02-21,尾盘14:50,30.06,没涨停→尾盘兑现,16947981,333027.8,16614954,829620901,平淡期
2023-02-20,振华重工,3.99337536,挂涨停价排队·尾盘开缝成交,35649900,142363432,2023-02-21,尾盘14:50,4.04,没涨停→尾盘兑现,1711099,214828.5,1496270,973587377,平淡期
2023-02-21,美湖股份,12.4372656,挂涨停价排队·尾盘开缝成交,26093200,324528059,2023-02-22,尾盘14:50,12.23,没涨停→尾盘兑现,-5320132,482802.0,-5802934,968027839,平淡期
2023-02-22,中国卫星,27.55218687,挂涨停价排队·尾盘开缝成交,11711400,322674681,2023-02-23,尾盘14:50,27.87,没涨停→尾盘兑现,3728996,486808.8,3242187,971512032,平淡期
2023-02-23,万安科技,10.1256228,挂涨停价排队·尾盘开缝成交,31981900,323836656,2023-02-24,尾盘14:50,10.41,没涨停→尾盘兑现,9100061,492580.0,8607481,764470846,平淡期
2023-02-23,岱美股份,7.357389,挂涨停价排队·尾盘开缝成交,29343500,215891544,2023-02-24,尾盘14:50,7.26,没涨停→尾盘兑现,-2840678,321706.8,-3162385,977361924,平淡期
2023-02-24,证通电子,11.73,挂涨停价排队·尾盘开缝成交,27773800,325786674,2023-02-27,尾盘14:50,11.96,没涨停→尾盘兑现,6387974,493471.0,5894503,983500767,恐慌期
2023-02-27,远东股份,5.8980649,挂涨停价排队·尾盘开缝成交,55583200,327833321,2023-02-28,尾盘14:50,6.02,没涨停→尾盘兑现,6534883,496651.1,6038232,771229676,恐慌期
2023-02-27,科林电气,9.0913144,挂涨停价排队·尾盘开缝成交,24040000,218555198,2023-02-28,尾盘14:50,9.03,没涨停→尾盘兑现,-1561109,326662.0,-1887771,988061020,恐慌期
2023-02-28,金陵药业,8.48175934,挂涨停价排队·尾盘开缝成交,38830800,329353501,2023-03-01,尾盘14:50,8.59,没涨停→尾盘兑现,4396265,497327.4,3898937,626259926,平淡期
2023-02-28,立方制药,22.56649758,挂涨停价排队·尾盘开缝成交,9729800,219567508,2023-03-01,尾盘14:50,21.94,没涨停→尾盘兑现,-6127241,324755.8,-6451997,839540113,平淡期
2023-02-28,骏亚科技,12.24318656,挂涨停价排队·尾盘开缝成交,11956000,146379539,2023-03-01,尾盘14:50,12.0,没涨停→尾盘兑现,-2913605,217384.1,-3130990,982898447,平淡期
2023-03-01,德生科技,12.67580706,挂涨停价排队·尾盘开缝成交,25847000,327631585,2023-03-02,尾盘14:50,12.46,没涨停→尾盘兑现,-5602084,487245.8,-6089330,977054840,平淡期
2023-03-03,康强电子,13.77397683,挂涨停价排队·尾盘开缝成交,23644900,325684305,2023-03-06,尾盘14:50,13.9,没涨停→尾盘兑现,3048161,490812.6,2557349,762736136,平淡期
2023-03-03,美格智能,35.94231159,挂涨停价排队·尾盘开缝成交,6040800,217120316,2023-03-06,尾盘14:50,34.7,没涨停→尾盘兑现,-7509514,320048.3,-7829562,972189730,平淡期
2023-03-06,中光学,18.89,挂涨停价排队·尾盘开缝成交,17155200,324061728,2023-03-07,尾盘14:50,17.7,没涨停→尾盘兑现,-20414688,470781.6,-20885470,735507500,恐慌期
2023-03-06,奥士康,28.81990965,挂涨停价排队·尾盘开缝成交,7496200,216039807,2023-03-07,尾盘14:50,28.15,没涨停→尾盘兑现,-5014327,320299.0,-5334626,946374710,恐慌期
2023-03-07,大博医疗,37.53069528,挂涨停价排队·尾盘开缝成交,8405300,315456753,2023-03-08,尾盘14:50,38.28,没涨停→尾盘兑现,6330236,477932.8,5852303,952463606,恐慌期
2023-03-10,深天马A,10.73,挂涨停价排队·尾盘开缝成交,29588800,317487824,2023-03-13,尾盘14:50,10.19,没涨停→尾盘兑现,-15977952,464248.3,-16442200,583496463,平淡期
2023-03-10,中期退,7.92,挂涨停价排队·尾盘开缝成交,26724500,211658040,2023-03-13,尾盘14:50,7.66,没涨停→尾盘兑现,-6948370,312275.8,-7260646,788052601,平淡期
2023-03-10,退市龙宇,9.9241137,挂涨停价排队·尾盘开缝成交,14218400,141105018,2023-03-13,尾盘14:50,10.12,没涨停→尾盘兑现,2808060,213763.6,2594296,931857745,平淡期
2023-03-14,晶方科技,23.23960606,挂涨停价排队·尾盘开缝成交,13365900,310618251,2023-03-15,尾盘14:50,24.98,没涨停→尾盘兑现,23223794,483345.2,22740449,954831157,恐慌期
2023-03-15,长缆科技,14.71430016,挂涨停价排队·尾盘开缝成交,21630400,318276198,2023-03-16,尾盘14:50,14.31,没涨停→尾盘兑现,-8728238,470868.1,-9199106,733685957,平淡期
2023-03-15,中国西电,5.18774025,挂涨停价排队·尾盘开缝成交,40901200,212184802,2023-03-16,尾盘14:50,5.25,没涨停→尾盘兑现,2361983,320048.7,2041934,948071832,平淡期
2023-03-20,赤峰黄金,21.0260778,挂涨停价排队·尾盘开缝成交,15030000,316021949,2023-03-21,尾盘14:50,20.33,没涨停→尾盘兑现,-10484840,466169.3,-10951010,937357839,恐慌期
2023-03-21,炼石航空,5.68791272,挂涨停价排队·尾盘开缝成交,54932700,312452403,2023-03-22,次日早盘9:30,5.69,又涨停→隔夜后早盘兑现,0,468678.6,-468679,728822099,平淡期
2023-03-21,航发科技,22.32,挂涨停价排队·尾盘开缝成交,9332500,208301400,2023-03-22,尾盘14:50,22.72,没涨停→尾盘兑现,3733000,315251.9,3417748,940697473,平淡期
2023-03-22,华阳国际,15.06933216,挂涨停价排队·尾盘开缝成交,20808200,313565677,2023-03-23,尾盘14:50,15.57,没涨停→尾盘兑现,10439979,478178.5,9961800,950894448,平淡期
2023-03-23,环旭电子,16.8049761,挂涨停价排队·尾盘开缝成交,18861300,316963696,2023-03-24,尾盘14:50,17.31,没涨停→尾盘兑现,9604960,482649.3,9122311,960254482,平淡期
2023-03-24,同方股份,7.01883314,挂涨停价排队·尾盘开缝成交,45603700,320084761,2023-03-27,尾盘14:50,7.53,没涨停→尾盘兑现,23122270,497468.8,22624801,769729765,平淡期
2023-03-24,四川长虹,3.52175096,挂涨停价排队·尾盘开缝成交,60591900,213389582,2023-03-28,次日早盘9:30,3.87,又涨停→隔夜后早盘兑现,21104464,335912.7,20768551,747471802,平淡期
2023-03-27,巨星农牧,26.24309732,挂涨停价排队·尾盘开缝成交,9776900,256576138,2023-03-28,尾盘14:50,26.92,没涨停→尾盘兑现,6581357,389800.2,6191557,1010431929,恐慌期
2023-03-29,立昂微,51.45851788,挂涨停价排队·尾盘开缝成交,6545200,336806291,2023-03-30,尾盘14:50,52.28,没涨停→尾盘兑现,5403309,509261.9,4894048,1015578582,平淡期
2023-03-30,深科技,15.1452286,挂涨停价排队·尾盘开缝成交,22352000,338526150,2023-03-31,尾盘14:50,16.19,没涨停→尾盘兑现,23376486,525321.6,22851164,662544086,平淡期
2023-03-30,三利谱,46.62117504,挂涨停价排队·尾盘开缝成交,4840800,225683784,2023-03-31,尾盘14:50,46.62,没涨停→尾盘兑现,0,338525.7,-338526,888058607,平淡期
2023-03-30,神驰机电,15.64542261,挂涨停价排队·尾盘开缝成交,9616600,150455771,2023-03-31,尾盘14:50,15.49,没涨停→尾盘兑现,-1530669,224535.7,-1755205,1036872015,平淡期
2023-03-31,海南海药,5.16,挂涨停价排队·尾盘开缝成交,66981300,345623508,2023-04-03,尾盘14:50,5.27,没涨停→尾盘兑现,7367943,523961.2,6843982,659951067,恐慌期
2023-03-31,美亚光电,27.8751261,挂涨停价排队·尾盘开缝成交,8266000,230415792,2023-04-03,尾盘14:50,28.21,没涨停→尾盘兑现,2782110,347710.3,2434400,892974071,恐慌期
2023-03-31,传艺科技,31.88615327,挂涨停价排队·尾盘开缝成交,4817400,153608355,2023-04-03,尾盘14:50,32.35,没涨停→尾盘兑现,2254010,232103.0,2021907,1048719539,恐慌期
2023-04-03,北斗星通,34.9033347,挂涨停价排队·尾盘开缝成交,10015400,349570858,2023-04-04,尾盘14:50,36.08,没涨停→尾盘兑现,11751955,533170.3,11218785,671785404,平淡期
2023-04-03,名臣健康,25.7475119,挂涨停价排队·尾盘开缝成交,9051300,233048454,2023-04-04,尾盘14:50,26.89,没涨停→尾盘兑现,10306811,357302.8,9949508,914958153,平淡期
2023-04-03,航天信息,15.17785974,挂涨停价排队·尾盘开缝成交,10236400,155366643,2023-04-04,尾盘14:50,16.16,没涨停→尾盘兑现,10075658,240606.7,9835051,1080276373,平淡期
2023-04-04,福晶科技,24.05558106,挂涨停价排队·尾盘开缝成交,14969100,360090398,2023-04-07,次日早盘9:30,27.02,又涨停→隔夜后早盘兑现,44432748,573460.2,43859288,884344165,平淡期
2023-04-06,创维数字,18.706436,挂涨停价排队·尾盘开缝成交,12833100,240061564,2023-04-10,次日早盘9:30,20.62,又涨停→隔夜后早盘兑现,24496078,378464.4,24117614,657401467,平淡期
2023-04-07,中瓷电子,65.55939065,挂涨停价排队·尾盘开缝成交,2997600,196520829,2023-04-10,尾盘14:50,68.17,没涨停→尾盘兑现,7821306,300647.2,7520659,861590346,平淡期
2023-04-07,西子洁能,15.2285772,挂涨停价排队·尾盘开缝成交,19357100,294781092,2023-04-11,次日早盘9:30,17.37,又涨停→隔夜后早盘兑现,41418609,473235.6,40945373,1197537897,平淡期
2023-04-11,浙数文化,14.66336872,挂涨停价排队·尾盘开缝成交,27222800,399177954,2023-04-12,尾盘14:50,15.02,没涨停→尾盘兑现,9711115,606050.3,9105065,940822423,恐慌期
2023-04-11,新经典,19.6042552,挂涨停价排队·尾盘开缝成交,13574600,266119923,2023-04-13,次日早盘9:30,21.63,又涨停→隔夜后早盘兑现,27529647,419827.1,27109820,711573116,恐慌期
2023-04-12,佳电股份,9.91192566,挂涨停价排队·尾盘开缝成交,31639400,313607381,2023-04-13,尾盘14:50,9.8,没涨停→尾盘兑现,-3543586,467753.4,-4011340,1021404363,平淡期
2023-04-12,游族网络,15.4090299,挂涨停价排队·尾盘开缝成交,13568100,209071259,2023-04-13,尾盘14:50,15.8,没涨停→尾盘兑现,5257111,317549.7,4939561,1235571986,平淡期
2023-04-13,西藏旅游,14.92,挂涨停价排队·尾盘开缝成交,27604300,411856156,2023-04-14,尾盘14:50,14.76,没涨停→尾盘兑现,-4416688,614471.7,-5031160,956278260,平淡期
2023-04-13,中国出版,7.20143988,挂涨停价排队·尾盘开缝成交,38127300,274571459,2023-04-14,尾盘14:50,6.89,没涨停→尾盘兑现,-11736863,403054.5,-12139917,1218915730,平淡期
2023-04-14,至纯科技,37.23554648,挂涨停价排队·尾盘开缝成交,10911700,406303113,2023-04-17,尾盘14:50,36.75,没涨停→尾盘兑现,-5289471,605487.6,-5894959,1213325498,平淡期
2023-04-17,中基健康,3.86,挂涨停价排队·尾盘开缝成交,104777600,404441536,2023-04-18,尾盘14:50,3.82,没涨停→尾盘兑现,-4191104,603519.0,-4794623,759456191,平淡期
2023-04-17,得利斯,6.6614964,挂涨停价排队·尾盘开缝成交,40475500,269627398,2023-04-18,尾盘14:50,6.53,没涨停→尾盘兑现,-5247240,400505.7,-5647745,1023638063,平淡期
2023-04-17,海信视像,18.49952332,挂涨停价排队·尾盘开缝成交,9716500,179750618,2023-04-18,尾盘14:50,18.52,没涨停→尾盘兑现,166977,269751.2,-102774,1203420720,平淡期
2023-04-19,北京文化,6.36,挂涨停价排队·尾盘开缝成交,63072300,401139828,2023-04-20,尾盘14:50,6.08,没涨停→尾盘兑现,-17660244,588464.6,-18248709,739761908,恐慌期
2023-04-19,武汉凡谷,11.38397274,挂涨停价排队·尾盘开缝成交,23491500,267426596,2023-04-20,尾盘14:50,11.62,没涨停→尾盘兑现,5585351,405328.9,5180022,1012569095,恐慌期
2023-04-19,世运电路,18.61103013,挂涨停价排队·尾盘开缝成交,9579500,178284363,2023-04-20,尾盘14:50,18.28,没涨停→尾盘兑现,-3150828,265063.4,-3415892,1187571280,恐慌期
2023-04-24,飞乐音响,4.42,挂涨停价排队·尾盘开缝成交,89560400,395856968,2023-04-25,尾盘14:50,4.49,没涨停→尾盘兑现,6269228,598487.4,5670741,753698608,恐慌期
2023-04-24,出版传媒,7.4529266,挂涨停价排队·尾盘开缝成交,23606400,175936766,2023-04-25,尾盘14:50,7.23,没涨停→尾盘兑现,-5241639,259973.9,-5501613,924265714,恐慌期
2023-04-24,新华文轩,12.54413628,挂涨停价排队·尾盘开缝成交,21038000,263903539,2023-04-26,次日早盘9:30,14.02,又涨停→隔夜后早盘兑现,31132653,419204.8,30713449,1219080629,恐慌期
2023-04-26,科力尔,4.97620431,挂涨停价排队·尾盘开缝成交,81660600,406359830,2023-04-27,尾盘14:50,5.17,没涨停→尾盘兑现,15616167,621251.9,14994915,782869418,恐慌期
2023-04-26,均胜电子,14.5966478,挂涨停价排队·尾盘开缝成交,18559500,270906485,2023-04-27,尾盘14:50,14.93,没涨停→尾盘兑现,6213451,411019.8,5802432,1059781514,恐慌期
2023-04-26,爱旭股份,22.0082878,挂涨停价排队·尾盘开缝成交,8206200,180604411,2023-04-27,尾盘14:50,21.77,没涨停→尾盘兑现,-1968756,269430.1,-2238186,1238283193,恐慌期
2023-04-27,千金药业,11.89839274,挂涨停价排队·尾盘开缝成交,34690400,412760004,2023-04-28,尾盘14:50,11.64,没涨停→尾盘兑现,-9065007,612341.2,-9677349,770292911,恐慌期
2023-04-27,龙溪股份,7.8253084,挂涨停价排队·尾盘开缝成交,35164600,275173840,2023-04-28,尾盘14:50,7.88,没涨停→尾盘兑现,2050985,414299.0,1636686,1047309817,恐慌期
2023-04-27,第一医药,11.56915776,挂涨停价排队·尾盘开缝成交,15856700,183448664,2023-04-28,尾盘14:50,11.89,没涨停→尾盘兑现,5129321,279020.0,4850301,1235746369,恐慌期
2023-04-28,大港股份,14.69,挂涨停价排队·尾盘开缝成交,28040500,411914945,2023-05-04,尾盘14:50,15.05,没涨停→尾盘兑现,10094580,625443.4,9469137,787840595,平淡期
2023-04-28,潮宏基,6.6292842,挂涨停价排队·尾盘开缝成交,41423800,274610143,2023-05-04,尾盘14:50,7.06,没涨停→尾盘兑现,17831827,425289.1,17406538,1080063234,平淡期
2023-04-28,兴森科技,14.57117532,挂涨停价排队·尾盘开缝成交,12564100,183073704,2023-05-04,尾盘14:50,14.43,没涨停→尾盘兑现,-1736471,273308.2,-2009780,1261264463,平淡期
2023-05-04,荣安地产,2.44518189,挂涨停价排队·尾盘开缝成交,171938700,420421395,2023-05-05,尾盘14:50,2.52,没涨停→尾盘兑现,12245283,639816.1,11605467,806050742,主线期
2023-05-04,美邦服饰,1.78,挂涨停价排队·尾盘开缝成交,157461200,280280936,2023-05-05,尾盘14:50,1.79,没涨停→尾盘兑现,1574612,421602.4,1153010,1087694899,主线期
2023-05-04,新时达,7.04,挂涨停价排队·尾盘开缝成交,26541700,186853568,2023-05-05,尾盘14:50,7.27,没涨停→尾盘兑现,6104591,284858.8,5819732,1280508339,主线期
2023-05-05,*ST华幸,2.5,挂涨停价排队·尾盘开缝成交,170734400,426836000,2023-05-08,次日早盘9:30,2.5,又涨停→隔夜后早盘兑现,0,640254.0,-640254,995632433,平淡期
2023-05-05,海量数据,20.63,挂涨停价排队·尾盘开缝成交,13793300,284555779,2023-05-08,尾盘14:50,21.62,没涨停→尾盘兑现,13655367,437075.2,13218292,1293619921,平淡期
2023-05-08,中国动力,18.72339714,挂涨停价排队·尾盘开缝成交,23030300,431205453,2023-05-09,尾盘14:50,17.95,没涨停→尾盘兑现,-17910922,633375.0,-18544297,796281841,平淡期
2023-05-08,中船防务,28.17637598,挂涨停价排队·尾盘开缝成交,10202500,287469476,2023-05-09,尾盘14:50,27.45,没涨停→尾盘兑现,-7461502,425608.1,-7887110,1076079809,平淡期
2023-05-08,*ST高科,6.92902092,挂涨停价排队·尾盘开缝成交,27658700,191647711,2023-05-09,尾盘14:50,6.6,没涨停→尾盘兑现,-9112931,280636.9,-9393568,1258477687,平淡期
2023-05-09,苏美达,6.94105254,挂涨停价排队·尾盘开缝成交,60436400,419492228,2023-05-10,尾盘14:50,7.07,没涨停→尾盘兑现,7739709,635043.1,7104666,1265896973,恐慌期
2023-05-10,安凯客车,5.68,挂涨停价排队·尾盘开缝成交,74289700,421965496,2023-05-11,尾盘14:50,5.79,没涨停→尾盘兑现,8171867,639077.1,7532790,804896393,恐慌期
2023-05-10,*ST特迅,13.86,挂涨停价排队·尾盘开缝成交,20296500,281309490,2023-05-11,尾盘14:50,13.72,没涨停→尾盘兑现,-2841510,419833.1,-3261343,1083155523,恐慌期
2023-05-10,*ST亿晶,6.93,挂涨停价排队·尾盘开缝成交,27062100,187540353,2023-05-11,尾盘14:50,7.05,没涨停→尾盘兑现,3247452,283746.1,2963706,1273800237,恐慌期
2023-05-11,秦川机床,11.54727117,挂涨停价排队·尾盘开缝成交,36770500,424598935,2023-05-12,尾盘14:50,11.27,没涨停→尾盘兑现,-10240112,629218.3,-10869330,791471743,平淡期
2023-05-11,博纳影业,10.38,挂涨停价排队·尾盘开缝成交,27270400,283066752,2023-05-12,尾盘14:50,9.78,没涨停→尾盘兑现,-16362240,412328.4,-16774568,1057976227,平淡期
2023-05-11,华东数控,8.97,挂涨停价排队·尾盘开缝成交,21038000,188710860,2023-05-12,尾盘14:50,8.77,没涨停→尾盘兑现,-4207600,279910.6,-4487511,1242341110,平淡期
2023-05-12,粤电力A,6.49587726,挂涨停价排队·尾盘开缝成交,63750200,414113475,2023-05-15,尾盘14:50,6.94,没涨停→尾盘兑现,28363937,642443.2,27721493,994298943,恐慌期
2023-05-12,杭州热电,16.34687775,挂涨停价排队·尾盘开缝成交,16888500,276074245,2023-05-16,次日早盘9:30,18.11,又涨停→隔夜后早盘兑现,29832500,436485.7,29396015,747590361,恐慌期
2023-05-15,盛新锂能,33.925796,挂涨停价排队·尾盘开缝成交,9769300,331431279,2023-05-16,尾盘14:50,34.14,没涨停→尾盘兑现,2119619,498736.6,1620882,1080891095,平淡期
2023-05-15,中矿资源,57.32232102,挂涨停价排队·尾盘开缝成交,3854600,220954619,2023-05-16,尾盘14:50,56.11,没涨停→尾盘兑现,-4688556,327915.5,-5016471,1296994959,平淡期
2023-05-16,众生药业,17.48732382,挂涨停价排队·尾盘开缝成交,24722500,432330363,2023-05-17,尾盘14:50,17.95,没涨停→尾盘兑现,11414663,657056.5,10757607,827709042,恐慌期
2023-05-16,金龙羽,15.6242437,挂涨停价排队·尾盘开缝成交,18447000,288220424,2023-05-17,尾盘14:50,16.25,没涨停→尾盘兑现,11514645,440966.6,11073678,1127219309,恐慌期
2023-05-16,日丰股份,9.5976258,挂涨停价排队·尾盘开缝成交,20020300,192147348,2023-05-17,尾盘14:50,9.55,没涨停→尾盘兑现,-893709,287550.7,-1181259,1318329508,恐慌期
2023-05-17,中京电子,9.48315955,挂涨停价排队·尾盘开缝成交,46339300,439442975,2023-05-18,尾盘14:50,9.57,没涨停→尾盘兑现,4141347,662270.5,3479077,833871080,平淡期
2023-05-17,同兴达,14.14526328,挂涨停价排队·尾盘开缝成交,20710900,292961133,2023-05-18,尾盘14:50,13.9,没涨停→尾盘兑现,-5118119,435603.1,-5553722,1121498212,平淡期
2023-05-17,鸣志电器,43.99377268,挂涨停价排队·尾盘开缝成交,4439400,195305954,2023-05-19,次日早盘9:30,53.23,又涨停→隔夜后早盘兑现,40991232,323702.4,40667529,734564051,平淡期
2023-05-18,卓翼科技,5.27,挂涨停价排队·尾盘开缝成交,47290600,249221462,2023-05-19,次日早盘9:30,5.14,又涨停→隔夜后早盘兑现,-6147778,369221.4,-6516999,977455430,平淡期
2023-05-18,ST合力泰,3.22,挂涨停价排队·尾盘开缝成交,116097100,373832662,2023-05-22,次日早盘9:30,3.65,又涨停→隔夜后早盘兑现,49921753,598190.3,49323563,857861559,平淡期
2023-05-19,移远通信,39.21646113,挂涨停价排队·尾盘开缝成交,8308200,325818202,2023-05-22,尾盘14:50,38.93,没涨停→尾盘兑现,-2351307,486963.8,-2838271,1181085854,恐慌期
2023-05-19,睿能科技,13.132067,挂涨停价排队·尾盘开缝成交,16540600,217212267,2023-05-23,次日早盘9:30,15.4,又涨停→隔夜后早盘兑现,37444801,353902.0,37090899,779393586,恐慌期
2023-05-22,湖南发展,12.61373351,挂涨停价排队·尾盘开缝成交,31211600,393694805,2023-05-23,尾盘14:50,12.88,没涨停→尾盘兑现,8324009,596785.2,7727224,1181110886,平淡期
2023-05-22,闽东电力,10.86846048,挂涨停价排队·尾盘开缝成交,24149100,262463539,2023-05-23,尾盘14:50,10.99,没涨停→尾盘兑现,3024846,395963.9,2628882,1446400154,平淡期
2023-05-24,海源复材,16.16,挂涨停价排队·尾盘开缝成交,19890000,321422400,2023-05-25,尾盘14:50,16.7,没涨停→尾盘兑现,10740600,490189.0,10250411,760478239,恐慌期
2023-05-24,红星发展,13.32582924,挂涨停价排队·尾盘开缝成交,16080100,214280667,2023-05-25,尾盘14:50,13.24,没涨停→尾盘兑现,-1430657,320348.0,-1751005,973168611,恐慌期
2023-05-24,沈阳机床,8.02,挂涨停价排队·尾盘开缝成交,60116300,482132726,2023-05-26,次日早盘9:30,8.82,又涨停→隔夜后早盘兑现,48093040,759268.9,47333771,962349169,恐慌期
2023-05-25,森源电气,4.90319326,挂涨停价排队·尾盘开缝成交,66158800,324389382,2023-05-26,尾盘14:50,4.74,没涨停→尾盘兑现,-11095814,478262.2,-11574076,1275407767,平淡期
2023-05-25,泰嘉股份,18.39821656,挂涨停价排队·尾盘开缝成交,11754300,216258157,2023-05-26,尾盘14:50,17.27,没涨停→尾盘兑现,-13292190,314418.1,-13606608,1478221509,平淡期
2023-05-26,凯文教育,4.92,挂涨停价排队·尾盘开缝成交,100150500,492740460,2023-05-29,尾盘14:50,5.04,没涨停→尾盘兑现,12018060,748124.2,11269936,1161367369,平淡期
2023-05-26,ST智知,10.0588425,挂涨停价排队·尾盘开缝成交,32657200,328493631,2023-05-30,次日早盘9:30,12.17,又涨停→隔夜后早盘兑现,68951138,544453.8,68406685,1171392275,平淡期
2023-05-29,天富能源,7.56079506,挂涨停价排队·尾盘开缝成交,51201200,387121780,2023-05-30,尾盘14:50,7.35,没涨停→尾盘兑现,-10739822,572627.8,-11312450,1547491946,平淡期
2023-05-30,铭普光磁,17.3334481,挂涨停价排队·尾盘开缝成交,29759200,515829549,2023-05-31,尾盘14:50,18.1,没涨停→尾盘兑现,22892723,790913.9,22101810,1226093254,平淡期
2023-05-30,西昌电力,9.17997508,挂涨停价排队·尾盘开缝成交,37460600,343887374,2023-05-31,尾盘14:50,8.82,没涨停→尾盘兑现,-13369272,505804.1,-13875076,1556363468,平淡期
2023-05-31,*ST英飞,9.01,挂涨停价排队·尾盘开缝成交,38386100,345858761,2023-06-01,尾盘14:50,9.76,没涨停→尾盘兑现,28789575,540380.3,28249195,1066084961,平淡期
2023-05-31,峨眉山A,10.54329598,挂涨停价排队·尾盘开缝成交,49205400,518787096,2023-06-02,次日早盘9:30,11.71,又涨停→隔夜后早盘兑现,57591405,821374.2,56770031,1049763748,平淡期
2023-06-01,丰元股份,21.33,挂涨停价排队·尾盘开缝成交,16660100,355359933,2023-06-02,尾盘14:50,22.05,没涨停→尾盘兑现,11995272,542036.4,11453236,1416843436,平淡期
2023-06-01,南京熊猫,11.1289488,挂涨停价排队·尾盘开缝成交,21287500,236907498,2023-06-02,尾盘14:50,10.45,没涨停→尾盘兑现,-14448170,344525.1,-14792695,1639135919,平淡期
2023-06-02,中国武夷,3.1268853,挂涨停价排队·尾盘开缝成交,174735700,546378492,2023-06-05,尾盘14:50,3.09,没涨停→尾盘兑现,-6938140,814364.1,-7752504,1024707035,妖股期
2023-06-02,德力股份,6.34,挂涨停价排队·尾盘开缝成交,57453000,364252020,2023-06-05,尾盘14:50,6.07,没涨停→尾盘兑现,-15512310,534743.8,-16047054,1373185191,妖股期
2023-06-02,皮阿诺,17.22142475,挂涨停价排队·尾盘开缝成交,14100700,242834144,2023-06-05,尾盘14:50,17.06,没涨停→尾盘兑现,-2341566,362495.0,-2704061,1613497399,妖股期
2023-06-06,和展能源,4.15,挂涨停价排队·尾盘开缝成交,129598100,537832115,2023-06-07,尾盘14:50,4.05,没涨停→尾盘兑现,-12959810,797028.3,-13756838,1600143935,平淡期
2023-06-07,京能置业,4.65002294,挂涨停价排队·尾盘开缝成交,76470000,355587254,2023-06-08,尾盘14:50,5.08,没涨停→尾盘兑现,32811699,557989.7,32253710,1099283311,平淡期
2023-06-07,奥拓电子,7.2171462,挂涨停价排队·尾盘开缝成交,73904700,533381025,2023-06-09,次日早盘9:30,8.18,又涨停→隔夜后早盘兑现,70924478,853264.9,70071213,1336708160,平淡期
2023-06-08,宝鹰股份,3.52,挂涨停价排队·尾盘开缝成交,104098700,366427424,2023-06-09,尾盘14:50,3.48,没涨停→尾盘兑现,-4163948,546518.2,-4710466,1698699939,平淡期
2023-06-09,索菱股份,5.59,挂涨停价排队·尾盘开缝成交,67529300,377488787,2023-06-12,尾盘14:50,5.64,没涨停→尾盘兑现,3376465,568765.5,2807699,883899371,妖股期
2023-06-09,浙江世宝,8.13790686,挂涨停价排队·尾盘开缝成交,69579700,566233118,2023-06-13,次日早盘9:30,9.59,又涨停→隔夜后早盘兑现,101260667,925295.2,100335372,1256259638,妖股期
2023-06-09,云赛智联,11.42966055,挂涨停价排队·尾盘开缝成交,22018000,251658266,2023-06-13,次日早盘9:30,12.82,又涨停→隔夜后早盘兑现,30721918,400528.8,30321389,1538428037,妖股期
2023-06-12,兴民智通,4.47,挂涨停价排队·尾盘开缝成交,65913400,294632898,2023-06-14,次日早盘9:30,5.41,又涨停→隔夜后早盘兑现,61958596,488418.3,61470178,1040070666,平淡期
2023-06-13,国电南自,5.858244,挂涨停价排队·尾盘开缝成交,87536300,512809004,2023-06-14,尾盘14:50,5.98,没涨停→尾盘兑现,10422947,777030.7,9645917,1562910193,平淡期
2023-06-13,北特科技,7.28226356,挂涨停价排队·尾盘开缝成交,46945900,341872417,2023-06-14,次日早盘9:30,7.49,又涨停→隔夜后早盘兑现,9781091,520144.4,9260947,1914299961,平淡期
2023-06-14,浩物股份,4.51,挂涨停价排队·尾盘开缝成交,141485500,638099605,2023-06-15,尾盘14:50,4.31,没涨停→尾盘兑现,-28297100,935926.6,-29233027,1176546589,妖股期
2023-06-14,欧菲光,5.68,挂涨停价排队·尾盘开缝成交,74894300,425399624,2023-06-15,尾盘14:50,5.48,没涨停→尾盘兑现,-14978860,626865.3,-15605725,1586659537,妖股期
2023-06-14,古越龙山,11.094349,挂涨停价排队·尾盘开缝成交,25562500,283599296,2023-06-15,尾盘14:50,10.53,没涨停→尾盘兑现,-14303269,414671.5,-14717940,1855753593,妖股期
2023-06-15,宁波东力,6.04,挂涨停价排队·尾盘开缝成交,102414600,618584184,2023-06-16,尾盘14:50,6.23,没涨停→尾盘兑现,19458774,942470.4,18516304,1187417648,平淡期
2023-06-15,海得控制,14.91884331,挂涨停价排队·尾盘开缝成交,27642200,412389651,2023-06-16,尾盘14:50,15.47,没涨停→尾盘兑现,15203305,629987.0,14573318,1614689909,平淡期
2023-06-15,电光科技,9.6195429,挂涨停价排队·尾盘开缝成交,28580000,274926536,2023-06-16,尾盘14:50,9.37,没涨停→尾盘兑现,-7220293,406974.6,-7627267,1882195372,平淡期
2023-06-16,日发精机,6.27,挂涨停价排队·尾盘开缝成交,100063500,627398145,2023-06-19,尾盘14:50,6.1,没涨停→尾盘兑现,-17010795,928339.1,-17939134,1167617700,妖股期
2023-06-16,中马传动,8.15481991,挂涨停价排队·尾盘开缝成交,34193700,278843466,2023-06-19,尾盘14:50,7.94,没涨停→尾盘兑现,-7311748,412781.4,-7724529,1438945769,妖股期
2023-06-16,长春一东,15.60098848,挂涨停价排队·尾盘开缝成交,26810200,418265621,2023-06-20,次日早盘9:30,18.38,又涨停→隔夜后早盘兑现,74423538,683216.1,73740322,1451617509,妖股期
2023-06-19,真视通,15.8410473,挂涨停价排队·尾盘开缝成交,30278800,479647903,2023-06-20,尾盘14:50,15.63,没涨停→尾盘兑现,-6350950,714708.6,-7065658,1924559490,平淡期
2023-06-20,鸿远电子,61.34797665,挂涨停价排队·尾盘开缝成交,10457000,641515792,2023-06-21,尾盘14:50,63.34,没涨停→尾盘兑现,20819777,977888.5,19841889,1232083409,平淡期
2023-06-20,美湖股份,11.98959605,挂涨停价排队·尾盘开缝成交,35671000,427680881,2023-06-21,尾盘14:50,11.7,没涨停→尾盘兑现,-10353082,633756.5,-10986838,1649098212,平淡期
2023-06-20,八方股份,42.31559178,挂涨停价排队·尾盘开缝成交,6737900,285118226,2023-06-21,尾盘14:50,44.76,没涨停→尾盘兑现,16442495,440009.2,16002486,1950432762,平淡期
2023-06-21,山东墨龙,4.37,挂涨停价排队·尾盘开缝成交,99182900,433429273,2023-06-26,尾盘14:50,4.43,没涨停→尾盘兑现,5950974,654607.1,5296367,1016957954,平淡期
2023-06-21,万安科技,9.95882475,挂涨停价排队·尾盘开缝成交,29014700,288952312,2023-06-26,尾盘14:50,9.71,没涨停→尾盘兑现,-7117052,428090.7,-7545143,1298581838,平淡期
2023-06-21,东晶电子,8.37,挂涨停价排队·尾盘开缝成交,77675500,650143935,2023-06-27,次日早盘9:30,9.23,又涨停→隔夜后早盘兑现,66800930,1025316.6,65775613,1293555294,平淡期
2023-06-26,深华发A,11.96,挂涨停价排队·尾盘开缝成交,36192300,432859908,2023-06-27,尾盘14:50,11.76,没涨停→尾盘兑现,-7238460,643861.0,-7882321,1718857526,恐慌期
2023-06-26,豫能控股,4.96,挂涨停价排队·尾盘开缝成交,58180200,288573792,2023-06-27,尾盘14:50,5.02,没涨停→尾盘兑现,3490812,435478.8,3055333,2010703081,恐慌期
2023-06-27,贵绳股份,17.29886955,挂涨停价排队·尾盘开缝成交,25829600,446822881,2023-06-28,尾盘14:50,18.09,没涨停→尾盘兑现,20345249,685493.3,19659756,1062583412,妖股期
2023-06-27,新城控股,14.75,挂涨停价排队·尾盘开缝成交,20195300,297880675,2023-06-28,尾盘14:50,15.02,没涨停→尾盘兑现,5452731,450910.6,5001820,1365689318,妖股期
2023-06-27,东方通信,11.533326,挂涨停价排队·尾盘开缝成交,58112800,670233867,2023-06-29,次日早盘9:30,13.14,又涨停→隔夜后早盘兑现,93467988,1075451.8,92392536,1370102782,妖股期
2023-06-28,烽火电子,11.11622106,挂涨停价排队·尾盘开缝成交,40951800,455229262,2023-06-29,尾盘14:50,11.56,没涨停→尾盘兑现,17996485,696341.3,17300143,1842973609,平淡期
2023-06-28,智慧农业,3.42,挂涨停价排队·尾盘开缝成交,88738700,303486354,2023-06-29,尾盘14:50,3.32,没涨停→尾盘兑现,-8873870,448574.1,-9322444,2137365134,平淡期
2023-06-29,新能股份,6.09,挂涨停价排队·尾盘开缝成交,116987600,712454484,2023-06-30,次日早盘9:30,5.88,又涨停→隔夜后早盘兑现,-24567396,1050256.2,-25617652,1320665447,妖股期
2023-06-29,禾盛新材,12.95692746,挂涨停价排队·尾盘开缝成交,36657600,474969864,2023-06-30,尾盘14:50,13.32,没涨停→尾盘兑现,13163137,722327.1,12440810,1808432348,妖股期
2023-06-29,奥佳华,7.69412945,挂涨停价排队·尾盘开缝成交,41154300,316646512,2023-06-30,尾盘14:50,7.52,没涨停→尾盘兑现,-7222429,469552.9,-7691982,2117624362,妖股期
2023-06-30,精工科技,20.86265499,挂涨停价排队·尾盘开缝成交,33834300,705873328,2023-07-03,尾盘14:50,20.8,没涨停→尾盘兑现,-1963486,1057337.4,-3020824,1330827203,平淡期
2023-06-30,胜利精密,2.21,挂涨停价排队·尾盘开缝成交,212933700,470583477,2023-07-03,尾盘14:50,2.32,没涨停→尾盘兑现,23422707,723442.2,22699265,1824462882,平淡期
2023-06-30,锋龙股份,12.8668563,挂涨停价排队·尾盘开缝成交,24382200,313722264,2023-07-03,尾盘14:50,12.36,没涨停→尾盘兑现,-12260410,461388.1,-12721798,2125698639,平淡期
2023-07-03,亚玛顿,28.38527027,挂涨停价排队·尾盘开缝成交,16641600,472376314,2023-07-04,次日早盘9:30,27.23,又涨停→隔夜后早盘兑现,-19214787,694153.4,-19908940,1082659190,平淡期
2023-07-03,宁科生物,3.1914838,挂涨停价排队·尾盘开缝成交,98674700,314918707,2023-07-04,尾盘14:50,3.42,没涨停→尾盘兑现,22890567,489546.0,22401021,1420215106,平淡期
2023-07-03,众泰汽车,2.71,挂涨停价排队·尾盘开缝成交,261463500,708566085,2023-07-05,次日早盘9:30,3.28,又涨停→隔夜后早盘兑现,149034195,1174624.8,147859570,1488165116,平淡期
2023-07-04,联创电子,10.57097526,挂涨停价排队·尾盘开缝成交,44783400,473404213,2023-07-05,尾盘14:50,10.57,没涨停→尾盘兑现,0,710106.3,-710106,1961214276,平淡期
2023-07-04,亚太股份,9.563607,挂涨停价排队·尾盘开缝成交,33000400,315602856,2023-07-05,尾盘14:50,9.62,没涨停→尾盘兑现,1926365,474849.1,1451516,2278505351,平淡期
2023-07-05,中国稀土,33.55194864,挂涨停价排队·尾盘开缝成交,22636500,759498685,2023-07-06,尾盘14:50,33.2,没涨停→尾盘兑现,-7892653,1133328.5,-9025981,1426157053,平淡期
2023-07-05,罗平锌电,7.6,挂涨停价排队·尾盘开缝成交,66623000,506334800,2023-07-06,尾盘14:50,7.83,没涨停→尾盘兑现,15323290,770994.7,14552295,1947423900,平淡期
2023-07-05,驰宏锌锗,5.58084978,挂涨停价排队·尾盘开缝成交,60484900,337557141,2023-07-06,尾盘14:50,5.59,没涨停→尾盘兑现,568278,506761.9,61516,2285295724,平淡期
2023-07-06,天津普林,11.13,挂涨停价排队·尾盘开缝成交,68442500,761765025,2023-07-07,尾盘14:50,10.78,没涨停→尾盘兑现,-23954875,1124681.4,-25079556,1414381821,平淡期
2023-07-06,金安国纪,10.30171,挂涨停价排队·尾盘开缝成交,49297000,507843398,2023-07-07,尾盘14:50,10.15,没涨停→尾盘兑现,-7241113,756334.3,-7997447,1914608654,平淡期
2023-07-06,富森美,12.0778359,挂涨停价排队·尾盘开缝成交,28031700,338562273,2023-07-07,尾盘14:50,11.8,没涨停→尾盘兑现,-7699744,502068.6,-8201813,2245223036,平淡期
2023-07-07,晋控电力,3.49,挂涨停价排队·尾盘开缝成交,214443400,748407466,2023-07-11,次日早盘9:30,3.76,又涨停→隔夜后早盘兑现,57899718,1166036.0,56733682,2302518024,平淡期
2023-07-11,合众思壮,7.81,挂涨停价排队·尾盘开缝成交,98272200,767505882,2023-07-12,尾盘14:50,7.98,没涨停→尾盘兑现,16706274,1163788.5,15542485,1806967863,平淡期
2023-07-11,*ST天箭,35.44710146,挂涨停价排队·尾盘开缝成交,14434700,511668275,2023-07-12,尾盘14:50,34.86,没涨停→尾盘兑现,-8430167,761179.8,-9191347,2309828543,平淡期
2023-07-12,三变科技,12.65080482,挂涨停价排队·尾盘开缝成交,60861100,769941897,2023-07-13,尾盘14:50,12.96,没涨停→尾盘兑现,18690837,1168931.0,17521906,1814632679,平淡期
2023-07-12,科华控股,11.12668731,挂涨停价排队·尾盘开缝成交,46131900,513295226,2023-07-13,尾盘14:50,10.82,没涨停→尾盘兑现,-14024460,759424.5,-14783884,2313528993,平淡期
2023-07-13,共达电声,13.66838,挂涨停价排队·尾盘开缝成交,56420400,771175467,2023-07-14,尾盘14:50,13.55,没涨停→尾盘兑现,-6730259,1151715.5,-7881974,2306225400,平淡期
2023-07-14,南天信息,18.08047791,挂涨停价排队·尾盘开缝成交,42517700,768740336,2023-07-17,尾盘14:50,18.4,没涨停→尾盘兑现,13794688,1163456.5,12631231,1806938792,平淡期
2023-07-14,榕基软件,8.05,挂涨停价排队·尾盘开缝成交,63663900,512494395,2023-07-18,次日早盘9:30,8.85,又涨停→隔夜后早盘兑现,50931120,806939.9,50124180,1366091892,平淡期
2023-07-17,积成电子,8.0837568,挂涨停价排队·尾盘开缝成交,74509000,602312635,2023-07-18,尾盘14:50,8.38,没涨停→尾盘兑现,22171017,920097.2,21250920,1990107182,恐慌期
2023-07-17,汇顶科技,52.80119004,挂涨停价排队·尾盘开缝成交,7604700,401537210,2023-07-18,尾盘14:50,53.67,没涨停→尾盘兑现,6583804,607243.7,5976560,2397922105,恐慌期
2023-07-18,康强电子,14.63163584,挂涨停价排队·尾盘开缝成交,54628700,799307245,2023-07-19,尾盘14:50,14.47,没涨停→尾盘兑现,-8688122,1192444.8,-9880567,1855771520,平淡期
2023-07-18,晶方科技,23.64745999,挂涨停价排队·尾盘开缝成交,22533900,532869499,2023-07-19,尾盘14:50,23.57,没涨停→尾盘兑现,-1785905,797964.8,-2583870,2386456800,平淡期
2023-07-20,大连友谊,6.07,挂涨停价排队·尾盘开缝成交,131051900,795485033,2023-07-21,尾盘14:50,5.95,没涨停→尾盘兑现,-15726228,1181432.9,-16907661,2370145753,平淡期
2023-07-21,ST旭电,1.86,挂涨停价排队·尾盘开缝成交,424757300,790048578,2023-07-24,尾盘14:50,1.8,没涨停→尾盘兑现,-25485438,1165958.8,-26651397,1466255389,平淡期
2023-07-21,新大正,15.80518776,挂涨停价排队·尾盘开缝成交,22216300,351132793,2023-07-24,尾盘14:50,15.76,没涨停→尾盘兑现,-1033960,525923.7,-1559884,1816091648,平淡期
2023-07-21,*ST万方,6.93,挂涨停价排队·尾盘开缝成交,76002700,526698711,2023-07-25,次日早盘9:30,8.38,又涨停→隔夜后早盘兑现,110203915,872701.0,109331214,2452516597,平淡期
2023-07-25,*ST洪涛,1.74,挂涨停价排队·尾盘开缝成交,469830700,817505418,2023-07-26,次日早盘9:30,1.78,又涨停→隔夜后早盘兑现,18793228,1240353.0,17552875,1562343386,平淡期
2023-07-25,湘财股份,8.4618265,挂涨停价排队·尾盘开缝成交,64407300,545003398,2023-07-26,尾盘14:50,8.29,没涨停→尾盘兑现,-10900068,809330.0,-11709398,2096046139,平淡期
2023-07-25,正源股份,1.93,挂涨停价排队·尾盘开缝成交,188256900,363335817,2023-07-26,尾盘14:50,2.04,没涨停→尾盘兑现,20708259,560534.9,20147724,2479802182,平淡期
2023-07-26,*ST南置,2.7,挂涨停价排队·尾盘开缝成交,306148400,826600680,2023-07-27,尾盘14:50,2.55,没涨停→尾盘兑现,-45922260,1205459.3,-47127719,2433294413,平淡期
2023-07-27,隆基机械,7.62070878,挂涨停价排队·尾盘开缝成交,106433400,811097946,2023-07-28,尾盘14:50,7.54,没涨停→尾盘兑现,-8172271,1210517.7,-9382789,2424519947,平淡期
2023-07-28,金固股份,7.84943348,挂涨停价排队·尾盘开缝成交,102959400,808172961,2023-07-31,尾盘14:50,7.53,没涨停→尾盘兑现,-32819207,1187645.0,-34006852,1493149813,平淡期
2023-07-28,华创云信,7.52,挂涨停价排队·尾盘开缝成交,47764400,359188288,2023-07-31,尾盘14:50,8.18,没涨停→尾盘兑现,31524504,562425.8,30962078,1883569571,平淡期
2023-07-28,瑞达期货,15.51060774,挂涨停价排队·尾盘开缝成交,34736300,538781124,2023-08-01,次日早盘9:30,17.78,又涨停→隔夜后早盘兑现,78661386,867167.7,77794218,1454121940,平淡期
2023-07-31,通程控股,5.88680153,挂涨停价排队·尾盘开缝成交,106654900,627856229,2023-08-01,尾盘14:50,5.69,没涨停→尾盘兑现,-21152890,925919.7,-22078809,2060370251,妖股期
2023-07-31,合肥城建,7.74007422,挂涨停价排队·尾盘开缝成交,54078400,418570830,2023-08-01,尾盘14:50,7.41,没涨停→尾盘兑现,-18037273,614328.3,-18651601,2460603408,妖股期
2023-08-01,中超控股,3.13132692,挂涨停价排队·尾盘开缝成交,261934000,820200985,2023-08-02,尾盘14:50,3.12,没涨停→尾盘兑现,-2579248,1228367.0,-3807615,1546076935,恐慌期
2023-08-01,创新新材,5.48940728,挂涨停价排队·尾盘开缝成交,99610100,546800408,2023-08-02,尾盘14:50,5.75,没涨停→尾盘兑现,26216458,839863.0,25376595,2118664038,恐慌期
2023-08-01,豫光金铅,7.14039525,挂涨停价排队·尾盘开缝成交,51052300,364533600,2023-08-02,尾盘14:50,7.52,没涨停→尾盘兑现,19537095,561453.2,18975642,2502446681,恐慌期
2023-08-03,华鑫股份,13.03380927,挂涨停价排队·尾盘开缝成交,63998800,834148153,2023-08-04,尾盘14:50,12.94,没涨停→尾盘兑现,-6220344,1246557.0,-7466901,2495605391,平淡期
2023-08-07,华源控股,8.51126052,挂涨停价排队·尾盘开缝成交,97737300,831867623,2023-08-09,次日早盘9:30,10.3,又涨停→隔夜后早盘兑现,174875772,1378958.3,173496814,1745427939,恐慌期
2023-08-08,华资实业,7.1363149,挂涨停价排队·尾盘开缝成交,51808100,369718916,2023-08-09,尾盘14:50,6.76,没涨停→尾盘兑现,-19649397,539841.3,-20189238,2095234906,平淡期
2023-08-08,华森制药,15.994095,挂涨停价排队·尾盘开缝成交,34674000,554579250,2023-08-10,次日早盘9:30,17.91,又涨停→隔夜后早盘兑现,66549510,881781.0,65667729,1551878690,平淡期
2023-08-09,四环生物,3.05,挂涨停价排队·尾盘开缝成交,228987400,698411570,2023-08-10,尾盘14:50,3.1,没涨停→尾盘兑现,11449370,1056204.4,10393166,2261207234,平淡期
2023-08-09,德展健康,3.4,挂涨停价排队·尾盘开缝成交,136943400,465607560,2023-08-10,尾盘14:50,3.58,没涨停→尾盘兑现,24649812,716898.7,23932913,2751096913,平淡期
2023-08-10,百川能源,3.99324843,挂涨停价排队·尾盘开缝成交,229645600,917031932,2023-08-11,尾盘14:50,3.78,没涨停→尾盘兑现,-48062470,1339501.0,-49401971,2091028025,平淡期
2023-08-10,红塔证券,9.42493013,挂涨停价排队·尾盘开缝成交,64865700,611354690,2023-08-11,尾盘14:50,8.48,没涨停→尾盘兑现,-61319427,871042.5,-62190470,2640650762,平淡期
2023-08-11,浙江震元,9.09670608,挂涨停价排队·尾盘开缝成交,96762100,880216383,2023-08-14,尾盘14:50,9.19,没涨停→尾盘兑现,8573536,1326754.7,7246781,2061746419,恐慌期
2023-08-11,光大嘉宝,3.54,挂涨停价排队·尾盘开缝成交,165765900,586811286,2023-08-14,尾盘14:50,3.47,没涨停→尾盘兑现,-11603613,871514.2,-12475127,2636522687,恐慌期
2023-08-15,人民同泰,8.12212485,挂涨停价排队·尾盘开缝成交,108203300,878840712,2023-08-16,尾盘14:50,8.66,没涨停→尾盘兑现,58026698,1361781.1,56664917,2693846734,平淡期
2023-08-16,渝开发,5.37789706,挂涨停价排队·尾盘开缝成交,166970200,897948548,2023-08-18,次日早盘9:30,6.03,又涨停→隔夜后早盘兑现,109546403,1429082.6,108117321,2802637516,平淡期
2023-08-21,江化微,15.80279078,挂涨停价排队·尾盘开缝成交,39411300,622808528,2023-08-22,尾盘14:50,15.77,没涨停→尾盘兑现,-1165581,933338.6,-2098919,1866793919,恐慌期
2023-08-21,久其软件,7.44,挂涨停价排队·尾盘开缝成交,125566100,934211784,2023-08-23,次日早盘9:30,8.93,又涨停→隔夜后早盘兑现,187093489,1541637.8,185551851,1950150733,恐慌期
2023-08-22,华塑控股,3.66,挂涨停价排队·尾盘开缝成交,170017600,622264416,2023-08-23,尾盘14:50,3.76,没涨停→尾盘兑现,17001760,946147.9,16055612,2588937460,平淡期
2023-08-22,梦网科技,15.60504906,挂涨停价排队·尾盘开缝成交,26583900,414843064,2023-08-23,尾盘14:50,15.29,没涨停→尾盘兑现,-8476997,615906.8,-9092904,2994998751,平淡期
2023-08-23,苏盐井神,9.83622048,挂涨停价排队·尾盘开缝成交,101495500,998332116,2023-08-24,尾盘14:50,10.26,没涨停→尾盘兑现,43405744,1530052.5,41875692,3037623192,恐慌期
2023-08-24,中水渔业,11.72,挂涨停价排队·尾盘开缝成交,86394200,1012540024,2023-08-25,尾盘14:50,11.05,没涨停→尾盘兑现,-57884114,1475397.0,-59359511,1853977128,恐慌期
2023-08-24,开创国际,10.48415437,挂涨停价排队·尾盘开缝成交,64385500,675027521,2023-08-25,尾盘14:50,10.09,没涨停→尾盘兑现,-25321252,993550.3,-26314802,2503196118,恐慌期
2023-08-24,好当家,2.77621386,挂涨停价排队·尾盘开缝成交,162097900,450018437,2023-08-25,尾盘14:50,2.77,没涨停→尾盘兑现,-1595810,673830.8,-2269641,2951282428,恐慌期
2023-08-28,南山控股,3.83,挂涨停价排队·尾盘开缝成交,256856600,983760778,2023-08-29,尾盘14:50,4.07,没涨停→尾盘兑现,61645584,1521875.4,60123709,3012143957,平淡期
2023-08-29,深物业A,11.2233537,挂涨停价排队·尾盘开缝成交,89460600,1004047956,2023-08-30,尾盘14:50,11.04,没涨停→尾盘兑现,-16305052,1493843.1,-17798895,1879489485,妖股期
2023-08-29,软控股份,6.87035856,挂涨停价排队·尾盘开缝成交,97428000,669365294,2023-08-30,尾盘14:50,6.87,没涨停→尾盘兑现,0,1004047.9,-1004048,2548352755,妖股期
2023-08-29,润邦股份,5.14718955,挂涨停价排队·尾盘开缝成交,86696500,446243319,2023-08-30,尾盘14:50,5.08,没涨停→尾盘兑现,-5528678,665218.5,-6193897,2988736859,妖股期
2023-08-30,汉王科技,24.26,挂涨停价排队·尾盘开缝成交,41065300,996244178,2023-08-31,尾盘14:50,24.3,没涨停→尾盘兑现,1642612,1495598.2,147014,2325467271,恐慌期
2023-08-30,电科芯片,13.67,挂涨停价排队·尾盘开缝成交,48585500,664163785,2023-08-31,尾盘14:50,13.49,没涨停→尾盘兑现,-8745390,989686.6,-9735077,2980394102,恐慌期
2023-08-31,华映科技,2.08,挂涨停价排队·尾盘开缝成交,477627200,993464576,2023-09-01,尾盘14:50,1.98,没涨停→尾盘兑现,-47762720,1454374.8,-49217095,2269613931,平淡期
2023-08-31,格林达,29.20912625,挂涨停价排队·尾盘开缝成交,22674700,662308175,2023-09-01,尾盘14:50,27.92,没涨停→尾盘兑现,-29268389,971511.0,-30239900,2902178937,平淡期
2023-09-01,杭州解百,8.17708449,挂涨停价排队·尾盘开缝成交,118305300,967392434,2023-09-04,尾盘14:50,8.37,没涨停→尾盘兑现,22315858,1467825.5,20848032,2923752513,平淡期
2023-09-04,鲁西化工,11.07659112,挂涨停价排队·尾盘开缝成交,87985900,974583839,2023-09-05,尾盘14:50,11.11,没涨停→尾盘兑现,3314911,1464361.9,1850549,1843462644,妖股期
2023-09-04,三湘印象,4.0,挂涨停价排队·尾盘开缝成交,162430700,649722800,2023-09-05,尾盘14:50,3.8,没涨停→尾盘兑现,-32486140,950219.6,-33436360,2460236377,妖股期
2023-09-04,世联行,3.14,挂涨停价排队·尾盘开缝成交,137945400,433148556,2023-09-05,尾盘14:50,2.99,没涨停→尾盘兑现,-20691810,634204.0,-21326014,2872383780,妖股期
2023-09-05,ST合力泰,3.29,挂涨停价排队·尾盘开缝成交,291021600,957461064,2023-09-06,尾盘14:50,3.39,没涨停→尾盘兑现,29102160,1458018.2,27644142,2900746018,恐慌期
2023-09-06,华微电子,7.2806756,挂涨停价排队·尾盘开缝成交,132805700,966915220,2023-09-07,尾盘14:50,7.35,没涨停→尾盘兑现,9183727,1457260.6,7726466,2909197670,平淡期
2023-09-08,四川九洲,8.17197056,挂涨停价排队·尾盘开缝成交,118665600,969731790,2023-09-11,尾盘14:50,8.45,没涨停→尾盘兑现,32635204,1479074.1,31156130,1863600303,平淡期
2023-09-08,日久光电,9.85333706,挂涨停价排队·尾盘开缝成交,65611100,646488283,2023-09-11,尾盘14:50,8.96,没涨停→尾盘兑现,-58829169,925610.5,-59754779,2450818673,平淡期
2023-09-08,哈空调,6.38389207,挂涨停价排队·尾盘开缝成交,67512500,430992513,2023-09-11,尾盘14:50,6.03,没涨停→尾盘兑现,-24205508,628334.6,-24833842,2857300588,平淡期
2023-09-11,同方股份,7.53580102,挂涨停价排队·尾盘开缝成交,126387800,952433312,2023-09-12,尾盘14:50,7.8,没涨停→尾盘兑现,33925725,1454094.3,32471631,2255531262,平淡期
2023-09-11,旭光电子,8.54172735,挂涨停价排队·尾盘开缝成交,74335700,634955282,2023-09-12,尾盘14:50,8.47,没涨停→尾盘兑现,-5126513,948588.0,-6075101,2884887659,平淡期
2023-09-12,科瑞技术,17.23434482,挂涨停价排队·尾盘开缝成交,55797200,961628185,2023-09-13,尾盘14:50,16.5,没涨停→尾盘兑现,-40723949,1411899.3,-42135848,1774997118,平淡期
2023-09-12,四川长虹,4.48486146,挂涨停价排队·尾盘开缝成交,142944500,641086279,2023-09-13,尾盘14:50,4.52,没涨停→尾盘兑现,5586809,965819.5,4620989,2421185200,平淡期
2023-09-12,合力科技,20.86038409,挂涨停价排队·尾盘开缝成交,20488100,427389635,2023-09-13,尾盘14:50,20.17,没涨停→尾盘兑现,-14135073,630483.1,-14765556,2834129822,平淡期
2023-09-13,建发合诚,13.55462151,挂涨停价排队·尾盘开缝成交,69696500,944709678,2023-09-14,尾盘14:50,13.85,没涨停→尾盘兑现,20873842,1432719.9,19441122,2854279476,平淡期
2023-09-15,ST能特,3.29,挂涨停价排队·尾盘开缝成交,289187300,951426217,2023-09-18,尾盘14:50,3.21,没涨停→尾盘兑现,-23134984,1409788.1,-24544772,1773308003,平淡期
2023-09-15,易明医药,11.53843594,挂涨停价排队·尾盘开缝成交,54971400,634283977,2023-09-18,尾盘14:50,11.51,没涨停→尾盘兑现,-1620828,950210.3,-2571038,2405496655,平淡期
2023-09-15,福日电子,7.13662235,挂涨停价排队·尾盘开缝成交,59251600,422856293,2023-09-19,次日早盘9:30,7.52,又涨停→隔夜后早盘兑现,22473481,651139.6,21822342,1514108798,平淡期
2023-09-18,京泉华,17.3978245,挂涨停价排队·尾盘开缝成交,46088000,801830936,2023-09-19,尾盘14:50,17.33,没涨停→尾盘兑现,-3216514,1200334.0,-4416848,2312124259,平淡期
2023-09-18,华阳集团,30.4349115,挂涨停价排队·尾盘开缝成交,17563800,534552699,2023-09-19,尾盘14:50,30.68,没涨停→尾盘兑现,4373307,805109.0,3568198,2850646070,平淡期
2023-09-19,华东数控,10.26,挂涨停价排队·尾盘开缝成交,92613500,950214510,2023-09-20,尾盘14:50,9.89,没涨停→尾盘兑现,-34266995,1399621.5,-35666617,1759898543,平淡期
2023-09-19,华东重机,3.94,挂涨停价排队·尾盘开缝成交,160781000,633477140,2023-09-20,尾盘14:50,4.2,没涨停→尾盘兑现,41803060,981568.0,40821492,2434672282,平淡期
2023-09-19,亿嘉和,33.12,挂涨停价排队·尾盘开缝成交,12751100,422316432,2023-09-20,尾盘14:50,34.04,没涨停→尾盘兑现,11731012,642272.9,11088739,2868394191,平淡期
2023-09-20,宝鼎科技,17.81759808,挂涨停价排队·尾盘开缝成交,53662100,956129730,2023-09-21,尾盘14:50,17.58,没涨停→尾盘兑现,-12580654,1424759.1,-14005413,2855105875,平淡期
2023-09-21,卓翼科技,5.51,挂涨停价排队·尾盘开缝成交,172722600,951701526,2023-09-22,尾盘14:50,5.52,没涨停→尾盘兑现,1727226,1428847.7,298378,2856118029,平淡期
2023-09-22,汇源通信,15.4,挂涨停价排队·尾盘开缝成交,61820700,952038780,2023-09-25,尾盘14:50,15.2,没涨停→尾盘兑现,-12364140,1418785.1,-13782925,1785228939,平淡期
2023-09-22,日丰股份,9.28358982,挂涨停价排队·尾盘开缝成交,68367200,634693042,2023-09-25,尾盘14:50,9.41,没涨停→尾盘兑现,8687425,958555.1,7728870,2428126870,平淡期
2023-09-22,剑桥科技,47.5423767,挂涨停价排队·尾盘开缝成交,8900000,423127153,2023-09-26,次日早盘9:30,53.57,又涨停→隔夜后早盘兑现,53660616,674936.2,52985680,2904557048,平淡期
2023-09-26,ST汇洲,3.37,挂涨停价排队·尾盘开缝成交,287295400,968185498,2023-09-27,尾盘14:50,3.58,没涨停→尾盘兑现,60332034,1497527.3,58834507,1888356080,平淡期
2023-09-26,*ST海华,5.2,挂涨停价排队·尾盘开缝成交,124126300,645456760,2023-09-27,尾盘14:50,5.33,没涨停→尾盘兑现,16136419,980287.5,15156132,2549453064,平淡期
2023-09-26,卓郎智能,2.81,挂涨停价排队·尾盘开缝成交,153133400,430304854,2023-09-28,次日早盘9:30,3.4,又涨停→隔夜后早盘兑现,90348706,713218.8,89635487,1653353737,平淡期
2023-09-27,露笑科技,6.97,挂涨停价排队·尾盘开缝成交,121925000,849817250,2023-09-28,尾盘14:50,6.91,没涨停→尾盘兑现,-7315500,1269239.2,-8584739,2495223610,平淡期
2023-09-27,丰元股份,16.97,挂涨停价排队·尾盘开缝成交,33385100,566545147,2023-09-28,尾盘14:50,16.81,没涨停→尾盘兑现,-5341616,845811.5,-6187428,3056006239,平淡期
2023-09-28,冠捷科技,2.56,挂涨停价排队·尾盘开缝成交,397917400,1018668544,2023-10-09,尾盘14:50,2.68,没涨停→尾盘兑现,47750088,1563815.4,46186273,1971102893,平淡期
2023-09-28,新亚制程,6.25,挂涨停价排队·尾盘开缝成交,108658000,679112500,2023-10-09,尾盘14:50,6.38,没涨停→尾盘兑现,14125540,1029262.9,13096277,2663821004,平淡期
2023-09-28,欧菲光,6.4,挂涨停价排队·尾盘开缝成交,70740800,452741120,2023-10-10,次日早盘9:30,7.74,又涨停→隔夜后早盘兑现,94792672,750206.2,94042466,1731045076,平淡期
2023-10-09,飞龙股份,13.03084608,挂涨停价排队·尾盘开缝成交,68141400,887940095,2023-10-10,尾盘14:50,13.46,没涨停→尾盘兑现,29342848,1353917.3,27988931,2647640057,平淡期
2023-10-09,江淮汽车,14.40632984,挂涨停价排队·尾盘开缝成交,41090200,591958974,2023-10-10,尾盘14:50,14.64,没涨停→尾盘兑现,9441787,895019.8,8546767,3248589768,平淡期
2023-10-10,金溢科技,18.81520839,挂涨停价排队·尾盘开缝成交,57552500,1082862281,2023-10-11,尾盘14:50,18.34,没涨停→尾盘兑现,-27313394,1603808.4,-28917203,2498576574,平淡期
2023-10-10,恒铭达,20.58689052,挂涨停价排队·尾盘开缝成交,35066400,721908138,2023-10-12,次日早盘9:30,21.43,又涨停→隔夜后早盘兑现,29658224,1105105.9,28553118,1861482489,平淡期
2023-10-11,中国长城,11.83,挂涨停价排队·尾盘开缝成交,70402200,832858026,2023-10-12,尾盘14:50,12.1,没涨停→尾盘兑现,19008594,1263543.5,17745051,2712710209,平淡期
2023-10-11,可立克,13.79269541,挂涨停价排队·尾盘开缝成交,40256000,555238746,2023-10-12,尾盘14:50,13.15,没涨停→尾盘兑现,-25861508,813462.0,-26674970,3241690414,平淡期
2023-10-12,中矿资源,37.65484866,挂涨停价排队·尾盘开缝成交,19131000,720374910,2023-10-13,尾盘14:50,37.2,没涨停→尾盘兑现,-8707629,1074031.6,-9781661,1671638216,平淡期
2023-10-12,永兴材料,46.00820664,挂涨停价排队·尾盘开缝成交,10438300,480247463,2023-10-13,尾盘14:50,45.1,没涨停→尾盘兑现,-9478568,713262.3,-10191831,2142054034,平淡期
2023-10-12,江特电机,9.99,挂涨停价排队·尾盘开缝成交,108164500,1080563355,2023-10-16,次日早盘9:30,10.73,又涨停→隔夜后早盘兑现,80041730,1680876.3,78360854,2111760165,平淡期
2023-10-13,海翔药业,9.63,挂涨停价排队·尾盘开缝成交,74145100,714017313,2023-10-16,尾盘14:50,9.9,没涨停→尾盘兑现,20019177,1086040.4,18933137,2845246128,平淡期
2023-10-13,众生药业,19.28607495,挂涨停价排队·尾盘开缝成交,24681600,476011187,2023-10-16,尾盘14:50,19.28,没涨停→尾盘兑现,-237412,713838.7,-951251,3320663073,平淡期
2023-10-16,毅昌科技,6.61,挂涨停价排队·尾盘开缝成交,167456500,1106887465,2023-10-17,尾盘14:50,6.38,没涨停→尾盘兑现,-38514995,1631445.0,-40146440,2051472549,妖股期
2023-10-16,北汽蓝谷,6.15,挂涨停价排队·尾盘开缝成交,79991900,491950185,2023-10-17,尾盘14:50,6.21,没涨停→尾盘兑现,4799514,741524.9,4057989,2547849686,妖股期
2023-10-16,中科金财,16.08,挂涨停价排队·尾盘开缝成交,45890800,737924064,2023-10-18,次日早盘9:30,17.0,又涨停→隔夜后早盘兑现,42219536,1138550.7,41080985,3327408178,妖股期
2023-10-18,华胜天成,7.3875828,挂涨停价排队·尾盘开缝成交,150135100,1109135482,2023-10-19,尾盘14:50,7.25,没涨停→尾盘兑现,-20983644,1647965.5,-22631610,2073235058,平淡期
2023-10-18,渤海汽车,4.3,挂涨停价排队·尾盘开缝成交,171959100,739424130,2023-10-19,尾盘14:50,4.14,没涨停→尾盘兑现,-27513456,1088501.1,-28601957,2784611799,平淡期
2023-10-18,玉龙股份,11.04734786,挂涨停价排队·尾盘开缝成交,44621500,492949233,2023-10-19,尾盘14:50,11.11,没涨停→尾盘兑现,2666993,741424.1,1925569,3279856312,平淡期
2023-10-19,合众思壮,8.04,挂涨停价排队·尾盘开缝成交,135980700,1093284828,2023-10-20,尾盘14:50,8.22,没涨停→尾盘兑现,24476526,1658284.6,22818241,2088739405,恐慌期
2023-10-19,北特科技,9.08794744,挂涨停价排队·尾盘开缝成交,80200400,728857020,2023-10-20,尾盘14:50,8.63,没涨停→尾盘兑现,-36601990,1065834.0,-37667824,2780475244,恐慌期
2023-10-19,瑞芯微,67.8495953,挂涨停价排队·尾盘开缝成交,7161400,485898092,2023-10-20,尾盘14:50,65.6,没涨停→尾盘兑现,-16128521,716750.7,-16845271,3249892488,恐慌期
2023-10-20,山东墨龙,4.72,挂涨停价排队·尾盘开缝成交,229512100,1083297112,2023-10-23,尾盘14:50,4.59,没涨停→尾盘兑现,-29836573,1602568.2,-31439141,2015602458,平淡期
2023-10-20,锋龙股份,12.43303126,挂涨停价排队·尾盘开缝成交,58087000,722197487,2023-10-23,尾盘14:50,13.1,没涨停→尾盘兑现,38944829,1112504.9,37832324,2776173917,平淡期
2023-10-20,华丽家族,2.75,挂涨停价排队·尾盘开缝成交,175078500,481465875,2023-10-23,尾盘14:50,2.73,没涨停→尾盘兑现,-3501570,719572.6,-4221143,3253779748,平淡期
2023-10-23,*ST天箭,35.70446662,挂涨停价排队·尾盘开缝成交,30376900,1084591012,2023-10-24,尾盘14:50,35.83,没涨停→尾盘兑现,3908978,1629818.3,2279160,2051769203,平淡期
2023-10-23,中晶科技,20.66137054,挂涨停价排队·尾盘开缝成交,34995800,723061191,2023-10-24,尾盘14:50,20.29,没涨停→尾盘兑现,-13089583,1074774.6,-14164358,2761208332,平淡期
2023-10-23,东风股份,6.2127936,挂涨停价排队·尾盘开缝成交,77588600,482041958,2023-10-24,尾盘14:50,6.14,没涨停→尾盘兑现,-5407522,719007.3,-6126529,3237485292,平淡期
2023-10-24,凯龙股份,8.81325032,挂涨停价排队·尾盘开缝成交,122447600,1079161350,2023-10-25,尾盘14:50,8.95,没涨停→尾盘兑现,16475746,1631098.8,14844647,2054071313,妖股期
2023-10-24,川恒股份,15.320178,挂涨停价排队·尾盘开缝成交,46960300,719440155,2023-10-25,尾盘14:50,15.71,没涨停→尾盘兑现,18385693,1092949.5,17292743,2791343792,妖股期
2023-10-24,和远气体,17.78091894,挂涨停价排队·尾盘开缝成交,26974300,479627842,2023-10-25,尾盘14:50,18.24,没涨停→尾盘兑现,12261470,728637.9,11532832,3282864186,妖股期
2023-10-25,众信旅游,6.92,挂涨停价排队·尾盘开缝成交,158134100,1094287972,2023-10-26,尾盘14:50,6.7,没涨停→尾盘兑现,-34789502,1615339.8,-36404842,2031405728,妖股期
2023-10-25,宁波建工,4.18270854,挂涨停价排队·尾盘开缝成交,174414500,729525019,2023-10-26,尾盘14:50,4.2,没涨停→尾盘兑现,3293567,1096757.7,2196809,2763674699,妖股期
2023-10-25,退市龙宇,11.08933302,挂涨停价排队·尾盘开缝成交,43857400,486349314,2023-10-26,尾盘14:50,10.37,没涨停→尾盘兑现,-31614871,705812.8,-32320684,3218068092,妖股期
2023-10-26,神州信息,12.42826291,挂涨停价排队·尾盘开缝成交,86310400,1072688343,2023-10-27,尾盘14:50,12.21,没涨停→尾盘兑现,-18924734,1594839.0,-20519573,2006476399,平淡期
2023-10-26,川大智胜,15.73,挂涨停价排队·尾盘开缝成交,45462500,715125125,2023-10-27,尾盘14:50,15.57,没涨停→尾盘兑现,-7274000,1067232.2,-8341232,2713796635,平淡期
2023-10-26,圣阳股份,8.70402239,挂涨停价排队·尾盘开缝成交,54773700,476751511,2023-10-30,次日早盘9:30,10.44,又涨停→隔夜后早盘兑现,95026349,786397.0,94239952,1777482989,平淡期
2023-10-27,航锦科技,35.7080822,挂涨停价排队·尾盘开缝成交,25333100,904596417,2023-10-30,尾盘14:50,36.93,没涨停→尾盘兑现,30844260,1380027.8,29464232,2712222086,妖股期
2023-10-27,安凯客车,5.98,挂涨停价排队·尾盘开缝成交,100847200,603066256,2023-10-30,尾盘14:50,6.0,没涨停→尾盘兑现,2016944,906112.1,1110832,3316851473,妖股期
2023-10-30,兴森科技,14.72620688,挂涨停价排队·尾盘开缝成交,75078200,1105617105,2023-10-31,次日早盘9:30,14.65,又涨停→隔夜后早盘兑现,-5960200,1653955.5,-7614156,2081604021,平淡期
2023-10-30,银河电子,5.79721356,挂涨停价排队·尾盘开缝成交,127143500,737078022,2023-10-31,尾盘14:50,5.69,没涨停→尾盘兑现,-13718880,1095327.9,-14814208,2804420644,平淡期
2023-10-30,奥赛康,10.04894746,挂涨停价排队·尾盘开缝成交,48899100,491384487,2023-10-31,尾盘14:50,10.32,没涨停→尾盘兑现,13475774,747183.6,12728591,3308902260,平淡期
2023-10-31,先导基电,17.9555439,挂涨停价排队·尾盘开缝成交,61427600,1102965968,2023-11-01,尾盘14:50,17.12,没涨停→尾盘兑现,-51187371,1616058.4,-52803429,3256926055,平淡期
2023-11-01,瑞斯康达,8.77,挂涨停价排队·尾盘开缝成交,82526900,723760913,2023-11-02,尾盘14:50,8.54,没涨停→尾盘兑现,-18981187,1071405.5,-20052592,2151774457,平淡期
2023-11-01,通达电气,9.2172345,挂涨停价排队·尾盘开缝成交,117783900,1085641827,2023-11-03,次日早盘9:30,11.15,又涨停→隔夜后早盘兑现,228192231,1799606.9,226392624,3464623139,平淡期
2023-11-03,康强电子,13.87619812,挂涨停价排队·尾盘开缝成交,83227000,1154874341,2023-11-06,尾盘14:50,14.65,没涨停→尾盘兑现,64527363,1780707.0,62746656,2245043919,平淡期
2023-11-03,北斗星通,38.09534907,挂涨停价排队·尾盘开缝成交,20210200,769914624,2023-11-06,尾盘14:50,36.68,没涨停→尾盘兑现,-28537686,1133468.7,-29671155,2985864824,平淡期
2023-11-03,同兴达,18.82081152,挂涨停价排队·尾盘开缝成交,27271800,513277408,2023-11-06,尾盘14:50,19.11,没涨停→尾盘兑现,7817776,775779.4,7041996,3506569186,平淡期
2023-11-06,特发信息,9.21,挂涨停价排队·尾盘开缝成交,126911600,1168855836,2023-11-07,尾盘14:50,9.33,没涨停→尾盘兑现,15229392,1764705.8,13464686,2222181645,妖股期
2023-11-06,欢瑞世纪,4.24,挂涨停价排队·尾盘开缝成交,183782400,779237376,2023-11-07,尾盘14:50,4.13,没涨停→尾盘兑现,-20216064,1153694.0,-21369758,2980633691,妖股期
2023-11-06,遥望科技,9.81,挂涨停价排队·尾盘开缝成交,52955300,519491493,2023-11-07,尾盘14:50,10.08,没涨停→尾盘兑现,14297931,789960.7,13507970,3514022773,妖股期
2023-11-07,ST得润,10.76,挂涨停价排队·尾盘开缝成交,72573700,780893012,2023-11-08,尾盘14:50,10.46,没涨停→尾盘兑现,-21772110,1155010.4,-22927120,1799744492,平淡期
2023-11-07,*ST皇庭,3.4,挂涨停价排队·尾盘开缝成交,344512000,1171340800,2023-11-09,次日早盘9:30,4.11,又涨停→隔夜后早盘兑现,244603520,1940463.8,242663056,3214626854,平淡期
2023-11-07,思美传媒,6.9,挂涨停价排队·尾盘开缝成交,75448700,520596030,2023-11-09,次日早盘9:30,7.21,又涨停→隔夜后早盘兑现,23389097,798435.9,22590661,3758203992,平淡期
2023-11-10,大东南,2.83,挂涨停价排队·尾盘开缝成交,295108300,835156489,2023-11-13,尾盘14:50,2.78,没涨停→尾盘兑现,-14755415,1241668.2,-15997083,1933328481,平淡期
2023-11-10,和胜股份,18.9585308,挂涨停价排队·尾盘开缝成交,29367800,556770341,2023-11-13,尾盘14:50,20.43,没涨停→尾盘兑现,43222212,867572.2,42354640,2532871040,平淡期
2023-11-10,海马汽车,4.91,挂涨停价排队·尾盘开缝成交,255139400,1252734454,2023-11-14,次日早盘9:30,5.34,又涨停→隔夜后早盘兑现,109709942,1961384.1,107748558,2487143722,平淡期
2023-11-13,日上集团,4.30472064,挂涨停价排队·尾盘开缝成交,196131200,844290025,2023-11-14,尾盘14:50,4.15,没涨停→尾盘兑现,-30288431,1243718.7,-31532150,3300534815,平淡期
2023-11-13,铁流股份,11.70357132,挂涨停价排队·尾盘开缝成交,48093000,562859855,2023-11-14,尾盘14:50,11.26,没涨停→尾盘兑现,-21562069,828118.2,-22390188,3841426627,平淡期
2023-11-14,吉大正元,23.84,挂涨停价排队·尾盘开缝成交,35807400,853648416,2023-11-15,尾盘14:50,23.75,没涨停→尾盘兑现,-3222666,1278055.6,-4500722,1987990735,平淡期
2023-11-14,宇通重工,8.8274736,挂涨停价排队·尾盘开缝成交,64469200,569100161,2023-11-15,尾盘14:50,9.34,没涨停→尾盘兑现,33178764,878534.3,32300230,2589817951,平淡期
2023-11-14,美格智能,29.52158763,挂涨停价排队·尾盘开缝成交,43374200,1280475246,2023-11-16,次日早盘9:30,31.21,又涨停→隔夜后早盘兑现,73403040,1975765.1,71427274,2503894658,平淡期
2023-11-15,贤丰控股,3.41,挂涨停价排队·尾盘开缝成交,253159100,863272531,2023-11-16,尾盘14:50,3.41,没涨停→尾盘兑现,0,1294908.8,-1294909,3366519735,平淡期
2023-11-15,正泰电源,15.16620872,挂涨停价排队·尾盘开缝成交,37947100,575513639,2023-11-16,尾盘14:50,14.69,没涨停→尾盘兑现,-17903211,849843.1,-18753054,3923711955,平淡期
2023-11-17,光华科技,16.63691046,挂涨停价排队·尾盘开缝成交,78614500,1307902397,2023-11-20,尾盘14:50,16.45,没涨停→尾盘兑现,-14871422,1950700.0,-16822122,2454646104,平淡期
2023-11-17,路畅科技,37.94,挂涨停价排队·尾盘开缝成交,22981900,871933286,2023-11-20,尾盘14:50,38.05,没涨停→尾盘兑现,2528009,1309795.9,1218213,3328451553,平淡期
2023-11-17,芯瑞达,25.817616,挂涨停价排队·尾盘开缝成交,22515300,581291370,2023-11-20,尾盘14:50,26.65,没涨停→尾盘兑现,18838146,886065.7,17952081,3928130972,平淡期
2023-11-20,金正大,1.88,挂涨停价排队·尾盘开缝成交,696477100,1309376948,2023-11-21,尾盘14:50,1.88,没涨停→尾盘兑现,0,1964065.4,-1964065,2472285936,妖股期
2023-11-20,日发精机,6.71,挂涨停价排队·尾盘开缝成交,130092100,872917991,2023-11-21,尾盘14:50,6.91,没涨停→尾盘兑现,26018420,1328890.8,24689529,3370548145,妖股期
2023-11-20,维科技术,8.59,挂涨停价排队·尾盘开缝成交,67746800,581945012,2023-11-21,尾盘14:50,8.8,没涨停→尾盘兑现,14226828,883587.6,13343240,3966272856,妖股期
2023-11-21,浙江东日,8.59436305,挂涨停价排队·尾盘开缝成交,102554900,881394043,2023-11-22,尾盘14:50,9.03,没涨停→尾盘兑现,44614997,1355552.3,43259444,2100506856,妖股期
2023-11-21,松霖科技,17.86103828,挂涨停价排队·尾盘开缝成交,32898200,587596010,2023-11-22,尾盘14:50,17.19,没涨停→尾盘兑现,-22185062,864755.2,-23049817,2665493746,妖股期
2023-11-21,深振业A,4.96,挂涨停价排队·尾盘开缝成交,266550500,1322090480,2023-11-23,次日早盘9:30,5.3,又涨停→隔夜后早盘兑现,90627170,2051106.1,88576064,3188654132,妖股期
2023-11-22,怡亚通,4.91170368,挂涨停价排队·尾盘开缝成交,180894000,888497725,2023-11-23,尾盘14:50,4.84,没涨停→尾盘兑现,-12590049,1323304.1,-13913353,4063904878,妖股期
2023-11-23,湖南天雁,5.62,挂涨停价排队·尾盘开缝成交,160692200,903090164,2023-11-24,尾盘14:50,5.55,没涨停→尾盘兑现,-11248454,1346198.9,-12594653,2095293362,平淡期
2023-11-23,天鹅股份,22.05396204,挂涨停价排队·尾盘开缝成交,27299400,602059931,2023-11-24,尾盘14:50,21.49,没涨停→尾盘兑现,-15342476,891583.0,-16234059,2681570779,平淡期
2023-11-23,联环药业,11.5368239,挂涨停价排队·尾盘开缝成交,117418300,1354634250,2023-11-27,次日早盘9:30,13.96,又涨停→隔夜后早盘兑现,284587027,2245391.6,282341636,2829802305,平淡期
2023-11-24,长春一东,20.1977083,挂涨停价排队·尾盘开缝成交,44255300,893855640,2023-11-27,尾盘14:50,19.48,没涨停→尾盘兑现,-31703254,1317006.0,-33020260,3691308076,平淡期
2023-11-24,鲁抗医药,7.94552306,挂涨停价排队·尾盘开缝成交,74998800,595904695,2023-11-27,尾盘14:50,8.06,没涨停→尾盘兑现,8709935,900389.5,7809545,4295469245,平淡期
2023-11-27,雷赛智能,20.21559947,挂涨停价排队·尾盘开缝成交,47218400,954548262,2023-11-28,尾盘14:50,21.04,没涨停→尾盘兑现,38980094,1461057.5,37519037,2265515649,平淡期
2023-11-27,合锻智能,7.84,挂涨停价排队·尾盘开缝成交,81169100,636365744,2023-11-28,尾盘14:50,7.95,没涨停→尾盘兑现,8928601,961245.1,7967356,2910326023,平淡期
2023-11-27,ST云动,2.9,挂涨停价排队·尾盘开缝成交,493732000,1431822800,2023-11-29,次日早盘9:30,3.51,又涨停→隔夜后早盘兑现,301176520,2373616.6,298802903,3025179586,平淡期
2023-11-28,华锋股份,13.89,挂涨停价排队·尾盘开缝成交,69842200,970108158,2023-11-29,尾盘14:50,13.65,没涨停→尾盘兑现,-16762128,1442590.6,-18204719,3977810607,平淡期
2023-11-28,香山股份,38.3527062,挂涨停价排队·尾盘开缝成交,16862900,646737849,2023-11-29,尾盘14:50,37.43,没涨停→尾盘兑现,-15541762,958450.5,-16500213,4608533297,平淡期
2023-11-29,甘化科工,10.76,挂涨停价排队·尾盘开缝成交,142767400,1536177224,2023-11-30,尾盘14:50,10.24,没涨停→尾盘兑现,-74239048,2248586.6,-76487635,4533197795,恐慌期
2023-11-30,蓝科高新,8.14,挂涨停价排队·尾盘开缝成交,185634600,1511065644,2023-12-01,尾盘14:50,7.71,没涨停→尾盘兑现,-79822878,2206731.3,-82029609,3444924372,平淡期
2023-11-30,长华集团,12.89053308,挂涨停价排队·尾盘开缝成交,78148600,1007377113,2023-12-01,尾盘14:50,12.42,没涨停→尾盘兑现,-36618308,1483601.9,-38101909,4414955109,平淡期
2023-12-01,中成股份,12.65,挂涨停价排队·尾盘开缝成交,116336100,1471651665,2023-12-04,尾盘14:50,12.85,没涨停→尾盘兑现,23267220,2224927.9,21042292,2801933580,妖股期
2023-12-01,游族网络,12.5577136,挂涨停价排队·尾盘开缝成交,78127300,981100258,2023-12-04,尾盘14:50,13.26,没涨停→尾盘兑现,55109271,1512982.3,53596288,3837365951,妖股期
2023-12-01,群兴玩具,6.77,挂涨停价排队·尾盘开缝成交,96612600,654067302,2023-12-04,尾盘14:50,6.61,没涨停→尾盘兑现,-15458016,969507.4,-16427523,4475496280,妖股期
2023-12-04,远大控股,8.06,挂涨停价排队·尾盘开缝成交,185090800,1491831848,2023-12-05,尾盘14:50,7.79,没涨停→尾盘兑现,-49974516,2200266.9,-52174783,2766849923,妖股期
2023-12-04,中光学,22.22,挂涨停价排队·尾盘开缝成交,44759400,994553868,2023-12-05,尾盘14:50,20.89,没涨停→尾盘兑现,-59530002,1447183.3,-60977185,3701172521,妖股期
2023-12-04,东晶电子,9.82,挂涨停价排队·尾盘开缝成交,67519000,663036580,2023-12-05,尾盘14:50,9.65,没涨停→尾盘兑现,-11478230,985946.2,-12464176,4352242202,妖股期
2023-12-05,安记食品,11.17161342,挂涨停价排队·尾盘开缝成交,129860100,1450746836,2023-12-06,尾盘14:50,10.51,没涨停→尾盘兑现,-86308648,2111388.8,-88420037,4264910226,平淡期
2023-12-06,鸿合科技,29.19568338,挂涨停价排队·尾盘开缝成交,48693300,1421634170,2023-12-07,尾盘14:50,29.97,没涨停→尾盘兑现,37746525,2160761.1,35585764,3353804069,平淡期
2023-12-06,汉马科技,6.42781476,挂涨停价排队·尾盘开缝成交,147446400,947758146,2023-12-07,尾盘14:50,6.22,没涨停→尾盘兑现,-30483449,1398774.6,-31882224,4270390810,平淡期
2023-12-07,苏州科达,7.3,挂涨停价排队·尾盘开缝成交,194995000,1423463500,2023-12-11,次日早盘9:30,8.83,又涨停→隔夜后早盘兑现,298342350,2358952.0,295983398,2985817371,平淡期
2023-12-08,元隆雅图,20.44608696,挂涨停价排队·尾盘开缝成交,46413500,948974457,2023-12-11,尾盘14:50,20.25,没涨停→尾盘兑现,-9249264,1416524.7,-10665788,3924837770,平淡期
2023-12-08,奥士康,31.07394472,挂涨停价排队·尾盘开缝成交,20359500,632649978,2023-12-11,尾盘14:50,31.84,没涨停→尾盘兑现,15683916,960737.9,14723178,4572685414,平淡期
2023-12-11,山东出版,8.99566191,挂涨停价排队·尾盘开缝成交,112960200,1016151768,2023-12-12,尾盘14:50,9.14,没涨停→尾盘兑现,16145410,1536336.7,14609074,3063828301,平淡期
2023-12-11,南宁百货,4.9,挂涨停价排队·尾盘开缝成交,311067000,1524228300,2023-12-13,次日早盘9:30,5.93,又涨停→隔夜后早盘兑现,320399010,2526641.7,317872368,3204947409,平淡期
2023-12-12,奥拓电子,7.442376,挂涨停价排队·尾盘开缝成交,91483000,680850884,2023-12-13,尾盘14:50,7.2,没涨停→尾盘兑现,-22396411,1004479.0,-23400890,3862908041,平淡期
2023-12-12,汉王科技,26.94,挂涨停价排队·尾盘开缝成交,37909200,1021273848,2023-12-14,次日早盘9:30,28.91,又涨停→隔夜后早盘兑现,74681124,1587921.6,73093202,2811981171,平淡期
2023-12-13,湖南发展,10.61845225,挂涨停价排队·尾盘开缝成交,121264000,1287635994,2023-12-14,尾盘14:50,10.59,没涨停→尾盘兑现,-3593403,1928758.9,-5522162,4095060730,平淡期
2023-12-13,金陵药业,8.80261407,挂涨停价排队·尾盘开缝成交,97519200,858423882,2023-12-14,尾盘14:50,8.79,没涨停→尾盘兑现,-932056,1286936.8,-2218993,4951909437,平淡期
2023-12-14,*ST瑞茂,6.64270192,挂涨停价排队·尾盘开缝成交,165659100,1100424022,2023-12-15,尾盘14:50,6.41,没涨停→尾盘兑现,-38386884,1621845.9,-40008730,2528474198,平淡期
2023-12-14,澳柯玛,6.12483256,挂涨停价排队·尾盘开缝成交,119777300,733615907,2023-12-15,尾盘14:50,5.91,没涨停→尾盘兑现,-26200568,1080773.4,-27281342,3235358975,平淡期
2023-12-14,廊坊发展,6.2,挂涨停价排队·尾盘开缝成交,266231600,1650635920,2023-12-18,次日早盘9:30,7.25,又涨停→隔夜后早盘兑现,279543180,2685611.3,276857569,3366669333,平淡期
2023-12-15,南极电商,3.67337368,挂涨停价排队·尾盘开缝成交,293586500,1078452922,2023-12-18,尾盘14:50,3.76,没涨停→尾盘兑现,24951353,1636392.9,23314960,4469246055,妖股期
2023-12-15,江苏新能,11.8068418,挂涨停价排队·尾盘开缝成交,60894200,718968186,2023-12-18,尾盘14:50,11.27,没涨停→尾盘兑现,-32947806,1053741.4,-34001547,5154751920,妖股期
2023-12-20,创维数字,14.041792,挂涨停价排队·尾盘开缝成交,122366900,1718250557,2023-12-21,尾盘14:50,13.89,没涨停→尾盘兑现,-18920860,2563185.2,-21484045,3989059056,平淡期
2023-12-20,阿科力,46.20096584,挂涨停价排队·尾盘开缝成交,24793800,1145497507,2023-12-21,尾盘14:50,45.68,没涨停→尾盘兑现,-12804357,1708643.0,-14513000,5120902686,平淡期
2023-12-21,北玻股份,4.73967612,挂涨停价排队·尾盘开缝成交,360144300,1706967338,2023-12-22,尾盘14:50,4.64,没涨停→尾盘兑现,-35122785,2534108.9,-37656894,3187897597,平淡期
2023-12-21,德业股份,22.291369,挂涨停价排队·尾盘开缝成交,34033400,758651078,2023-12-22,尾盘14:50,24.39,没涨停→尾盘兑现,71449079,1191563.4,70257516,4017375179,平淡期
2023-12-21,清源股份,11.63005215,挂涨停价排队·尾盘开缝成交,97848000,1137977343,2023-12-25,次日早盘9:30,13.25,又涨停→隔夜后早盘兑现,158452541,1825805.4,156626736,3973709385,平淡期
2023-12-22,振邦智能,31.35004296,挂涨停价排队·尾盘开缝成交,42715200,1339123355,2023-12-25,尾盘14:50,32.73,没涨停→尾盘兑现,59116163,2053022.2,57063141,5370900224,恐慌期
2023-12-25,安洁科技,15.46393695,挂涨停价排队·尾盘开缝成交,115772500,1790298641,2023-12-26,尾盘14:50,15.36,没涨停→尾盘兑现,-12178902,2676313.8,-14855216,4163854418,恐慌期
2023-12-25,雪龙集团,19.1632518,挂涨停价排队·尾盘开缝成交,62282400,1193533314,2023-12-26,尾盘14:50,18.7,没涨停→尾盘兑现,-28716591,1768762.5,-30485354,5327797528,恐慌期
2023-12-26,湖北宜化,9.29213124,挂涨停价排队·尾盘开缝成交,191122100,1775931636,2023-12-27,尾盘14:50,9.91,没涨停→尾盘兑现,118755307,2752963.9,116002343,3471873394,平淡期
2023-12-26,龙星科技,6.38067588,挂涨停价排队·尾盘开缝成交,185553200,1183954828,2023-12-27,尾盘14:50,5.84,没涨停→尾盘兑现,-101026086,1700162.7,-102726248,4553989940,平淡期
2023-12-26,道明光学,7.78375978,挂涨停价排队·尾盘开缝成交,101403900,789303598,2023-12-27,尾盘14:50,7.86,没涨停→尾盘兑现,7350907,1189468.6,6161438,5350046954,平淡期
2023-12-27,神马电力,16.54471066,挂涨停价排队·尾盘开缝成交,107789600,1783347744,2023-12-29,次日早盘9:30,20.02,又涨停→隔夜后早盘兑现,374565454,2955945.7,371609508,3741495790,平淡期
2023-12-28,天赐材料,24.16380936,挂涨停价排队·尾盘开缝成交,32801100,792599527,2023-12-29,尾盘14:50,24.35,没涨停→尾盘兑现,6050378,1193437.1,4856941,4539546708,妖股期
2023-12-28,海源复材,11.53,挂涨停价排队·尾盘开缝成交,103113500,1188898655,2024-01-02,次日早盘9:30,12.85,又涨停→隔夜后早盘兑现,136109820,1885430.3,134224390,3341591443,妖股期
2023-12-29,*ST康佳A,4.17,挂涨停价排队·尾盘开缝成交,362873400,1513182078,2024-01-02,尾盘14:50,4.03,没涨停→尾盘兑现,-50802276,2231671.4,-53033947,4802874460,平淡期
2023-12-29,新能股份,5.18,挂涨停价排队·尾盘开缝成交,194746700,1008787906,2024-01-03,次日早盘9:30,6.27,又涨停→隔夜后早盘兑现,212273903,1672387.3,210601516,3354757513,平淡期
2024-01-02,襄阳轴承,7.12,挂涨停价排队·尾盘开缝成交,224853600,1600957632,2024-01-03,尾盘14:50,6.96,没涨停→尾盘兑现,-35976576,2374454.0,-38351030,4918564833,妖股期
2024-01-02,ST沈化,4.64,挂涨停价排队·尾盘开缝成交,230022700,1067305328,2024-01-04,次日早盘9:30,5.15,又涨停→隔夜后早盘兑现,117311577,1688941.7,115622635,6102293275,妖股期
2024-01-04,九安医疗,41.0337495,挂涨停价排队·尾盘开缝成交,49571300,2034096307,2024-01-05,尾盘14:50,42.13,没涨停→尾盘兑现,54338743,3091898.5,51246844,4799000513,平淡期
2024-01-04,浙农股份,10.29434005,挂涨停价排队·尾盘开缝成交,131729200,1356065179,2024-01-05,尾盘14:50,9.79,没涨停→尾盘兑现,-66322838,1984355.6,-68307194,6087775547,平淡期
2024-01-08,国泰集团,10.666414,挂涨停价排队·尾盘开缝成交,190247400,2029257531,2024-01-09,尾盘14:50,10.5,没涨停→尾盘兑现,-31361253,3020365.4,-34381618,6054915872,恐慌期
2024-01-09,东方精工,5.12958356,挂涨停价排队·尾盘开缝成交,393463700,2018304927,2024-01-10,尾盘14:50,5.01,没涨停→尾盘兑现,-46044979,2992923.7,-49037903,3764832442,平淡期
2024-01-09,越剑智能,12.00307032,挂涨停价排队·尾盘开缝成交,112099400,1345536981,2024-01-10,尾盘14:50,11.45,没涨停→尾盘兑现,-62293379,1971585.4,-64264964,5047113611,平淡期
2024-01-09,九华旅游,27.75216952,挂涨停价排队·尾盘开缝成交,32322600,897022275,2024-01-10,尾盘14:50,26.86,没涨停→尾盘兑现,-28828524,1323912.0,-30152436,5914656217,平淡期
2024-01-10,永太科技,11.5,挂涨停价排队·尾盘开缝成交,114292800,1314367200,2024-01-11,尾盘14:50,11.78,没涨停→尾盘兑现,32001984,1995552.3,30006432,3097850848,平淡期
2024-01-10,ST航高,2.72,挂涨停价排队·尾盘开缝成交,322149100,876245552,2024-01-11,尾盘14:50,2.76,没涨停→尾盘兑现,12885964,1324032.8,11561931,3986315515,平淡期
2024-01-10,中银绒业,1.56,挂涨停价排队·尾盘开缝成交,1263815400,1971552024,2024-01-12,次日早盘9:30,1.73,又涨停→隔夜后早盘兑现,214848618,3118464.5,211730154,3956457140,平淡期
2024-01-11,联化科技,7.24244387,挂涨停价排队·尾盘开缝成交,183470000,1328771177,2024-01-12,尾盘14:50,7.26,没涨停→尾盘兑现,3596133,1995853.9,1600279,5287825175,妖股期
2024-01-11,ST阳光,2.2,挂涨停价排队·尾盘开缝成交,402658200,885848040,2024-01-12,尾盘14:50,2.13,没涨停→尾盘兑现,-28186074,1307632.5,-29493707,6144843894,妖股期
2024-01-12,大连电瓷,8.56187643,挂涨停价排队·尾盘开缝成交,239232700,2048280815,2024-01-15,尾盘14:50,8.5,没涨停→尾盘兑现,-14174954,3061790.0,-17236744,4763623229,平淡期
2024-01-12,神驰机电,17.09440821,挂涨停价排队·尾盘开缝成交,79881100,1365520132,2024-01-15,尾盘14:50,17.39,没涨停→尾盘兑现,23609104,2065987.0,21543117,6151710618,平淡期
2024-01-15,汇得科技,20.55527026,挂涨停价排队·尾盘开缝成交,99758800,2050569095,2024-01-16,尾盘14:50,20.89,没涨停→尾盘兑现,33490396,3100971.4,30389424,6183637970,平淡期
2024-01-16,宏柏新材,8.88141615,挂涨停价排队·尾盘开缝成交,232081500,2061212382,2024-01-18,次日早盘9:30,9.23,又涨停→隔夜后早盘兑现,80606071,3152273.1,77453798,3972402615,平淡期
2024-01-16,晨光新材,13.70700856,挂涨停价排队·尾盘开缝成交,100251000,1374141315,2024-01-18,次日早盘9:30,15.74,又涨停→隔夜后早盘兑现,204197597,2214360.2,201983237,5549557772,平淡期
2024-01-17,*ST萃华,12.55827825,挂涨停价排队·尾盘开缝成交,72947400,916093747,2024-01-18,尾盘14:50,11.91,没涨停→尾盘兑现,-47421323,1338574.6,-48759898,6417578691,平淡期
2024-01-19,华塑股份,3.42,挂涨停价排队·尾盘开缝成交,625494900,2139192558,2024-01-22,尾盘14:50,3.57,没涨停→尾盘兑现,93824235,3279157.0,90545078,6509728164,恐慌期
2024-01-23,丸美生物,29.35105443,挂涨停价排队·尾盘开缝成交,49286300,1446604874,2024-01-24,尾盘14:50,28.81,没涨停→尾盘兑现,-26659062,2149913.0,-28808975,4312095338,恐慌期
2024-01-23,金证股份,10.34486463,挂涨停价排队·尾盘开缝成交,209757100,2169908805,2024-01-25,次日早盘9:30,11.42,又涨停→隔夜后早盘兑现,225120222,3423703.4,221696518,4309719802,恐慌期
2024-01-24,五矿资本,4.66766696,挂涨停价排队·尾盘开缝成交,307940800,1437365098,2024-01-25,尾盘14:50,4.89,没涨停→尾盘兑现,68304540,2207276.1,66097264,5814260187,妖股期
2024-01-24,新黄浦,5.13714075,挂涨停价排队·尾盘开缝成交,186532400,958243193,2024-01-26,次日早盘9:30,6.12,又涨停→隔夜后早盘兑现,182522513,1574256.7,180948256,3724026982,妖股期
2024-01-25,中工国际,7.74006695,挂涨停价排队·尾盘开缝成交,250396600,1938086448,2024-01-26,尾盘14:50,7.9,没涨停→尾盘兑现,40928534,2937826.1,37990708,5701557703,妖股期
2024-01-25,大立科技,10.80504845,挂涨停价排队·尾盘开缝成交,119579000,1292056889,2024-01-26,尾盘14:50,10.99,没涨停→尾盘兑现,22625881,1955054.7,20670826,7015254460,妖股期
2024-01-26,沙河股份,12.96972534,挂涨停价排队·尾盘开缝成交,180298200,2338418133,2024-01-29,尾盘14:50,12.79,没涨停→尾盘兑现,-31743233,3483819.8,-35227052,4383539049,妖股期
2024-01-26,海南高速,4.64226549,挂涨停价排队·尾盘开缝成交,335815600,1558945171,2024-01-29,尾盘14:50,4.32,没涨停→尾盘兑现,-109225458,2256498.7,-111481956,5832171472,妖股期
2024-01-26,信达地产,3.98,挂涨停价排队·尾盘开缝成交,261129900,1039297002,2024-01-29,尾盘14:50,3.83,没涨停→尾盘兑现,-39169485,1529568.4,-40699053,6831548893,妖股期
2024-01-31,时代出版,6.6290812,挂涨停价排队·尾盘开缝成交,343514100,2277182862,2024-02-01,尾盘14:50,6.21,没涨停→尾盘兑现,-144343663,3307516.5,-147651180,5167483872,恐慌期
2024-01-31,中材节能,7.44105096,挂涨停价排队·尾盘开缝成交,204019800,1518121729,2024-02-02,次日早盘9:30,7.86,又涨停→隔夜后早盘兑现,86348194,2341943.7,84006250,6770750442,恐慌期
2024-02-05,一拖股份,12.89389056,挂涨停价排队·尾盘开缝成交,175037600,2256915658,2024-02-06,尾盘14:50,12.82,没涨停→尾盘兑现,-13121603,3375532.3,-16497135,5251335147,恐慌期
2024-02-05,艾迪精密,14.6130649,挂涨停价排队·尾盘开缝成交,102963400,1504610847,2024-02-06,尾盘14:50,15.17,没涨停→尾盘兑现,57251548,2299854.9,54951693,6812026145,恐慌期
2024-02-06,中国长城,8.27,挂涨停价排队·尾盘开缝成交,274567700,2270674879,2024-02-07,尾盘14:50,8.97,没涨停→尾盘兑现,192197390,3550160.4,188647230,4479403993,恐慌期
2024-02-06,安道麦A,5.82,挂涨停价排队·尾盘开缝成交,173400200,1009189164,2024-02-07,尾盘14:50,6.38,没涨停→尾盘兑现,97104112,1586611.8,95517500,5584867549,恐慌期
2024-02-06,航天发展,6.12,挂涨停价排队·尾盘开缝成交,247350200,1513783224,2024-02-08,次日早盘9:30,6.84,又涨停→隔夜后早盘兑现,178092144,2404243.9,175687900,4172772006,恐慌期
2024-02-07,深天马A,8.76,挂涨停价排队·尾盘开缝成交,212513900,1861621764,2024-02-08,尾盘14:50,9.18,没涨停→尾盘兑现,89255838,2859374.5,86396463,6122186449,恐慌期
2024-02-07,航锦科技,23.5924836,挂涨停价排队·尾盘开缝成交,52604900,1241080241,2024-02-19,次日早盘9:30,28.14,又涨停→隔夜后早盘兑现,239396189,2041167.5,237355021,4200338248,恐慌期
2024-02-08,丰原药业,4.6374972,挂涨停价排队·尾盘开缝成交,440049600,2040728788,2024-02-19,尾盘14:50,4.81,没涨停→尾盘兑现,77345406,3119102.2,74226304,6316823886,妖股期
2024-02-08,国际实业,4.17495371,挂涨停价排队·尾盘开缝成交,325868400,1360485486,2024-02-19,尾盘14:50,4.38,没涨停→尾盘兑现,68186623,2091868.2,66094755,7744424491,妖股期
2024-02-19,*ST皇庭,2.09,挂涨停价排队·尾盘开缝成交,1235155400,2581474786,2024-02-20,尾盘14:50,2.16,没涨停→尾盘兑现,86460878,3937057.8,82523820,4960579911,主线期
2024-02-19,湖南投资,4.0435164,挂涨停价排队·尾盘开缝成交,425615400,1720982850,2024-02-20,尾盘14:50,3.93,没涨停→尾盘兑现,-49170939,2544596.1,-51715535,6631137963,主线期
2024-02-19,汇源通信,7.44,挂涨停价排队·尾盘开缝成交,154209900,1147321656,2024-02-20,尾盘14:50,7.68,没涨停→尾盘兑现,37010376,1748740.3,35261636,7814581746,主线期
2024-02-20,武汉凡谷,8.35872624,挂涨停价排队·尾盘开缝成交,311633600,2604859950,2024-02-21,尾盘14:50,8.19,没涨停→尾盘兑现,-52035980,3868262.9,-55904243,4866345232,妖股期
2024-02-20,人民网,25.04792112,挂涨停价排队·尾盘开缝成交,69330000,1736572371,2024-02-21,尾盘14:50,23.83,没涨停→尾盘兑现,-84661290,2541362.6,-87202652,6517017380,妖股期
2024-02-20,鸣志电器,42.97234112,挂涨停价排队·尾盘开缝成交,26940900,1157713545,2024-02-21,尾盘14:50,42.85,没涨停→尾盘兑现,-3227826,1734149.4,-4961975,7670637235,妖股期
2024-02-21,海马汽车,3.72,挂涨停价排队·尾盘开缝成交,687333000,2556878760,2024-02-22,尾盘14:50,3.7,没涨停→尾盘兑现,-13746660,3825008.1,-17571668,4814006466,妖股期
2024-02-21,ST富通,1.84,挂涨停价排队·尾盘开缝成交,926405500,1704586120,2024-02-22,尾盘14:50,1.85,没涨停→尾盘兑现,9264055,2563827.2,6700228,6526571253,妖股期
2024-02-21,贤丰控股,1.76,挂涨停价排队·尾盘开缝成交,645676500,1136390640,2024-02-22,尾盘14:50,1.86,没涨停→尾盘兑现,64567650,1753011.7,62814638,7726628825,妖股期
2024-02-22,华塑控股,3.14,挂涨停价排队·尾盘开缝成交,820236600,2575542924,2024-02-23,尾盘14:50,3.24,没涨停→尾盘兑现,82023660,3924832.1,78098828,4944945283,主线期
2024-02-22,川大智胜,10.34,挂涨停价排队·尾盘开缝成交,166056900,1717028346,2024-02-23,尾盘14:50,11.02,没涨停→尾盘兑现,112918692,2660231.5,110258460,6773519861,主线期
2024-02-22,深南电路,46.69918207,挂涨停价排队·尾盘开缝成交,24511900,1144685681,2024-02-23,尾盘14:50,48.65,没涨停→尾盘兑现,47748596,1752840.0,45995756,7965059811,主线期
2024-02-23,金浦钛业,2.26,挂涨停价排队·尾盘开缝成交,1174787500,2655019750,2024-02-26,尾盘14:50,2.32,没涨停→尾盘兑现,70487250,4035395.1,66451855,5083480961,妖股期
2024-02-23,*ST超华,2.96,挂涨停价排队·尾盘开缝成交,597977400,1770013104,2024-02-26,尾盘14:50,2.98,没涨停→尾盘兑现,11959548,2663989.3,9295559,6864117134,妖股期
2024-02-23,人乐退,9.19,挂涨停价排队·尾盘开缝成交,128401400,1180008866,2024-02-27,次日早盘9:30,10.12,又涨停→隔夜后早盘兑现,119413302,1859573.3,117553729,4349167370,妖股期
2024-02-26,沈阳机床,7.19,挂涨停价排队·尾盘开缝成交,318225100,2288038469,2024-02-27,尾盘14:50,7.2,没涨停→尾盘兑现,3182251,3434444.4,-252193,6638669675,主线期
2024-02-26,山东威达,7.86883188,挂涨停价排队·尾盘开缝成交,193848200,1525358896,2024-02-27,尾盘14:50,7.88,没涨停→尾盘兑现,1876210,2289445.5,-413235,8164759354,主线期
2024-02-27,振华科技,52.03515837,挂涨停价排队·尾盘开缝成交,52302800,2721584481,2024-02-28,尾盘14:50,51.07,没涨停→尾盘兑现,-50371728,4044597.9,-54416326,5088398350,主线期
2024-02-27,众泰汽车,2.73,挂涨停价排队·尾盘开缝成交,664612300,1814391579,2024-02-28,尾盘14:50,2.61,没涨停→尾盘兑现,-79753476,2661772.3,-82415248,6821735474,主线期
2024-02-27,远东传动,5.75055558,挂涨停价排队·尾盘开缝成交,210343900,1209594288,2024-02-28,尾盘14:50,5.39,没涨停→尾盘兑现,-75237922,1757963.0,-76995885,7955241072,主线期
2024-02-28,金健米业,6.91,挂涨停价排队·尾盘开缝成交,383754900,2651746359,2024-02-29,尾盘14:50,7.18,没涨停→尾盘兑现,103613823,4055329.9,99558493,8056788375,恐慌期
2024-02-29,四川九洲,9.26222144,挂涨停价排队·尾盘开缝成交,289951600,2685595926,2024-03-01,尾盘14:50,9.8,没涨停→尾盘兑现,156636030,4145870.9,152490159,5227300121,主线期
2024-02-29,奥普光电,28.54270992,挂涨停价排队·尾盘开缝成交,41817900,1193596189,2024-03-01,尾盘14:50,30.2,没涨停→尾盘兑现,69181902,1842280.7,67339621,6489131128,主线期
2024-02-29,奔图科技,23.43,挂涨停价排队·尾盘开缝成交,76414700,1790396421,2024-03-04,次日早盘9:30,26.4,又涨停→隔夜后早盘兑现,226951659,2855808.4,224095851,4899893682,主线期
2024-03-01,*ST特迅,9.55,挂涨停价排队·尾盘开缝成交,226496700,2163043485,2024-03-04,次日早盘9:30,9.96,又涨停→隔夜后早盘兑现,92863647,3314213.0,89549434,7154108884,平淡期
2024-03-01,卓翼科技,4.58,挂涨停价排队·尾盘开缝成交,314853500,1442029030,2024-03-05,次日早盘9:30,5.13,又涨停→隔夜后早盘兑现,173169425,2292920.6,170876504,4793591928,平淡期
2024-03-04,通富微电,25.0976614,挂涨停价排队·尾盘开缝成交,95016900,2384701983,2024-03-05,尾盘14:50,24.88,没涨停→尾盘兑现,-20835363,3561426.5,-24396789,7155685649,主线期
2024-03-04,四川长虹,5.64760332,挂涨停价排队·尾盘开缝成交,281500300,1589802029,2024-03-05,尾盘14:50,5.5,没涨停→尾盘兑现,-41257838,2353759.7,-43611598,8703068431,主线期
2024-03-06,新叶股份,5.0554128,挂涨停价排队·尾盘开缝成交,573844800,2901022347,2024-03-07,尾盘14:50,5.03,没涨停→尾盘兑现,-17132022,4338684.5,-21470706,5460415463,妖股期
2024-03-06,*ST华西,2.45,挂涨停价排队·尾盘开缝成交,789394000,1934015300,2024-03-07,尾盘14:50,2.38,没涨停→尾盘兑现,-55257580,2859579.8,-58117160,7337764114,妖股期
2024-03-06,时代新材,9.2872857,挂涨停价排队·尾盘开缝成交,138828800,1289342729,2024-03-07,尾盘14:50,9.03,没涨停→尾盘兑现,-35414297,1907453.4,-37321750,8590752100,妖股期
2024-03-07,创元科技,7.5266396,挂涨停价排队·尾盘开缝成交,253639800,1909055363,2024-03-08,尾盘14:50,7.49,没涨停→尾盘兑现,-8300241,2857357.9,-11157599,4444738241,妖股期
2024-03-07,新筑股份,4.2,挂涨停价排队·尾盘开缝成交,303024800,1272704160,2024-03-08,尾盘14:50,4.04,没涨停→尾盘兑现,-48483968,1872693.3,-50356661,5668040268,妖股期
2024-03-07,神州高铁,2.34,挂涨停价排队·尾盘开缝成交,1223753800,2863583892,2024-03-11,次日早盘9:30,2.83,又涨停→隔夜后早盘兑现,599639362,4745105.4,594894257,5979755434,妖股期
2024-03-08,罗欣药业,4.52,挂涨停价排队·尾盘开缝成交,417997000,1889346440,2024-03-11,尾盘14:50,4.52,没涨停→尾盘兑现,0,2834019.7,-2834020,7867684864,平淡期
2024-03-08,赛腾股份,44.1332947,挂涨停价排队·尾盘开缝成交,28540000,1259564231,2024-03-11,尾盘14:50,48.0,没涨停→尾盘兑现,110298644,1972070.3,108326573,9236520341,平淡期
2024-03-11,钱江摩托,12.17339214,挂涨停价排队·尾盘开缝成交,252915500,3078839560,2024-03-12,尾盘14:50,12.23,没涨停→尾盘兑现,15317610,4629747.5,10687862,5828584498,妖股期
2024-03-11,尚太科技,22.5024072,挂涨停价排队·尾盘开缝成交,91215100,2052559323,2024-03-12,尾盘14:50,22.37,没涨停→尾盘兑现,-12515606,3069452.3,-15585058,7867098183,妖股期
2024-03-11,林州重机,4.84,挂涨停价排队·尾盘开缝成交,282721800,1368373512,2024-03-12,尾盘14:50,4.63,没涨停→尾盘兑现,-59371578,2008031.6,-61379610,9175118365,妖股期
2024-03-12,荣安地产,2.15415025,挂涨停价排队·尾盘开缝成交,1419758300,3058372697,2024-03-13,尾盘14:50,2.06,没涨停→尾盘兑现,-137314693,4484573.0,-141799266,5637424954,妖股期
2024-03-12,天保基建,2.84320512,挂涨停价排队·尾盘开缝成交,717118500,2038914991,2024-03-13,尾盘14:50,2.89,没涨停→尾盘兑现,35397830,3084920.9,32312909,7710182040,妖股期
2024-03-12,千味央厨,49.39254408,挂涨停价排队·尾盘开缝成交,27519800,1359272935,2024-03-13,尾盘14:50,49.27,没涨停→尾盘兑现,-3280627,2036448.9,-5317075,9065157354,妖股期
2024-03-13,成飞集成,17.807526,挂涨停价排队·尾盘开缝成交,169687700,3021718130,2024-03-14,尾盘14:50,17.15,没涨停→尾盘兑现,-111915486,4448640.6,-116364127,5593594253,妖股期
2024-03-13,世纪华通,5.28845733,挂涨停价排队·尾盘开缝成交,380920100,2014479695,2024-03-14,尾盘14:50,5.09,没涨停→尾盘兑现,-75874941,2964813.3,-78839755,7530745053,妖股期
2024-03-13,中国软件,36.19,挂涨停价排队·尾盘开缝成交,37109300,1342985567,2024-03-14,尾盘14:50,34.28,没涨停→尾盘兑现,-70878763,1961319.3,-72840082,8801897777,妖股期
2024-03-15,山子高科,1.55,挂涨停价排队·尾盘开缝成交,1892881200,2933965860,2024-03-18,次日早盘9:30,1.56,又涨停→隔夜后早盘兑现,18928812,4415145.4,14513667,5558650223,妖股期
2024-03-15,隆基机械,7.05443445,挂涨停价排队·尾盘开缝成交,277269100,1955976691,2024-03-18,尾盘14:50,7.12,没涨停→尾盘兑现,18628349,2947936.3,15680413,7531774310,妖股期
2024-03-15,金正大,1.63,挂涨停价排队·尾盘开缝成交,799990800,1303985004,2024-03-18,尾盘14:50,1.6,没涨停→尾盘兑现,-23999724,1937977.7,-25937702,8810799601,妖股期
2024-03-18,德明利,60.82597587,挂涨停价排队·尾盘开缝成交,48284100,2936927502,2024-03-19,尾盘14:50,63.16,没涨停→尾盘兑现,112765762,4489965.6,108275797,5658017338,妖股期
2024-03-18,亚普股份,16.23964606,挂涨停价排队·尾盘开缝成交,80377600,1305303775,2024-03-19,尾盘14:50,16.68,没涨停→尾盘兑现,35298779,1984429.7,33314349,6997614440,妖股期
2024-03-18,动力新科,4.76,挂涨停价排队·尾盘开缝成交,411335500,1957956980,2024-03-20,次日早盘9:30,5.76,又涨停→隔夜后早盘兑现,411335500,3245437.1,408090063,7032592219,妖股期
2024-03-19,维科技术,6.44,挂涨停价排队·尾盘开缝成交,362195300,2332537732,2024-03-21,次日早盘9:30,7.4,又涨停→隔夜后早盘兑现,347707488,3759587.2,343947901,5803832710,妖股期
2024-03-20,好太太,14.74829904,挂涨停价排队·尾盘开缝成交,158946900,2344196413,2024-03-21,尾盘14:50,14.26,没涨停→尾盘兑现,-77032227,3458520.4,-80490748,8069296522,妖股期
2024-03-20,合兴股份,17.3791187,挂涨停价排队·尾盘开缝成交,89923900,1562798132,2024-03-21,尾盘14:50,17.11,没涨停→尾盘兑现,-24283212,2325984.8,-26609197,9606657556,妖股期
2024-03-21,东瑞股份,21.37,挂涨停价排队·尾盘开缝成交,149846400,3202217568,2024-03-22,尾盘14:50,22.21,没涨停→尾盘兑现,125870976,4897729.6,120973246,6172010506,妖股期
2024-03-21,天邦食品,3.27,挂涨停价排队·尾盘开缝成交,652848100,2134813287,2024-03-22,尾盘14:50,3.46,没涨停→尾盘兑现,124041139,3295250.8,120745888,8429170791,妖股期
2024-03-21,神剑股份,3.83168132,挂涨停价排队·尾盘开缝成交,371431900,1423208673,2024-03-22,尾盘14:50,3.68,没涨停→尾盘兑现,-57214419,2091902.2,-59306321,9794140549,妖股期
2024-03-22,康强电子,12.57406205,挂涨停价排队·尾盘开缝成交,259638700,3264713124,2024-03-25,尾盘14:50,11.78,没涨停→尾盘兑现,-206464071,4742221.6,-211206293,7408907402,妖股期
2024-03-22,新亚制程,5.17,挂涨停价排队·尾盘开缝成交,420981700,2176475389,2024-03-25,尾盘14:50,4.8,没涨停→尾盘兑现,-155763229,3147890.7,-158911120,9428104028,妖股期
2024-03-26,北斗星通,33.1134201,挂涨停价排队·尾盘开缝成交,94907100,3142698673,2024-03-27,尾盘14:50,29.81,没涨停→尾盘兑现,-313326114,4479053.4,-317805167,5620765126,妖股期
2024-03-26,日丰股份,8.96217729,挂涨停价排队·尾盘开缝成交,233775200,2095134788,2024-03-27,尾盘14:50,8.52,没涨停→尾盘兑现,-103096708,3065379.7,-106162087,7611309178,妖股期
2024-03-26,安孚科技,24.1408115,挂涨停价排队·尾盘开缝成交,57858700,1396755970,2024-03-28,次日早盘9:30,26.51,又涨停→隔夜后早盘兑现,137310947,2198117.2,135112830,6607123346,妖股期
2024-03-27,盐津铺子,50.05805077,挂涨停价排队·尾盘开缝成交,50683200,2537102199,2024-03-28,尾盘14:50,50.34,没涨停→尾盘兑现,14417258,3816466.2,10600792,9156729164,妖股期
2024-03-28,雷科防务,4.68,挂涨停价排队·尾盘开缝成交,652188600,3052242648,2024-03-29,尾盘14:50,4.91,没涨停→尾盘兑现,150003378,4690866.5,145312511,9304330858,平淡期
2024-04-01,海翔药业,6.15,挂涨停价排队·尾盘开缝成交,504299700,3101443155,2024-04-02,次日早盘9:30,6.14,又涨停→隔夜后早盘兑现,-5042997,4648382.5,-9691379,5850917109,妖股期
2024-04-01,*ST未名,12.74,挂涨停价排队·尾盘开缝成交,108196200,1378419588,2024-04-02,尾盘14:50,13.51,没涨停→尾盘兑现,83311074,2130112.7,81180961,7311551473,妖股期
2024-04-01,东方锆业,6.87,挂涨停价排队·尾盘开缝成交,300964900,2067628863,2024-04-03,次日早盘9:30,8.32,又涨停→隔夜后早盘兑现,436399105,3428742.6,432970362,5751729988,妖股期
2024-04-02,江特电机,10.8,挂涨停价排队·尾盘开缝成交,225665100,2437183080,2024-04-03,尾盘14:50,11.29,没涨停→尾盘兑现,110575899,3738706.5,106837192,8297578148,妖股期
2024-04-02,江山股份,14.1083397,挂涨停价排队·尾盘开缝成交,115165100,1624788352,2024-04-03,尾盘14:50,14.11,没涨停→尾盘兑现,0,2437182.5,-2437183,9921147909,妖股期
2024-04-03,中孚实业,3.84799312,挂涨停价排队·尾盘开缝成交,859421800,3307049174,2024-04-08,尾盘14:50,3.81,没涨停→尾盘兑现,-33574103,4935393.2,-38509496,6210620002,平淡期
2024-04-03,南宁百货,4.71,挂涨停价排队·尾盘开缝成交,468089000,2204699190,2024-04-08,尾盘14:50,4.57,没涨停→尾盘兑现,-65532460,3257899.4,-68790359,8348182357,平淡期
2024-04-03,株冶集团,12.21,挂涨停价排队·尾盘开缝成交,120376700,1469799507,2024-04-08,尾盘14:50,11.88,没涨停→尾盘兑现,-39724311,2174906.0,-41899217,9777184997,平淡期
2024-04-08,锌业股份,3.6449082,挂涨停价排队·尾盘开缝成交,894140900,3259061498,2024-04-09,尾盘14:50,3.58,没涨停→尾盘兑现,-61825015,4842223.5,-66667238,6091783190,妖股期
2024-04-08,*ST广糖,8.67,挂涨停价排队·尾盘开缝成交,250600600,2172707202,2024-04-09,尾盘14:50,8.06,没涨停→尾盘兑现,-152866366,3144411.0,-156010777,8110109146,妖股期
2024-04-08,北化股份,9.02856512,挂涨停价排队·尾盘开缝成交,160432100,1448471662,2024-04-09,尾盘14:50,8.76,没涨停→尾盘兑现,-42788550,2140616.1,-44929166,9514737995,妖股期
2024-04-09,冠城新材,2.01617736,挂涨停价排队·尾盘开缝成交,1048710400,2114386166,2024-04-10,尾盘14:50,1.91,没涨停→尾盘兑现,-106689210,3091562.3,-109780773,4825373231,妖股期
2024-04-09,龙蟠科技,10.69,挂涨停价排队·尾盘开缝成交,131860700,1409590883,2024-04-10,尾盘14:50,10.37,没涨停→尾盘兑现,-42195424,2082739.8,-44278164,6191743143,妖股期
2024-04-09,利民股份,6.88395138,挂涨停价排队·尾盘开缝成交,460720700,3171578899,2024-04-11,次日早盘9:30,7.57,又涨停→隔夜后早盘兑现,316735576,4994920.0,311740656,9677441382,妖股期
2024-04-11,百大集团,7.55795102,挂涨停价排队·尾盘开缝成交,284540400,2150542406,2024-04-12,尾盘14:50,7.23,没涨停→尾盘兑现,-92088718,3156747.1,-95245465,4924301289,平淡期
2024-04-11,华懋科技,21.07803016,挂涨停价排队·尾盘开缝成交,68018400,1433693887,2024-04-12,尾盘14:50,20.92,没涨停→尾盘兑现,-10749345,2142478.8,-12891824,6346178623,平淡期
2024-04-11,厦工股份,2.72,挂涨停价排队·尾盘开缝成交,1185960900,3225813648,2024-04-15,次日早盘9:30,2.86,又涨停→隔夜后早盘兑现,166034526,4963246.4,161071280,6209829020,平淡期
2024-04-12,联创光电,29.98633995,挂涨停价排队·尾盘开缝成交,70545200,2115392349,2024-04-15,尾盘14:50,29.73,没涨停→尾盘兑现,-18278565,3159379.6,-21437944,8305369969,妖股期
2024-04-12,振华股份,7.03898245,挂涨停价排队·尾盘开缝成交,200350200,1410261542,2024-04-15,尾盘14:50,6.75,没涨停→尾盘兑现,-58470864,2071539.2,-60542403,9656146804,妖股期
2024-04-17,*ST利源,1.12,挂涨停价排队·尾盘开缝成交,1915902100,2145810352,2024-04-18,尾盘14:50,1.14,没涨停→尾盘兑现,38318042,3247454.1,35070588,5043571693,妖股期
2024-04-17,信质集团,15.9280671,挂涨停价排队·尾盘开缝成交,89812500,1430539526,2024-04-18,尾盘14:50,16.65,没涨停→尾盘兑现,65024524,2194577.7,62829946,6538014071,妖股期
2024-04-17,软控股份,8.2984668,挂涨停价排队·尾盘开缝成交,387868700,3218715530,2024-04-19,次日早盘9:30,9.46,又涨停→隔夜后早盘兑现,449123097,5164915.6,443958182,6570872155,妖股期
2024-04-18,中钢天源,7.608078,挂涨停价排队·尾盘开缝成交,286450500,2179337747,2024-04-19,尾盘14:50,7.61,没涨停→尾盘兑现,0,3269006.6,-3269007,8748575399,妖股期
2024-04-18,安洁科技,14.16332135,挂涨停价排队·尾盘开缝成交,102581300,1452891916,2024-04-19,尾盘14:50,13.64,没涨停→尾盘兑现,-53956148,2138870.8,-56095019,10146461965,妖股期
2024-04-19,湖北宜化,9.43334904,挂涨停价排队·尾盘开缝成交,358531600,3382153725,2024-04-22,尾盘14:50,9.53,没涨停→尾盘兑现,33754029,5098546.1,28655483,6419705357,平淡期
2024-04-19,惠博普,2.85713092,挂涨停价排队·尾盘开缝成交,789172500,2254769151,2024-04-22,尾盘14:50,2.69,没涨停→尾盘兑现,-133557755,3281985.4,-136839740,8539325845,平淡期
2024-04-19,宝明科技,44.76,挂涨停价排队·尾盘开缝成交,33583100,1503179556,2024-04-22,尾盘14:50,45.02,没涨停→尾盘兑现,8731606,2261318.0,6470288,10050103073,平淡期
2024-04-22,利君股份,6.01058108,挂涨停价排队·尾盘开缝成交,557356100,3350034029,2024-04-23,尾盘14:50,5.69,没涨停→尾盘兑现,-180050689,4890013.0,-184940702,6145415977,恐慌期
2024-04-22,中国海防,22.56983125,挂涨停价排队·尾盘开缝成交,98953100,2233354769,2024-04-23,尾盘14:50,21.51,没涨停→尾盘兑现,-104490144,3271664.5,-107761809,8272683953,恐慌期
2024-04-22,振江股份,14.74505604,挂涨停价排队·尾盘开缝成交,100976500,1488904151,2024-04-23,尾盘14:50,14.31,没涨停→尾盘兑现,-43961428,2200385.2,-46161813,9716542969,恐慌期
2024-04-23,立方制药,14.30299728,挂涨停价排队·尾盘开缝成交,226445300,3238846510,2024-04-24,尾盘14:50,14.09,没涨停→尾盘兑现,-47174824,4822888.6,-51997713,6068255031,平淡期
2024-04-23,上海家化,19.45508268,挂涨停价排队·尾盘开缝成交,110985500,2159232079,2024-04-24,尾盘14:50,19.5,没涨停→尾盘兑现,5395383,3242894.7,2152488,8231259022,平淡期
2024-04-23,航天晨光,12.35830986,挂涨停价排队·尾盘开缝成交,116479300,1439487282,2024-04-24,尾盘14:50,12.09,没涨停→尾盘兑现,-31293202,2135761.0,-33428963,9638396956,平淡期
2024-04-25,六国化工,4.72,挂涨停价排队·尾盘开缝成交,680677700,3212798744,2024-04-26,尾盘14:50,4.71,没涨停→尾盘兑现,-6806777,4814093.0,-11620870,7487319986,平淡期
2024-04-25,确成股份,15.78773889,挂涨停价排队·尾盘开缝成交,135666400,2141865699,2024-04-26,尾盘14:50,15.51,没涨停→尾盘兑现,-38088898,3184231.9,-41273130,9589518954,平淡期
2024-04-26,锦龙股份,11.04,挂涨停价排队·尾盘开缝成交,193025700,2131003728,2024-04-29,尾盘14:50,11.36,没涨停→尾盘兑现,61768224,3242831.8,58525392,5032466894,平淡期
2024-04-26,胜利精密,1.64,挂涨停价排队·尾盘开缝成交,866262000,1420669680,2024-04-29,尾盘14:50,1.7,没涨停→尾盘兑现,51975720,2169986.3,49805734,6504007810,平淡期
2024-04-26,神州信息,12.30866455,挂涨停价排队·尾盘开缝成交,259695600,3196506026,2024-04-30,次日早盘9:30,13.62,又涨停→隔夜后早盘兑现,341650846,5050997.2,336599849,6426173609,平淡期
2024-04-29,ST沈化,3.65,挂涨停价排队·尾盘开缝成交,593973300,2168002545,2024-04-30,尾盘14:50,3.62,没涨停→尾盘兑现,-17819199,3238639.4,-21057838,8574744317,主线期
2024-04-29,中国武夷,2.6885115,挂涨停价排队·尾盘开缝成交,537596700,1445334910,2024-04-30,尾盘14:50,2.69,没涨停→尾盘兑现,0,2168002.4,-2168002,10018995226,主线期
2024-04-30,岱美股份,6.86936502,挂涨停价排队·尾盘开缝成交,486167900,3339664766,2024-05-06,尾盘14:50,7.0,没涨停→尾盘兑现,65329905,5058494.6,60271411,10081771386,妖股期
2024-05-06,康力电梯,6.83371008,挂涨停价排队·尾盘开缝成交,491766600,3360590371,2024-05-07,尾盘14:50,6.59,没涨停→尾盘兑现,-118145755,4952276.2,-123098031,6227205111,主线期
2024-05-06,山东赫达,15.39097179,挂涨停价排队·尾盘开缝成交,145565400,2240392965,2024-05-07,尾盘14:50,15.85,没涨停→尾盘兑现,66670094,3410592.0,63259502,8532537873,主线期
2024-05-06,新乳业,10.31715336,挂涨停价排队·尾盘开缝成交,144768200,1493595721,2024-05-07,尾盘14:50,10.36,没涨停→尾盘兑现,6807638,2245499.3,4562138,10031815929,主线期
2024-05-07,大东南,2.62,挂涨停价排队·尾盘开缝成交,1276312400,3343938488,2024-05-08,尾盘14:50,2.54,没涨停→尾盘兑现,-102104992,4939329.0,-107044321,6211792504,平淡期
2024-05-07,吉华集团,4.41447657,挂涨停价排队·尾盘开缝成交,336663900,1486194899,2024-05-08,尾盘14:50,4.42,没涨停→尾盘兑现,3168859,2231669.0,937190,7700039239,平淡期
2024-05-07,济民健康,7.01,挂涨停价排队·尾盘开缝成交,318016000,2229292160,2024-05-09,次日早盘9:30,8.48,又涨停→隔夜后早盘兑现,467483520,3694550.9,463788969,7828113201,平淡期
2024-05-08,南京新百,6.38063608,挂涨停价排队·尾盘开缝成交,402260700,2566679136,2024-05-10,次日早盘9:30,7.45,又涨停→隔夜后早盘兑现,430436874,4172846.4,426264027,8213611901,平淡期
2024-05-09,金海通,48.08869389,挂涨停价排队·尾盘开缝成交,54261600,2609369472,2024-05-10,尾盘14:50,46.55,没涨停→尾盘兑现,-83297529,3851581.1,-87149110,10737789290,平淡期
2024-05-10,明星电力,7.55467108,挂涨停价排队·尾盘开缝成交,473781400,3579262641,2024-05-14,次日早盘9:30,8.06,又涨停→隔夜后早盘兑现,240503814,5549271.8,234954542,10975428279,平淡期
2024-05-15,三棵树,23.7685851,挂涨停价排队·尾盘开缝成交,153920600,3658474880,2024-05-17,次日早盘9:30,27.08,又涨停→隔夜后早盘兑现,508966310,5869437.1,503096873,9042284784,平淡期
2024-05-16,合肥城建,5.4935888,挂涨停价排队·尾盘开缝成交,443969200,2438984225,2024-05-20,次日早盘9:30,5.79,又涨停→隔夜后早盘兑现,130659869,3756471.2,126903398,6586510496,平淡期
2024-05-17,大悦城,3.05,挂涨停价排队·尾盘开缝成交,988227800,3014094790,2024-05-20,尾盘14:50,2.89,没涨停→尾盘兑现,-158116448,4402554.8,-162519003,9440346855,平淡期
2024-05-17,合众思壮,6.69,挂涨停价排队·尾盘开缝成交,300358200,2009396358,2024-05-20,次日早盘9:30,6.72,又涨停→隔夜后早盘兑现,9010746,3020852.6,5989893,11457240153,平淡期
2024-05-20,豫光金铅,7.3924092,挂涨停价排队·尾盘开缝成交,516621800,3819079747,2024-05-21,尾盘14:50,7.0,没涨停→尾盘兑现,-202526956,5576724.4,-208103681,7008578815,平淡期
2024-05-20,万盛股份,10.93358677,挂涨停价排队·尾盘开缝成交,232865300,2546052963,2024-05-21,尾盘14:50,10.78,没涨停→尾盘兑现,-34624474,3793111.1,-38417585,9518123733,平淡期
2024-05-20,雪峰科技,6.93186767,挂涨停价排队·尾盘开缝成交,244864600,1697369004,2024-05-21,尾盘14:50,6.95,没涨停→尾盘兑现,4532360,2549452.8,1982908,11218748672,平淡期
2024-05-21,江南高纤,1.80934412,挂涨停价排队·尾盘开缝成交,2066816800,3739582824,2024-05-22,尾盘14:50,1.73,没涨停→尾盘兑现,-155008614,5493117.8,-160501732,11061051627,平淡期
2024-05-22,钧达股份,56.03,挂涨停价排队·尾盘开缝成交,43869500,2458008085,2024-05-23,尾盘14:50,55.2,没涨停→尾盘兑现,-36411685,3659703.4,-40071388,5697131235,平淡期
2024-05-22,*ST亿晶,3.78,挂涨停价排队·尾盘开缝成交,433512000,1638675360,2024-05-23,尾盘14:50,3.71,没涨停→尾盘兑现,-30345840,2435253.7,-32781094,7304254508,平淡期
2024-05-22,拓日新能,3.58382172,挂涨停价排队·尾盘开缝成交,1028794800,3687017150,2024-05-24,次日早盘9:30,3.81,又涨停→隔夜后早盘兑现,234257996,5706219.2,228551776,8787839788,平淡期
2024-05-23,意华股份,42.3361701,挂涨停价排队·尾盘开缝成交,57509900,2434748909,2024-05-27,次日早盘9:30,49.03,又涨停→隔夜后早盘兑现,384852909,3940763.0,380912146,6723194174,恐慌期
2024-05-24,湖南发展,11.3592745,挂涨停价排队·尾盘开缝成交,257875600,2929279727,2024-05-27,尾盘14:50,11.46,没涨停→尾盘兑现,25471998,4413023.6,21058974,9675729835,平淡期
2024-05-24,广西能源,3.70229454,挂涨停价排队·尾盘开缝成交,527471000,1952853003,2024-05-28,次日早盘9:30,4.11,又涨停→隔夜后早盘兑现,216983667,3092017.3,213891650,6468534391,平淡期
2024-05-27,三湘印象,3.63,挂涨停价排队·尾盘开缝成交,888496700,3225243021,2024-05-28,尾盘14:50,3.69,没涨停→尾盘兑现,53309802,4877846.9,48431955,9744628299,平淡期
2024-05-27,国电南自,6.096384,挂涨停价排队·尾盘开缝成交,352694600,2150161716,2024-05-28,尾盘14:50,6.21,没涨停→尾盘兑现,39195656,3254639.3,35941017,11932343654,平淡期
2024-05-28,晋控电力,2.88,挂涨停价排队·尾盘开缝成交,1381058200,3977447616,2024-05-29,次日早盘9:30,2.88,又涨停→隔夜后早盘兑现,0,5966171.4,-5966171,11929360568,平淡期
2024-06-04,平高电气,14.97927648,挂涨停价排队·尾盘开缝成交,265463600,3976452660,2024-06-05,尾盘14:50,15.19,没涨停→尾盘兑现,55792065,6006523.0,49785542,11982128450,平淡期
2024-06-05,共达电声,11.57467077,挂涨停价排队·尾盘开缝成交,345067500,3994042706,2024-06-06,尾盘14:50,11.66,没涨停→尾盘兑现,30961571,6014285.2,24947286,7572246527,恐慌期
2024-06-05,旭光电子,6.7585063,挂涨停价排队·尾盘开缝成交,393976800,2662694685,2024-06-06,尾盘14:50,6.44,没涨停→尾盘兑现,-124207332,3900886.5,-128108219,10108830014,恐慌期
2024-06-05,北方导航,10.5064449,挂涨停价排队·尾盘开缝成交,168956300,1775130056,2024-06-06,尾盘14:50,9.84,没涨停→尾盘兑现,-112307567,2578464.4,-114886032,11770405386,恐慌期
2024-06-06,立昂微,23.91211262,挂涨停价排队·尾盘开缝成交,164078700,3923468353,2024-06-07,尾盘14:50,22.62,没涨停→尾盘兑现,-212698451,5725678.7,-218424130,11554923857,恐慌期
2024-06-07,华软科技,4.42,挂涨停价排队·尾盘开缝成交,871412000,3851641040,2024-06-11,次日早盘9:30,4.63,又涨停→隔夜后早盘兑现,182996520,5914709.0,177081811,11734894399,妖股期
2024-06-11,坤彩科技,22.45678875,挂涨停价排队·尾盘开缝成交,174184800,3911631257,2024-06-12,尾盘14:50,23.86,没涨停→尾盘兑现,244654755,6050938.0,238603817,11976431940,恐慌期
2024-06-12,巨轮智能,2.44,挂涨停价排队·尾盘开缝成交,1636124500,3992143780,2024-06-13,尾盘14:50,2.45,没涨停→尾盘兑现,16361245,6000486.6,10360758,9328359509,平淡期
2024-06-12,赛腾股份,44.04681182,挂涨停价排队·尾盘开缝成交,60422700,2661427297,2024-06-13,尾盘14:50,43.25,没涨停→尾盘兑现,-48336144,3955888.8,-52292033,11939490843,平淡期
2024-06-13,长城电工,4.39,挂涨停价排队·尾盘开缝成交,906567200,3979830008,2024-06-17,次日早盘9:30,5.31,又涨停→隔夜后早盘兑现,834041824,6595276.4,827446548,8347890442,平淡期
2024-06-14,兴瑞科技,21.98115264,挂涨停价排队·尾盘开缝成交,120704300,2653219643,2024-06-17,尾盘14:50,22.76,没涨停→尾盘兑现,93794773,4050175.5,89744598,11092844597,平淡期
2024-06-14,长江通信,18.30380694,挂涨停价排队·尾盘开缝成交,96636300,1768812179,2024-06-18,次日早盘9:30,21.75,又涨停→隔夜后早盘兑现,333268348,2903169.5,330365178,7030659687,平淡期
2024-06-17,德赛电池,21.99142035,挂涨停价排队·尾盘开缝成交,168138900,3697613227,2024-06-18,尾盘14:50,22.0,没涨停→尾盘兑现,1641195,5547650.7,-3906455,10727139669,平淡期
2024-06-17,东山精密,18.58396527,挂涨停价排队·尾盘开缝成交,132645300,2465075648,2024-06-18,尾盘14:50,19.3,没涨停→尾盘兑现,95268624,3769064.9,91499559,13285563683,平淡期
2024-06-18,智度股份,6.37,挂涨停价排队·尾盘开缝成交,695215200,4428520824,2024-06-19,尾盘14:50,6.37,没涨停→尾盘兑现,0,6642781.2,-6642781,10329894993,平淡期
2024-06-18,瑞斯康达,7.0,挂涨停价排队·尾盘开缝成交,421763900,2952347300,2024-06-19,尾盘14:50,6.96,没涨停→尾盘兑现,-16870556,4415868.0,-21286424,13263170129,平淡期
2024-06-19,晶方科技,21.41968752,挂涨停价排队·尾盘开缝成交,206401500,4421055634,2024-06-20,尾盘14:50,21.13,没涨停→尾盘兑现,-59466889,6586983.3,-66053873,13200432048,平淡期
2024-06-24,天津普林,9.44,挂涨停价排队·尾盘开缝成交,466116900,4400143536,2024-06-25,尾盘14:50,8.99,没涨停→尾盘兑现,-209752605,6442900.9,-216195506,12987536650,平淡期
2024-06-25,中化装备,5.7,挂涨停价排队·尾盘开缝成交,759505000,4329178500,2024-06-26,尾盘14:50,5.79,没涨停→尾盘兑现,68355450,6545034.3,61810416,8242396343,平淡期
2024-06-25,珠江股份,2.77,挂涨停价排队·尾盘开缝成交,1041920300,2886119231,2024-06-26,尾盘14:50,2.71,没涨停→尾盘兑现,-62515218,4282292.4,-66797510,11063882653,平淡期
2024-06-25,圣龙股份,22.24100658,挂涨停价排队·尾盘开缝成交,86510400,1924078376,2024-06-26,尾盘14:50,21.75,没涨停→尾盘兑现,-42296923,2854394.9,-45151317,12944252770,平淡期
2024-06-26,天汽模,3.79296549,挂涨停价排队·尾盘开缝成交,1137566600,4314750856,2024-06-27,尾盘14:50,3.78,没涨停→尾盘兑现,-11324805,6463632.7,-17788438,8135533333,平淡期
2024-06-26,千里科技,3.61,挂涨停价排队·尾盘开缝成交,796814500,2876500345,2024-06-27,尾盘14:50,3.6,没涨停→尾盘兑现,-7968145,4308774.4,-12276919,11001914134,平淡期
2024-06-26,新华网,14.7381768,挂涨停价排队·尾盘开缝成交,130115600,1917666717,2024-06-27,尾盘14:50,14.78,没涨停→尾盘兑现,5326852,2880495.2,2446357,12923465458,平淡期
2024-06-28,摩恩电气,5.35532916,挂涨停价排队·尾盘开缝成交,804399000,4307821421,2024-07-01,尾盘14:50,5.21,没涨停→尾盘兑现,-120330207,6371484.5,-126701692,8013526491,平淡期
2024-06-28,长高电气,8.09478468,挂涨停价排队·尾盘开缝成交,354781600,2871880660,2024-07-01,尾盘14:50,8.31,没涨停→尾盘兑现,76306008,4365050.5,71940957,10959502020,平淡期
2024-06-28,大连电瓷,7.41634279,挂涨停价排队·尾盘开缝成交,258157900,1914587480,2024-07-01,尾盘14:50,7.7,没涨停→尾盘兑现,74031308,2927404.7,71103904,12946629344,平淡期
2024-07-01,ST棕榈,1.54,挂涨停价排队·尾盘开缝成交,2802300700,4315543078,2024-07-02,尾盘14:50,1.69,没涨停→尾盘兑现,420345105,6788573.4,413556532,10486394270,平淡期
2024-07-01,天正电气,5.73895504,挂涨停价排队·尾盘开缝成交,501315700,2877028263,2024-07-02,尾盘14:50,5.67,没涨停→尾盘兑现,-32853504,4290902.3,-37144406,13328435898,平淡期
2024-07-02,大立科技,12.34,挂涨停价排队·尾盘开缝成交,360033300,4442810922,2024-07-03,尾盘14:50,12.66,没涨停→尾盘兑现,115210656,6750624.4,108460032,8503770676,平淡期
2024-07-02,航天信息,8.17,挂涨停价排队·尾盘开缝成交,362530500,2961874185,2024-07-03,尾盘14:50,7.89,没涨停→尾盘兑现,-101508540,4366679.9,-105875220,11361991047,平淡期
2024-07-02,恒银科技,4.6908776,挂涨停价排队·尾盘开缝成交,420941100,1974583177,2024-07-03,尾盘14:50,4.62,没涨停→尾盘兑现,-29284073,2939911.7,-32223984,13305831177,平淡期
2024-07-03,徐家汇,7.7443548,挂涨停价排队·尾盘开缝成交,572710900,4435276407,2024-07-04,尾盘14:50,7.61,没涨停→尾盘兑现,-79607525,6593209.0,-86200734,8294871020,平淡期
2024-07-03,东百集团,3.10661,挂涨停价排队·尾盘开缝成交,951793600,2956851516,2024-07-04,尾盘14:50,2.92,没涨停→尾盘兑现,-175016930,4304014.6,-179320945,11074619229,平淡期
2024-07-03,王府井,12.6037197,挂涨停价排队·尾盘开缝成交,156401000,1971234365,2024-07-04,尾盘14:50,12.15,没涨停→尾盘兑现,-70455929,2904009.6,-73359939,12973972081,平淡期
2024-07-04,新时达,6.61,挂涨停价排队·尾盘开缝成交,654259800,4324657278,2024-07-05,尾盘14:50,6.63,没涨停→尾盘兑现,13085196,6496799.8,6588396,10100699229,平淡期
2024-07-04,ST远智,2.37198707,挂涨停价排队·尾盘开缝成交,1215480800,2883104741,2024-07-08,次日早盘9:30,2.42,又涨停→隔夜后早盘兑现,59815451,4369518.7,55445932,7429913465,平淡期
2024-07-05,红宝丽,3.68434875,挂涨停价排队·尾盘开缝成交,913838500,3366899735,2024-07-08,尾盘14:50,3.57,没涨停→尾盘兑现,-107740792,4969544.0,-112710336,10686628040,恐慌期
2024-07-05,仙琚制药,10.96340368,挂涨停价排队·尾盘开缝成交,204735600,2244599030,2024-07-08,尾盘14:50,10.42,没涨停→尾盘兑现,-111080839,3283587.9,-114364427,12818546092,恐慌期
2024-07-09,兆驰股份,4.55836626,挂涨停价排队·尾盘开缝成交,937364000,4272848431,2024-07-10,尾盘14:50,4.75,没涨停→尾盘兑现,181437301,6545350.6,174891950,8249033326,平淡期
2024-07-09,欧菲光,8.24,挂涨停价排队·尾盘开缝成交,345699700,2848565528,2024-07-10,尾盘14:50,8.42,没涨停→尾盘兑现,62225946,4319517.8,57906428,11157641706,平淡期
2024-07-09,西陇科学,5.89946544,挂涨停价排队·尾盘开缝成交,321901000,1899043825,2024-07-10,尾盘14:50,6.13,没涨停→尾盘兑现,73781756,2903902.1,70877854,13128987668,平淡期
2024-07-10,联创电子,7.27,挂涨停价排队·尾盘开缝成交,601971000,4376329170,2024-07-11,尾盘14:50,7.16,没涨停→尾盘兑现,-66216810,6514831.1,-72731641,8196951302,恐慌期
2024-07-10,华阳集团,28.02298338,挂涨停价排队·尾盘开缝成交,104112800,2917551264,2024-07-11,尾盘14:50,29.24,没涨停→尾盘兑现,127157198,4471694.8,122685503,11239376233,恐慌期
2024-07-10,久事动娱,3.08,挂涨停价排队·尾盘开缝成交,631505100,1945035708,2024-07-11,尾盘14:50,3.03,没涨停→尾盘兑现,-31575255,2893872.1,-34469127,13151401590,恐慌期
2024-07-11,国城矿业,10.30526812,挂涨停价排队·尾盘开缝成交,425394100,4383800257,2024-07-12,尾盘14:50,10.36,没涨停→尾盘兑现,25388805,6594742.0,18794063,8302594127,妖股期
2024-07-11,盛新锂能,13.93,挂涨停价排队·尾盘开缝成交,209801400,2922533502,2024-07-12,尾盘14:50,13.85,没涨停→尾盘兑现,-16784112,4371212.2,-21155324,11206164205,妖股期
2024-07-11,康盛股份,1.71,挂涨停价排队·尾盘开缝成交,1139389400,1948355874,2024-07-12,次日早盘9:30,1.75,又涨停→隔夜后早盘兑现,45575576,2956715.5,42618861,13198600206,妖股期
2024-07-16,金安国纪,6.98511051,挂涨停价排队·尾盘开缝成交,629844400,4399532738,2024-07-17,尾盘14:50,6.61,没涨停→尾盘兑现,-236467106,6421948.8,-242889055,10025988578,平淡期
2024-07-16,金杯汽车,3.91810936,挂涨停价排队·尾盘开缝成交,748581000,2933022223,2024-07-17,尾盘14:50,3.75,没涨停→尾盘兑现,-126551720,4304619.5,-130856340,12830354228,平淡期
2024-07-18,海马汽车,3.27,挂涨停价排队·尾盘开缝成交,1307885200,4276784604,2024-07-19,尾盘14:50,3.23,没涨停→尾盘兑现,-52315408,6375940.4,-58691348,8022887378,平淡期
2024-07-18,双鹭药业,7.4563699,挂涨停价排队·尾盘开缝成交,382383100,2851189837,2024-07-19,次日早盘9:30,7.28,又涨停→隔夜后早盘兑现,-68519916,4225394.8,-72745311,10803470296,平淡期
2024-07-18,龙江交通,3.35596236,挂涨停价排队·尾盘开缝成交,566392900,1900793253,2024-07-19,尾盘14:50,3.24,没涨停→尾盘兑现,-65544595,2802031.4,-68346626,12637342518,平淡期
2024-07-19,大港股份,11.67,挂涨停价排队·尾盘开缝成交,360963700,4212446379,2024-07-22,尾盘14:50,12.12,没涨停→尾盘兑现,162433665,6440494.8,155993170,8115997720,平淡期
2024-07-19,士兰微,20.04901701,挂涨停价排队·尾盘开缝成交,140071600,2808297891,2024-07-22,尾盘14:50,21.34,没涨停→尾盘兑现,181360520,4348467.2,177012052,11103413887,平淡期
2024-07-19,新洁能,35.1763782,挂涨停价排队·尾盘开缝成交,53223200,1872199412,2024-07-22,尾盘14:50,34.96,没涨停→尾盘兑现,-11635138,2799572.8,-14434710,12962582738,平淡期
2024-07-22,沈阳机床,6.25,挂涨停价排队·尾盘开缝成交,691337700,4320860625,2024-07-23,尾盘14:50,6.52,没涨停→尾盘兑现,186661179,6621286.8,180039892,10265289309,平淡期
2024-07-22,东方精工,5.363633,挂涨停价排队·尾盘开缝成交,537056500,2880573966,2024-07-24,次日早盘9:30,5.75,又涨停→隔夜后早盘兑现,209496288,4477983.2,205018305,7650103928,平淡期
2024-07-23,华控赛格,2.76,挂涨停价排队·尾盘开缝成交,1239769200,3421762992,2024-07-24,尾盘14:50,2.66,没涨停→尾盘兑现,-123976920,5039661.8,-129016582,10945416660,平淡期
2024-07-23,龙洲股份,4.04,挂涨停价排队·尾盘开缝成交,564647300,2281175092,2024-07-24,尾盘14:50,3.87,没涨停→尾盘兑现,-95990041,3349770.1,-99339811,13128962822,平淡期
2024-07-24,龙溪股份,8.50165602,挂涨停价排队·尾盘开缝成交,514760900,4376320104,2024-07-25,次日早盘9:30,8.51,又涨停→隔夜后早盘兑现,5076937,6568287.9,-1491350,10213206350,平淡期
2024-07-24,佳力图,6.164953,挂涨停价排队·尾盘开缝成交,473247300,2917547362,2024-07-25,尾盘14:50,6.42,没涨停→尾盘兑现,121955356,4467787.6,117487568,13250429441,平淡期
2024-07-25,富临运业,6.0539556,挂涨停价排队·尾盘开缝成交,729574100,4416809208,2024-07-29,次日早盘9:30,6.78,又涨停→隔夜后早盘兑现,530590717,7023156.8,523567560,8869745841,平淡期
2024-07-26,海信家电,24.68791917,挂涨停价排队·尾盘开缝成交,119270400,2944537995,2024-07-29,尾盘14:50,25.13,没涨停→尾盘兑现,53082869,4456619.1,48626250,11865118489,妖股期
2024-07-26,洪都航空,18.8051444,挂涨停价排队·尾盘开缝成交,104387700,1963025772,2024-07-30,次日早盘9:30,21.38,又涨停→隔夜后早盘兑现,268964763,3146262.2,265818501,7503702756,妖股期
2024-07-29,*ST康佳A,2.28,挂涨停价排队·尾盘开缝成交,1734666400,3955039392,2024-07-30,尾盘14:50,2.3,没涨停→尾盘兑现,34693328,5958579.1,28734749,11490443176,妖股期
2024-07-29,厦门信达,3.78,挂涨停价排队·尾盘开缝成交,697537800,2636692884,2024-07-30,尾盘14:50,3.74,没涨停→尾盘兑现,-27901512,3934113.2,-31835625,14097277955,妖股期
2024-07-30,方正电机,4.46,挂涨停价排队·尾盘开缝成交,1053608200,4699092572,2024-08-01,次日早盘9:30,5.4,又涨停→隔夜后早盘兑现,990391708,7791432.6,982600275,9862189445,妖股期
2024-07-30,新黄浦,4.0118623,挂涨停价排队·尾盘开缝成交,780866300,3132728070,2024-08-01,次日早盘9:30,4.5,又涨停→隔夜后早盘兑现,382040009,4985622.1,377054386,13374321448,妖股期
2024-07-31,四川九洲,10.64231444,挂涨停价排队·尾盘开缝成交,196243500,2088485034,2024-08-01,尾盘14:50,11.0,没涨停→尾盘兑现,70070327,3185280.3,66885047,15531257893,妖股期
2024-08-01,航天发展,7.19,挂涨停价排队·尾盘开缝成交,720039700,5177085443,2024-08-02,尾盘14:50,7.09,没涨停→尾盘兑现,-72003970,7711625.2,-79715595,9703107286,妖股期
2024-08-01,新筑股份,3.38,挂涨停价排队·尾盘开缝成交,1021121500,3451390670,2024-08-02,尾盘14:50,3.2,没涨停→尾盘兑现,-183801870,5039234.6,-188841105,12968245394,妖股期
2024-08-01,浙江世宝,12.00885769,挂涨停价排队·尾盘开缝成交,191602500,2300927156,2024-08-02,尾盘14:50,11.88,没涨停→尾盘兑现,-24659566,3432896.1,-28092462,15242805784,妖股期
2024-08-02,利民股份,6.8743954,挂涨停价排队·尾盘开缝成交,739110100,5080935072,2024-08-05,尾盘14:50,6.31,没涨停→尾盘兑现,-417611102,7308194.3,-424919296,9176214406,妖股期
2024-08-02,华森制药,13.68217955,挂涨停价排队·尾盘开缝成交,247569400,3387288982,2024-08-05,尾盘14:50,12.97,没涨停→尾盘兑现,-176090113,4948865.9,-181038979,12385004876,妖股期
2024-08-02,鲁抗医药,7.79986868,挂涨停价排队·尾盘开缝成交,289516900,2258193801,2024-08-06,次日早盘9:30,8.79,又涨停→隔夜后早盘兑现,286529615,3602187.9,282927427,8047263335,妖股期
2024-08-05,益丰药房,21.4735644,挂涨停价排队·尾盘开缝成交,128167900,2752221655,2024-08-06,尾盘14:50,20.96,没涨停→尾盘兑现,-66391312,4078539.0,-70469851,10731079305,妖股期
2024-08-05,祥源文旅,4.4,挂涨停价排队·尾盘开缝成交,938257900,4128334760,2024-08-07,次日早盘9:30,4.84,又涨停→隔夜后早盘兑现,412833476,6502127.2,406331349,9307133874,妖股期
2024-08-06,学大教育,61.94,挂涨停价排队·尾盘开缝成交,57749800,3577022612,2024-08-07,尾盘14:50,61.6,没涨停→尾盘兑现,-19634932,5350807.7,-24985740,12861853513,妖股期
2024-08-06,佛慈制药,7.19111278,挂涨停价排队·尾盘开缝成交,331615600,2384685179,2024-08-07,尾盘14:50,7.3,没涨停→尾盘兑现,36331769,3604276.6,32727492,15281054698,妖股期
2024-08-07,铖昌科技,38.00698242,挂涨停价排队·尾盘开缝成交,134019700,5093684382,2024-08-08,尾盘14:50,34.73,没涨停→尾盘兑现,-438972275,7311297.4,-446283572,9178941339,妖股期
2024-08-07,通宇通讯,10.98922413,挂涨停价排队·尾盘开缝成交,309010900,3395790039,2024-08-08,尾盘14:50,10.82,没涨停→尾盘兑现,-52432725,5054360.5,-57487086,12519791134,妖股期
2024-08-07,永鼎股份,3.78946292,挂涨停价排队·尾盘开缝成交,597409200,2263860011,2024-08-08,尾盘14:50,3.81,没涨停→尾盘兑现,11852670,3404679.5,8447991,14793797032,妖股期
2024-08-08,达安基因,5.71,挂涨停价排队·尾盘开缝成交,863619200,4931265632,2024-08-09,尾盘14:50,5.4,没涨停→尾盘兑现,-267721952,7196107.0,-274918059,14522577422,平淡期
2024-08-09,华映科技,2.08,挂涨停价排队·尾盘开缝成交,2327336100,4840859088,2024-08-12,尾盘14:50,2.22,没涨停→尾盘兑现,325827054,7505658.9,318321395,11617290561,平淡期
2024-08-09,凯盛科技,10.0472372,挂涨停价排队·尾盘开缝成交,321206600,3227238900,2024-08-12,尾盘14:50,9.89,没涨停→尾盘兑现,-51023540,4802590.7,-55826131,14791123760,平淡期
2024-08-12,贝瑞基因,8.25,挂涨停价排队·尾盘开缝成交,597621100,4930374075,2024-08-13,尾盘14:50,7.95,没涨停→尾盘兑现,-179286330,7261096.4,-186547426,9130079924,平淡期
2024-08-12,新华制药,16.05164633,挂涨停价排队·尾盘开缝成交,204771300,3286916486,2024-08-13,尾盘14:50,16.14,没涨停→尾盘兑现,17939508,4943829.4,12995678,12432457276,平淡期
2024-08-12,科华生物,6.16,挂涨停价排队·尾盘开缝成交,355726900,2191277704,2024-08-13,尾盘14:50,6.37,没涨停→尾盘兑现,74702649,3342943.5,71359705,14696738143,平淡期
2024-08-13,苏博特,7.14763359,挂涨停价排队·尾盘开缝成交,685389400,4898912298,2024-08-14,尾盘14:50,7.46,没涨停→尾盘兑现,215041418,7509649.5,207531768,14907944096,平淡期
2024-08-14,雷柏科技,12.49,挂涨停价排队·尾盘开缝成交,397863400,4969313866,2024-08-15,尾盘14:50,13.56,没涨停→尾盘兑现,425713838,7773256.2,417940582,15329611663,平淡期
2024-08-15,国脉文化,10.83167712,挂涨停价排队·尾盘开缝成交,314501600,3406579785,2024-08-16,尾盘14:50,10.8,没涨停→尾盘兑现,-9410441,5102811.8,-14513253,7936729470,平淡期
2024-08-15,大晟文化,4.02,挂涨停价排队·尾盘开缝成交,564938700,2271053574,2024-08-16,尾盘14:50,4.02,没涨停→尾盘兑现,0,3406580.4,-3406580,10206079754,平淡期
2024-08-15,创维数字,8.9872032,挂涨停价排队·尾盘开缝成交,568571800,5109870300,2024-08-19,次日早盘9:30,10.27,又涨停→隔夜后早盘兑现,731577059,8213488.2,723363571,10373102235,平淡期
2024-08-16,精达股份,4.92081408,挂涨停价排队·尾盘开缝成交,691354400,3402026466,2024-08-19,尾盘14:50,4.95,没涨停→尾盘兑现,20250158,5118227.3,15131930,13792812150,平淡期
2024-08-16,*ST沐邦,11.94,挂涨停价排队·尾盘开缝成交,189951200,2268017328,2024-08-19,尾盘14:50,12.32,没涨停→尾盘兑现,72181456,3456162.1,68725294,16131255785,平淡期
2024-08-19,四川长虹,4.58257086,挂涨停价排队·尾盘开缝成交,1173377400,5377085081,2024-08-20,尾盘14:50,4.73,没涨停→尾盘兑现,171975003,8194608.9,163780394,16299068993,平淡期
2024-08-22,烽火电子,6.70169302,挂涨停价排队·尾盘开缝成交,810694100,5433022991,2024-08-23,尾盘14:50,7.03,没涨停→尾盘兑现,267197852,8349932.9,258847919,12939976927,平淡期
2024-08-22,共进股份,6.3835072,挂涨停价排队·尾盘开缝成交,567402000,3622014752,2024-08-26,次日早盘9:30,7.72,又涨停→隔夜后早盘兑现,758359339,6001791.6,752357547,10128189915,平淡期
2024-08-23,拓维信息,10.8,挂涨停价排队·尾盘开缝成交,399382000,4313325600,2024-08-26,尾盘14:50,11.32,没涨停→尾盘兑现,207678640,6625747.4,201052893,14645803401,平淡期
2024-08-23,北新路桥,3.01,挂涨停价排队·尾盘开缝成交,955332300,2875550223,2024-08-26,尾盘14:50,3.2,没涨停→尾盘兑现,181513137,4449460.2,177063677,17700573964,平淡期
2024-08-26,甘咨询,6.83499663,挂涨停价排队·尾盘开缝成交,863232500,5900191228,2024-08-28,次日早盘9:30,7.41,又涨停→隔夜后早盘兑现,493811098,9220645.2,484590453,18189589561,平淡期
2024-08-28,美格智能,21.91919876,挂涨停价排队·尾盘开缝成交,184410500,4042130403,2024-08-29,尾盘14:50,22.45,没涨停→尾盘兑现,97201865,6136097.0,91065768,12220490532,平淡期
2024-08-28,奋达科技,3.97,挂涨停价排队·尾盘开缝成交,1527253500,6063196395,2024-08-30,次日早盘9:30,4.81,又涨停→隔夜后早盘兑现,1282892940,10056964.3,1272835976,12771909267,平淡期
2024-08-29,金固股份,6.9372537,挂涨停价排队·尾盘开缝成交,391461000,2715664271,2024-08-30,尾盘14:50,6.97,没涨停→尾盘兑现,11722292,4082288.1,7640004,15497250290,平淡期
2024-08-29,胜利精密,1.77,挂涨停价排队·尾盘开缝成交,2301410600,4073496762,2024-09-02,次日早盘9:30,2.1,又涨停→隔夜后早盘兑现,759465498,6679844.3,752785654,11717005267,平淡期
2024-08-30,深科技,13.50327651,挂涨停价排队·尾盘开缝成交,382555300,5165749996,2024-09-02,尾盘14:50,13.46,没涨停→尾盘兑现,-15049527,7737337.8,-22786864,16863842712,平淡期
2024-08-30,武汉凡谷,8.74822992,挂涨停价排队·尾盘开缝成交,393660500,3443832564,2024-09-02,尾盘14:50,8.37,没涨停→尾盘兑现,-148880134,5054088.7,-153934222,20156323928,平淡期
2024-09-02,华懋科技,19.28561592,挂涨停价排队·尾盘开缝成交,348382600,6718773017,2024-09-03,尾盘14:50,19.15,没涨停→尾盘兑现,-48636413,10041682.2,-58678095,15623504097,平淡期
2024-09-02,冠石科技,40.48,挂涨停价排队·尾盘开缝成交,110651700,4479180816,2024-09-03,尾盘14:50,41.98,没涨停→尾盘兑现,165977550,6843254.4,159134296,20265178594,平淡期
2024-09-03,日发精机,4.08,挂涨停价排队·尾盘开缝成交,1655651800,6755059344,2024-09-05,次日早盘9:30,4.64,又涨停→隔夜后早盘兑现,927165008,10827962.8,916337045,13680960871,平淡期
2024-09-04,华丰股份,8.26474392,挂涨停价排队·尾盘开缝成交,363259700,3002248397,2024-09-05,尾盘14:50,8.75,没涨停→尾盘兑现,176306533,4635602.5,171670931,16857131885,平淡期
2024-09-04,人民同泰,5.89,挂涨停价排队·尾盘开缝成交,764579400,4503372666,2024-09-06,次日早盘9:30,6.77,又涨停→隔夜后早盘兑现,672829872,7259681.4,665570191,12664380124,平淡期
2024-09-05,中光学,17.83,挂涨停价排队·尾盘开缝成交,315145400,5619042482,2024-09-06,尾盘14:50,17.93,没涨停→尾盘兑现,31514540,8452199.6,23062340,18310699228,平淡期
2024-09-05,跨境通,1.61,挂涨停价排队·尾盘开缝成交,2326726500,3746029665,2024-09-09,次日早盘9:30,1.86,又涨停→隔夜后早盘兑现,581681625,6055305.7,575626319,12462554337,平淡期
2024-09-06,茂业商业,2.66,挂涨停价排队·尾盘开缝成交,1529715900,4069044294,2024-09-09,尾盘14:50,2.79,没涨停→尾盘兑现,198863067,6252713.7,192610353,16727260768,平淡期
2024-09-06,长春一东,13.55583474,挂涨停价排队·尾盘开缝成交,450253800,6103566104,2024-09-10,次日早盘9:30,16.11,又涨停→隔夜后早盘兑现,1149751967,10017663.1,1139734303,14682216502,平淡期
2024-09-09,国际医学,4.63,挂涨停价排队·尾盘开缝成交,1204266400,5575753432,2024-09-10,尾盘14:50,4.53,没涨停→尾盘兑现,-120426640,8273310.2,-128699950,20133451799,妖股期
2024-09-09,澳洋健康,2.55,挂涨停价排队·尾盘开缝成交,1457713300,3717168915,2024-09-10,尾盘14:50,2.6,没涨停→尾盘兑现,72885665,5630417.6,67255247,23920663838,妖股期
2024-09-10,深天马A,7.24,挂涨停价排队·尾盘开缝成交,1101319600,7973553904,2024-09-11,尾盘14:50,6.83,没涨停→尾盘兑现,-451541036,11621675.1,-463162711,14603976685,平淡期
2024-09-10,科陆电子,3.74,挂涨停价排队·尾盘开缝成交,1421311000,5315703140,2024-09-11,尾盘14:50,3.63,没涨停→尾盘兑现,-156344210,7856296.6,-164200507,19759466096,平淡期
2024-09-10,*ST特迅,8.22,挂涨停价排队·尾盘开缝成交,431119400,3543801468,2024-09-12,次日早盘9:30,8.32,又涨停→隔夜后早盘兑现,43111940,5348036.2,37763904,12366209795,平淡期
2024-09-11,正泰电源,12.97186228,挂涨停价排队·尾盘开缝成交,507751900,6586487719,2024-09-12,尾盘14:50,13.35,没涨停→尾盘兑现,190621884,10022698.0,180599186,19138236566,恐慌期
2024-09-11,望变电气,11.20909586,挂涨停价排队·尾盘开缝成交,391734700,4390991804,2024-09-12,尾盘14:50,11.41,没涨停→尾盘兑现,77785506,6644826.8,71140679,23603662293,恐慌期
2024-09-12,梦网科技,6.78,挂涨停价排队·尾盘开缝成交,773636900,5245258182,2024-09-13,尾盘14:50,6.79,没涨停→尾盘兑现,7736369,7873689.5,-137321,12242733615,平淡期
2024-09-12,泰豪科技,3.72330465,挂涨停价排队·尾盘开缝成交,939176200,3496839113,2024-09-13,尾盘14:50,3.66,没涨停→尾盘兑现,-56249423,5203071.6,-61452494,15680742862,平淡期
2024-09-12,南天信息,14.73625356,挂涨停价排队·尾盘开缝成交,533913600,7867886189,2024-09-18,次日早盘9:30,16.3,又涨停→隔夜后早盘兑现,832384186,12426117.4,819958068,15662964836,平淡期
2024-09-13,中交发展,8.16,挂涨停价排队·尾盘开缝成交,640553200,5226914112,2024-09-19,次日早盘9:30,8.7,又涨停→隔夜后早盘兑现,345898728,8099795.2,337798933,16010610195,平淡期
2024-09-13,大唐电信,5.81,挂涨停价排队·尾盘开缝成交,599760600,3484609086,2024-09-19,次日早盘9:30,7.03,又涨停→隔夜后早盘兑现,731707932,5775694.6,725932237,20223764975,平淡期
2024-09-18,亿利达,4.476141,挂涨停价排队·尾盘开缝成交,1166403800,5220987872,2024-09-20,次日早盘9:30,4.92,又涨停→隔夜后早盘兑现,522098787,8223055.9,513875731,14727119534,平淡期
2024-09-19,远程股份,3.5679744,挂涨停价排队·尾盘开缝成交,1259585800,4494169889,2024-09-20,尾盘14:50,3.56,没涨停→尾盘兑现,-12483805,6731892.0,-19215697,19205444353,妖股期
2024-09-19,海能达,3.94,挂涨停价排队·尾盘开缝成交,1710978400,6741254896,2024-09-23,次日早盘9:30,4.76,又涨停→隔夜后早盘兑现,1403002288,11164134.1,1391838154,16673902172,妖股期
2024-09-20,供销大集,1.82,挂涨停价排队·尾盘开缝成交,3517480600,6401814692,2024-09-23,尾盘14:50,1.78,没涨停→尾盘兑现,-140699224,9497197.6,-150196422,22930321803,平淡期
2024-09-20,ST云动,2.24,挂涨停价排队·尾盘开缝成交,1905302000,4267876480,2024-09-23,尾盘14:50,2.15,没涨停→尾盘兑现,-171477180,6273206.8,-177750387,27023648804,平淡期
2024-09-23,亚太股份,7.23604358,挂涨停价排队·尾盘开缝成交,1244863000,9007882919,2024-09-24,次日早盘9:30,7.13,又涨停→隔夜后早盘兑现,-134995521,13410577.7,-148406098,16873240407,平淡期
2024-09-23,东风科技,9.04942224,挂涨停价排队·尾盘开缝成交,663606400,6005254515,2024-09-24,尾盘14:50,9.21,没涨停→尾盘兑现,105703050,9087159.1,96615891,22979614753,平淡期
2024-09-23,时代万恒,6.39,挂涨停价排队·尾盘开缝成交,626526400,4003503696,2024-09-25,次日早盘9:30,7.24,又涨停→隔夜后早盘兑现,532547440,6404666.1,526142774,14745811837,平淡期
2024-09-24,神州信息,9.53266374,挂涨停价排队·尾盘开缝成交,803539400,7659870902,2024-09-25,尾盘14:50,9.93,没涨停→尾盘兑现,321168591,11730682.8,309437908,22720865551,妖股期
2024-09-24,三钢闽光,2.88043121,挂涨停价排队·尾盘开缝成交,1772853000,5106581112,2024-09-25,尾盘14:50,3.11,没涨停→尾盘兑现,406406109,7964676.2,398441433,28229718032,妖股期
2024-09-25,ST天际,6.67,挂涨停价排队·尾盘开缝成交,940520300,6273270401,2024-09-26,尾盘14:50,7.02,没涨停→尾盘兑现,329182105,9656792.2,319525313,14961862317,妖股期
2024-09-25,万通发展,6.61,挂涨停价排队·尾盘开缝成交,632705000,4182180050,2024-09-26,尾盘14:50,7.15,没涨停→尾盘兑现,341660700,6529515.6,335131184,19482310187,妖股期
2024-09-25,金融街,2.63,挂涨停价排队·尾盘开缝成交,3577911000,9409905930,2024-09-27,次日早盘9:30,3.18,又涨停→隔夜后早盘兑现,1967851050,15590747.2,1952260303,20028028302,妖股期
2024-09-26,荣安地产,2.35,挂涨停价排队·尾盘开缝成交,1842298800,4329402180,2024-09-27,尾盘14:50,2.43,没涨停→尾盘兑现,147383904,6604641.2,140779263,24501456796,平淡期
2024-09-26,华侨城A,2.41,挂涨停价排队·尾盘开缝成交,2694648700,6494103367,2024-09-30,次日早盘9:30,2.92,又涨停→隔夜后早盘兑现,1374270837,10771858.2,1363498979,18752009572,平淡期
2024-09-27,国元证券,7.72443802,挂涨停价排队·尾盘开缝成交,1057313400,8167151826,2024-10-08,次日早盘9:30,9.35,又涨停→隔夜后早盘兑现,1722600261,13542677.9,1709057583,22383675107,平淡期
2024-09-27,荣盛发展,1.62,挂涨停价排队·尾盘开缝成交,3360968100,5444768322,2024-10-08,次日早盘9:30,1.96,又涨停→隔夜后早盘兑现,1142729154,9024199.3,1133704955,28966231960,平淡期
2024-09-30,全新好,6.77,挂涨停价排队·尾盘开缝成交,923289400,6250669238,2024-10-08,尾盘14:50,7.26,没涨停→尾盘兑现,452411806,9715312.7,442696493,35664285693,平淡期
2024-10-08,中南文化,2.28,挂涨停价排队·尾盘开缝成交,5214076800,11888095104,2024-10-09,尾盘14:50,2.09,没涨停→尾盘兑现,-990674592,17089136.7,-1007763729,21456444494,主线期
2024-10-08,利群股份,5.9829445,挂涨停价排队·尾盘开缝成交,1324664900,7925396578,2024-10-09,尾盘14:50,5.61,没涨停→尾盘兑现,-499338395,11513591.1,-510851986,28876933133,主线期
2024-10-08,东宏股份,12.07691728,挂涨停价排队·尾盘开缝成交,437495500,5283596964,2024-10-09,尾盘14:50,11.85,没涨停→尾盘兑现,-100960452,7849675.1,-108810127,34055682668,主线期
2024-10-10,中粮科技,6.05087784,挂涨停价排队·尾盘开缝成交,1876073900,11351893988,2024-10-11,尾盘14:50,5.91,没涨停→尾盘兑现,-260963080,16832118.7,-277795199,21173185757,妖股期
2024-10-10,宁波东力,4.92,挂涨停价排队·尾盘开缝成交,1538197000,7567929240,2024-10-11,尾盘14:50,4.54,没涨停→尾盘兑现,-584514860,10913507.7,-595428368,28151362577,妖股期
2024-10-10,郑州煤电,3.82,挂涨停价排队·尾盘开缝成交,1320755600,5045286392,2024-10-11,尾盘14:50,3.77,没涨停→尾盘兑现,-66037780,7518401.3,-73556181,33126876752,妖股期
2024-10-11,晨光新材,12.33128394,挂涨停价排队·尾盘开缝成交,895469700,11042291130,2024-10-14,尾盘14:50,12.99,没涨停→尾盘兑现,586788418,17003528.0,569784890,33704943360,恐慌期
2024-10-14,四川双马,15.18,挂涨停价排队·尾盘开缝成交,740117300,11234980614,2024-10-15,尾盘14:50,15.81,没涨停→尾盘兑现,466273899,17202176.3,449071723,21679129023,妖股期
2024-10-14,东睦股份,17.41828374,挂涨停价排队·尾盘开缝成交,430007200,7489987420,2024-10-15,次日早盘9:30,17.42,又涨停→隔夜后早盘兑现,0,11234981.1,-11234981,29163498953,妖股期
2024-10-14,ST金顶,6.49,挂涨停价排队·尾盘开缝成交,769387500,4993324875,2024-10-16,次日早盘9:30,7.5,又涨停→隔夜后早盘兑现,777081375,8072798.3,769008577,25208411526,妖股期
2024-10-15,智光电气,5.788103,挂涨停价排队·尾盘开缝成交,1679508100,9721165872,2024-10-16,尾盘14:50,5.68,没涨停→尾盘兑现,-181549787,14445586.5,-195995374,34740872899,平淡期
2024-10-16,*ST发展,2.85,挂涨停价排队·尾盘开缝成交,4063259900,11580290715,2024-10-17,尾盘14:50,2.83,没涨停→尾盘兑现,-81265198,17309487.2,-98574685,21783994016,妖股期
2024-10-16,*ST中岩,1.96,挂涨停价排队·尾盘开缝成交,3938874500,7720194020,2024-10-17,尾盘14:50,1.89,没涨停→尾盘兑现,-275721215,11373500.1,-287094715,29222883466,妖股期
2024-10-16,新大正,10.57916694,挂涨停价排队·尾盘开缝成交,486502900,5146795396,2024-10-17,尾盘14:50,9.86,没涨停→尾盘兑现,-350280993,7457482.3,-357738476,34015800483,妖股期
2024-10-18,天音控股,12.17721269,挂涨停价排队·尾盘开缝成交,931132600,11338599713,2024-10-21,尾盘14:50,12.77,没涨停→尾盘兑现,548791947,17419493.5,531372453,21957232945,主线期
2024-10-18,银河电子,5.89,挂涨停价排队·尾盘开缝成交,1283372900,7559066381,2024-10-21,尾盘14:50,6.12,没涨停→尾盘兑现,295175767,11559981.4,283615786,29805584411,主线期
2024-10-18,光洋股份,8.4,挂涨停价排队·尾盘开缝成交,599925900,5039377560,2024-10-21,尾盘14:50,8.8,没涨停→尾盘兑现,239970360,7739044.1,232231316,35080972820,主线期
2024-10-21,安道麦A,5.54,挂涨停价排队·尾盘开缝成交,2110768500,11693657490,2024-10-22,尾盘14:50,6.0,没涨停→尾盘兑现,970953510,18268701.4,952684809,23049475491,主线期
2024-10-21,上峰材料,7.4499606,挂涨停价排队·尾盘开缝成交,1046417800,7795771381,2024-10-22,尾盘14:50,7.17,没涨停→尾盘兑现,-293643879,11473424.2,-305117304,30545976397,主线期
2024-10-21,乐通股份,10.0,挂涨停价排队·尾盘开缝成交,519718100,5197181000,2024-10-23,次日早盘9:30,11.1,又涨停→隔夜后早盘兑现,571689910,8224538.9,563465371,19340534030,主线期
2024-10-22,ST西王,2.98,挂涨停价排队·尾盘开缝成交,3416775800,10181991884,2024-10-23,尾盘14:50,3.0,没涨停→尾盘兑现,68335516,15324239.5,53011277,29583173684,妖股期
2024-10-22,佳电股份,9.47831755,挂涨停价排队·尾盘开缝成交,716160300,6787994740,2024-10-23,尾盘14:50,9.16,没涨停→尾盘兑现,-228808811,10010385.5,-238819197,36137440223,妖股期
2024-10-23,辉丰股份,2.2,挂涨停价排队·尾盘开缝成交,5475369700,12045813340,2024-10-24,尾盘14:50,2.22,没涨停→尾盘兑现,109507394,18150850.6,91356543,22853594866,妖股期
2024-10-23,龙泉股份,4.57,挂涨停价排队·尾盘开缝成交,1757230200,8030542014,2024-10-24,尾盘14:50,4.57,没涨停→尾盘兑现,0,12045813.0,-12045813,30878113973,妖股期
2024-10-23,航发科技,20.57,挂涨停价排队·尾盘开缝成交,260267100,5353694247,2024-10-24,尾盘14:50,19.91,没涨停→尾盘兑现,-171776286,7901709.2,-179677995,36056145496,妖股期
2024-10-24,滨海能源,10.21,挂涨停价排队·尾盘开缝成交,784767500,8012476175,2024-10-25,尾盘14:50,10.69,没涨停→尾盘兑现,376688400,12301230.6,364387169,19066175721,妖股期
2024-10-24,国安股份,2.96,挂涨停价排队·尾盘开缝成交,1804611900,5341651224,2024-10-25,尾盘14:50,3.15,没涨停→尾盘兑现,342876261,8269634.0,334606627,24746439811,妖股期
2024-10-24,*ST皇庭,2.51,挂涨停价排队·尾盘开缝成交,4788332700,12018715077,2024-10-28,次日早盘9:30,3.04,又涨停→隔夜后早盘兑现,2537816331,19931434.9,2517884896,25544031801,妖股期
2024-10-25,珠海中富,2.81,挂涨停价排队·尾盘开缝成交,2935520700,8248813167,2024-10-28,尾盘14:50,3.0,没涨停→尾盘兑现,557748933,12791531.5,544957402,34343988980,妖股期
2024-10-25,华神科技,4.43,挂涨停价排队·尾盘开缝成交,1241356400,5499208852,2024-10-29,次日早盘9:30,4.88,又涨停→隔夜后早盘兑现,558610380,8667771.1,549942609,21317271943,妖股期
2024-10-28,沈阳机床,8.22,挂涨停价排队·尾盘开缝成交,1392700200,11447995644,2024-10-29,尾盘14:50,8.48,没涨停→尾盘兑现,362102052,17443570.0,344658482,33118512066,妖股期
2024-10-28,英力特,8.18,挂涨停价排队·尾盘开缝成交,933007000,7631997260,2024-10-29,尾盘14:50,8.61,没涨停→尾盘兑现,401193010,11748890.6,389444119,41145677443,妖股期
2024-10-29,卫信康,9.74206317,挂涨停价排队·尾盘开缝成交,938557300,9143484505,2024-10-30,尾盘14:50,9.3,没涨停→尾盘兑现,-412818225,13405613.1,-426223838,27011088496,主线期
2024-10-29,联创光电,38.5865937,挂涨停价排队·尾盘开缝成交,355440100,13715222723,2024-10-31,次日早盘9:30,46.69,又涨停→隔夜后早盘兑现,2880125745,22732928.4,2857392817,28587830513,主线期
2024-10-30,冠捷科技,2.7,挂涨停价排队·尾盘开缝成交,3334702200,9003695940,2024-10-31,尾盘14:50,2.85,没涨停→尾盘兑现,500205330,13880697.9,486324632,38084603857,主线期
2024-10-30,永和智控,4.7,挂涨停价排队·尾盘开缝成交,1277120000,6002464000,2024-10-31,尾盘14:50,4.99,没涨停→尾盘兑现,370364800,9281469.6,361083330,44452653035,主线期
2024-10-31,万向钱潮,6.29946752,挂涨停价排队·尾盘开缝成交,2352191000,14817550805,2024-11-01,尾盘14:50,6.09,没涨停→尾盘兑现,-499978708,21851342.2,-521830050,27477991642,平淡期
2024-10-31,视觉中国,14.79539734,挂涨停价排队·尾盘开缝成交,667664800,9878366006,2024-11-01,尾盘14:50,15.2,没涨停→尾盘兑现,266802593,15017651.0,251784942,37615551365,平淡期
2024-10-31,安妮股份,5.75,挂涨停价排队·尾盘开缝成交,1145318000,6585578500,2024-11-01,尾盘14:50,5.42,没涨停→尾盘兑现,-377954940,9594901.5,-387549842,43818519207,平淡期
2024-11-01,北方铜业,9.81858798,挂涨停价排队·尾盘开缝成交,1487604200,14606172717,2024-11-04,尾盘14:50,10.29,没涨停→尾盘兑现,699696897,22434031.7,677262865,28277655642,恐慌期
2024-11-01,中科三环,11.17392622,挂涨停价排队·尾盘开缝成交,871443800,9737448726,2024-11-04,尾盘14:50,10.46,没涨停→尾盘兑现,-625420436,14137107.8,-639557543,37382849911,恐慌期
2024-11-01,中钢天源,8.16956756,挂涨停价排队·尾盘开缝成交,794611500,6491632333,2024-11-04,尾盘14:50,7.93,没涨停→尾盘兑现,-194127761,9591852.7,-203719614,43675631355,恐慌期
2024-11-04,秦川机床,9.34625642,挂涨停价排队·尾盘开缝成交,1557687100,14558543059,2024-11-05,尾盘14:50,9.58,没涨停→尾盘兑现,357360182,22105834.7,335254347,27845645426,妖股期
2024-11-04,天奇股份,13.221546,挂涨停价排队·尾盘开缝成交,734081700,9705694964,2024-11-05,尾盘14:50,13.66,没涨停→尾盘兑现,322059260,14800086.9,307259173,37865878834,妖股期
2024-11-04,信质集团,14.9100237,挂涨停价排队·尾盘开缝成交,433967400,6470464219,2024-11-06,次日早盘9:30,16.73,又涨停→隔夜后早盘兑现,787708688,10296477.8,777412210,24082009259,妖股期
2024-11-05,神州高铁,2.76,挂涨停价排队·尾盘开缝成交,4573173700,12621959412,2024-11-06,尾盘14:50,2.78,没涨停→尾盘兑现,91463474,19001536.7,72461937,36785897078,妖股期
2024-11-05,甘化科工,7.6,挂涨停价排队·尾盘开缝成交,1107189400,8414639440,2024-11-07,次日早盘9:30,8.06,又涨停→隔夜后早盘兑现,509307124,13003939.5,496303184,25266541424,妖股期
2024-11-06,中广核技,8.17,挂涨停价排队·尾盘开缝成交,1000568400,8174643828,2024-11-07,尾盘14:50,8.32,没涨停→尾盘兑现,150085260,12374529.7,137710730,33585026965,妖股期
2024-11-06,冰山冷热,5.13896662,挂涨停价排队·尾盘开缝成交,2386076100,12261965431,2024-11-08,次日早盘9:30,6.22,又涨停→隔夜后早盘兑现,2578998465,20327197.0,2558671268,29756512676,妖股期
2024-11-07,中水渔业,8.33,挂涨停价排队·尾盘开缝成交,1343938600,11195008538,2024-11-08,尾盘14:50,8.08,没涨停→尾盘兑现,-335984650,16540524.3,-352525174,40607392296,妖股期
2024-11-07,东华科技,8.8822161,挂涨停价排队·尾盘开缝成交,840256400,7463338924,2024-11-08,尾盘14:50,8.77,没涨停→尾盘兑现,-97242201,11122076.7,-108364278,47967964446,妖股期
2024-11-08,浩物股份,4.22,挂涨停价排队·尾盘开缝成交,3788938700,15989321314,2024-11-11,尾盘14:50,4.38,没涨停→尾盘兑现,606230192,24438654.6,581791537,30795835957,主线期
2024-11-08,方正电机,6.29,挂涨停价排队·尾盘开缝成交,1129787700,7106364633,2024-11-11,尾盘14:50,6.14,没涨停→尾盘兑现,-169468155,10532445.8,-180000601,37727529763,主线期
2024-11-08,红宝丽,4.4224914,挂涨停价排队·尾盘开缝成交,2410303700,10659547385,2024-11-12,次日早盘9:30,5.35,又涨停→隔夜后早盘兑现,2246631063,17674294.4,2228956769,29664291131,主线期
2024-11-11,兴业股份,7.52975032,挂涨停价排队·尾盘开缝成交,1670154000,12575842616,2024-11-12,尾盘14:50,7.64,没涨停→尾盘兑现,189015671,19005525.7,170010145,42419575774,妖股期
2024-11-11,嵘泰股份,19.32399919,挂涨停价排队·尾盘开缝成交,433859200,8383894829,2024-11-12,尾盘14:50,18.15,没涨停→尾盘兑现,-508915965,12194155.3,-521110120,50288648404,妖股期
2024-11-12,软控股份,9.10562688,挂涨停价排队·尾盘开缝成交,1840936700,16762882700,2024-11-13,尾盘14:50,8.79,没涨停→尾盘兑现,-576167826,24712198.2,-600880025,31074916401,妖股期
2024-11-12,集泰股份,5.72931007,挂涨停价排队·尾盘开缝成交,1950541100,11175254766,2024-11-13,尾盘14:50,5.54,没涨停→尾盘兑现,-364202128,16489730.6,-380691858,41877860750,妖股期
2024-11-12,金海高科,10.7759169,挂涨停价排队·尾盘开缝成交,691372200,7450169374,2024-11-13,尾盘14:50,11.13,没涨停→尾盘兑现,244937075,11358956.9,233578118,49567195870,妖股期
2024-11-13,三变科技,12.16681704,挂涨停价排队·尾盘开缝成交,1357988500,16522397622,2024-11-14,尾盘14:50,11.97,没涨停→尾盘兑现,-269973817,24581116.1,-294554933,30926812275,妖股期
2024-11-13,金龙羽,19.68890924,挂涨停价排队·尾盘开缝成交,372965700,7343287817,2024-11-14,尾盘14:50,17.81,没涨停→尾盘兑现,-700583403,10489494.2,-711072897,37564534661,妖股期
2024-11-13,三维化学,6.1380924,挂涨停价排队·尾盘开缝成交,1794520500,11014932643,2024-11-15,次日早盘9:30,6.89,又涨停→隔夜后早盘兑现,1351832643,17536273.4,1334296369,29052839766,妖股期
2024-11-14,金煤科技,3.17,挂涨停价排队·尾盘开缝成交,2633335800,8347674486,2024-11-15,尾盘14:50,3.48,没涨停→尾盘兑现,816334098,13133762.3,803200336,38209975344,恐慌期
2024-11-14,南兴股份,14.60298336,挂涨停价排队·尾盘开缝成交,857462500,12521510619,2024-11-18,次日早盘9:30,17.67,又涨停→隔夜后早盘兑现,2633027934,20757036.9,2612270897,32125384199,恐慌期
2024-11-15,二六三,4.78071698,挂涨停价排队·尾盘开缝成交,2664173200,12736658055,2024-11-18,尾盘14:50,4.65,没涨停→尾盘兑现,-345671304,18845733.6,-364517038,44507077710,妖股期
2024-11-15,光华科技,14.93439,挂涨停价排队·尾盘开缝成交,568560600,8491105739,2024-11-18,尾盘14:50,14.93,没涨停→尾盘兑现,0,12736658.6,-12736659,52991815120,妖股期
2024-11-18,杉杉股份,9.41,挂涨停价排队·尾盘开缝成交,1877145400,17663938214,2024-11-19,尾盘14:50,10.1,没涨停→尾盘兑现,1295230326,27467330.1,1267762996,42496867206,妖股期
2024-11-18,武进不锈,6.00129376,挂涨停价排队·尾盘开缝成交,1962236700,11775958863,2024-11-19,尾盘14:50,6.31,没涨停→尾盘兑现,611738123,18122741.9,593615381,54875273419,妖股期
2024-11-19,五方光电,16.2895966,挂涨停价排队·尾盘开缝成交,1122910400,18291757434,2024-11-20,尾盘14:50,16.88,没涨停→尾盘兑现,661147859,27933497.0,633214362,35198031673,妖股期
2024-11-19,六国化工,5.36,挂涨停价排队·尾盘开缝成交,2275094200,12194504912,2024-11-21,次日早盘9:30,6.49,又涨停→隔夜后早盘兑现,2570856446,20219899.7,2550636546,38219642082,妖股期
2024-11-19,永创智能,7.40953035,挂涨停价排队·尾盘开缝成交,1097191000,8129670014,2024-11-21,次日早盘9:30,8.23,又涨停→隔夜后早盘兑现,903296668,12871977.5,890424691,47245834040,妖股期
2024-11-20,ST沈化,3.76,挂涨停价排队·尾盘开缝成交,3120392800,11732676928,2024-11-21,尾盘14:50,3.85,没涨停→尾盘兑现,280835352,17809641.9,263025710,59250336186,妖股期
2024-11-21,德展健康,3.26,挂涨停价排队·尾盘开缝成交,6058316500,19750111790,2024-11-22,尾盘14:50,3.09,没涨停→尾盘兑现,-1029913805,28852732.3,-1058766537,36261813310,妖股期
2024-11-21,安泰科技,11.90664345,挂涨停价排队·尾盘开缝成交,1105831500,13166741386,2024-11-22,尾盘14:50,12.84,没涨停→尾盘兑现,1036921389,20527803.1,1016393586,50454823338,妖股期
2024-11-21,ST兴化,3.76,挂涨停价排队·尾盘开缝成交,2334528600,8777827536,2024-11-22,尾盘14:50,3.65,没涨停→尾盘兑现,-256798146,12974142.7,-269772289,58969461956,妖股期
2024-11-22,佳都科技,5.4969413,挂涨停价排队·尾盘开缝成交,1589286900,8736216798,2024-11-25,尾盘14:50,5.78,没涨停→尾盘兑现,443945681,13437284.5,430508397,26645711059,妖股期
2024-11-22,勤上股份,2.51,挂涨停价排队·尾盘开缝成交,7831269800,19656487198,2024-11-26,次日早盘9:30,2.76,又涨停→隔夜后早盘兑现,1957817450,30953093.9,1926864356,39361901332,妖股期
2024-11-22,雪迪龙,6.78305319,挂涨停价排队·尾盘开缝成交,1931921200,13104324258,2024-11-26,次日早盘9:30,7.07,又涨停→隔夜后早盘兑现,546772918,20066566.1,526706352,53002760185,妖股期
2024-11-25,南京公用,6.86698899,挂涨停价排队·尾盘开缝成交,1293420400,8881903646,2024-11-26,尾盘14:50,6.27,没涨停→尾盘兑现,-772890332,12743187.7,-785633519,61105691740,妖股期
2024-11-26,三维通信,6.77,挂涨停价排队·尾盘开缝成交,3008650500,20368563885,2024-11-27,尾盘14:50,6.65,没涨停→尾盘兑现,-361038060,30282067.3,-391320127,38097911056,妖股期
2024-11-26,康达新材,10.86778644,挂涨停价排队·尾盘开缝成交,832984200,9052694393,2024-11-27,尾盘14:50,10.64,没涨停→尾盘兑现,-190495856,13436169.7,-203932026,46953462944,妖股期
2024-11-26,齐心集团,6.61978149,挂涨停价排队·尾盘开缝成交,2051282600,13579042586,2024-11-28,次日早盘9:30,8.01,又涨停→隔夜后早盘兑现,2859798365,22513412.7,2837284952,37294718268,妖股期
2024-11-27,实益达,7.09956618,挂涨停价排队·尾盘开缝成交,2204522600,15651154094,2024-11-29,次日早盘9:30,7.96,又涨停→隔夜后早盘兑现,1907073398,24907036.2,1882166362,42408204399,妖股期
2024-11-27,广百股份,6.1234404,挂涨停价排队·尾盘开缝成交,1703960800,10434102403,2024-11-29,次日早盘9:30,7.2,又涨停→隔夜后早盘兑现,1829355616,17023170.3,1812332446,54662464825,妖股期
2024-11-28,天禾股份,7.01241056,挂涨停价排队·尾盘开缝成交,1772795900,12431572690,2024-11-29,尾盘14:50,7.19,没涨停→尾盘兑现,309928405,18879805.3,291048600,67394409794,妖股期
2024-11-29,沧州明珠,3.82187136,挂涨停价排队·尾盘开缝成交,3918639300,14976535311,2024-12-02,尾盘14:50,4.05,没涨停→尾盘兑现,905382487,23143839.8,882238647,35838721209,妖股期
2024-11-29,海螺新材,6.17,挂涨停价排队·尾盘开缝成交,3640972900,22464802793,2024-12-03,次日早盘9:30,6.87,又涨停→隔夜后早盘兑现,2548681030,35608715.0,2513072315,48887204991,妖股期
2024-11-29,煌上煌,8.9756193,挂涨停价排队·尾盘开缝成交,1112386400,9984356841,2024-12-03,次日早盘9:30,9.77,又涨停→隔夜后早盘兑现,883861097,15639431.1,868221666,59747271766,妖股期
2024-12-02,泉阳泉,8.28,挂涨停价排队·尾盘开缝成交,1442782600,11946239928,2024-12-03,次日早盘9:30,8.28,又涨停→隔夜后早盘兑现,0,17919359.9,-17919360,71684552014,妖股期
2024-12-03,泸天化,5.17,挂涨停价排队·尾盘开缝成交,4621827900,23894850243,2024-12-04,尾盘14:50,5.28,没涨停→尾盘兑现,508401069,36223576.2,472177493,45624817223,妖股期
2024-12-03,汉钟精机,19.2698622,挂涨停价排队·尾盘开缝成交,826674300,15929899845,2024-12-04,尾盘14:50,18.8,没涨停→尾盘兑现,-386036149,23605322.7,-409641471,61157023022,妖股期
2024-12-03,厦门象屿,6.45369124,挂涨停价排队·尾盘开缝成交,1645559600,10619933575,2024-12-04,尾盘14:50,6.02,没涨停→尾盘兑现,-706970976,15399672.1,-722370648,71062550900,妖股期
2024-12-04,征和工业,30.72927,挂涨停价排队·尾盘开缝成交,770845400,23687516425,2024-12-05,尾盘14:50,30.36,没涨停→尾盘兑现,-287121411,35315933.6,-322437345,44438416230,妖股期
2024-12-04,山东玻纤,6.13,挂涨停价排队·尾盘开缝成交,2576130200,15791678126,2024-12-06,次日早盘9:30,6.72,又涨停→隔夜后早盘兑现,1519916818,24827454.8,1495089363,46924222541,妖股期
2024-12-04,长华集团,9.31245869,挂涨停价排队·尾盘开缝成交,1130505400,10527784836,2024-12-06,次日早盘9:30,10.06,又涨停→隔夜后早盘兑现,850618502,16429641.1,834188861,58294092077,妖股期
2024-12-05,东南网架,5.06800236,挂涨停价排队·尾盘开缝成交,2922809400,14812804937,2024-12-06,尾盘14:50,5.07,没涨停→尾盘兑现,0,22219207.4,-22219207,73095787410,妖股期
2024-12-06,中原传媒,11.0573064,挂涨停价排队·尾盘开缝成交,2203544100,24365262280,2024-12-09,尾盘14:50,10.84,没涨停→尾盘兑现,-475419752,36191328.6,-511611080,45529936746,妖股期
2024-12-06,通化金马,15.79,挂涨停价排队·尾盘开缝成交,1028721200,16243507748,2024-12-09,尾盘14:50,15.63,没涨停→尾盘兑现,-164595392,24241815.1,-188837207,61596789918,妖股期
2024-12-06,居然智家,3.34,挂涨停价排队·尾盘开缝成交,3242217300,10829005782,2024-12-09,尾盘14:50,3.24,没涨停→尾盘兑现,-324221730,16000342.4,-340222072,72093695382,妖股期
2024-12-09,华尔泰,13.0761774,挂涨停价排队·尾盘开缝成交,1837787200,24031231451,2024-12-10,尾盘14:50,12.83,没涨停→尾盘兑现,-451036626,35708569.7,-486745196,44923607447,妖股期
2024-12-09,亚太药业,4.14,挂涨停价排队·尾盘开缝成交,3869763600,16020821304,2024-12-10,尾盘14:50,3.94,没涨停→尾盘兑现,-773952720,23450767.4,-797403487,60159040880,妖股期
2024-12-09,美格智能,28.87088657,挂涨停价排队·尾盘开缝成交,369941700,10680544858,2024-12-10,尾盘14:50,29.49,没涨停→尾盘兑现,228106711,16191897.3,211914813,71059510960,妖股期
2024-12-10,*ST湘邮,18.87,挂涨停价排队·尾盘开缝成交,1255246600,23686503342,2024-12-11,尾盘14:50,19.11,没涨停→尾盘兑现,301259184,35755699.4,265503485,55551776829,妖股期
2024-12-10,东百集团,4.2027032,挂涨停价排队·尾盘开缝成交,3757344200,15791002493,2024-12-12,次日早盘9:30,4.9,又涨停→隔夜后早盘兑现,2619535460,25651155.3,2593884305,43086409675,妖股期
2024-12-11,大立科技,13.68,挂涨停价排队·尾盘开缝成交,1353600700,18517257576,2024-12-12,尾盘14:50,13.84,没涨停→尾盘兑现,216576112,27938318.4,188637794,61806192988,妖股期
2024-12-11,南山控股,3.07,挂涨停价排队·尾盘开缝成交,4021120400,12344839628,2024-12-12,尾盘14:50,3.01,没涨停→尾盘兑现,-241267224,18336309.0,-259603533,73900687712,妖股期
2024-12-12,克明食品,10.92068909,挂涨停价排队·尾盘开缝成交,1503785600,16422374996,2024-12-13,尾盘14:50,10.68,没涨停→尾盘兑现,-368405306,24357258.5,-392762565,37938430263,妖股期
2024-12-12,盘龙药业,23.72939592,挂涨停价排队·尾盘开缝成交,461379200,10948249706,2024-12-13,尾盘14:50,24.17,没涨停→尾盘兑现,201203575,16573277.2,184630298,49079521454,妖股期
2024-12-12,雪人集团,7.9,挂涨停价排队·尾盘开缝成交,3118172400,24633561960,2024-12-16,次日早盘9:30,9.21,又涨停→隔夜后早盘兑现,4084805844,40013947.3,4044791897,50509950065,妖股期
2024-12-13,通达电气,10.7815061,挂涨停价排队·尾盘开缝成交,1517398400,16359840106,2024-12-16,尾盘14:50,10.78,没涨停→尾盘兑现,0,24539760.2,-24539760,66857520291,妖股期
2024-12-13,地素时尚,13.02091,挂涨停价排队·尾盘开缝成交,837618900,10906560311,2024-12-17,次日早盘9:30,13.95,又涨停→隔夜后早盘兑现,779040022,16944120.5,762095902,41391291620,妖股期
2024-12-16,国际实业,8.40969196,挂涨停价排队·尾盘开缝成交,2650018500,22285839273,2024-12-17,尾盘14:50,7.57,没涨停→尾盘兑现,-2218021918,31765242.5,-2249787161,61444058112,妖股期
2024-12-16,欧亚集团,14.91231161,挂涨停价排队·尾盘开缝成交,996306000,14857225531,2024-12-17,尾盘14:50,13.9,没涨停→尾盘兑现,-1007435306,21530261.8,-1028965568,75283460994,妖股期
2024-12-17,白云电器,10.53632331,挂涨停价排队·尾盘开缝成交,2381711900,25094486610,2024-12-19,次日早盘9:30,10.87,又涨停→隔夜后早盘兑现,792212205,38235889.1,753976316,48173495008,恐慌期
2024-12-18,盈趣科技,15.6538529,挂涨停价排队·尾盘开缝成交,1068724600,16729657679,2024-12-19,尾盘14:50,15.87,没涨停→尾盘兑现,228604018,25265939.5,203338078,65119038009,主线期
2024-12-18,华电能源,2.66,挂涨停价排队·尾盘开缝成交,4192896800,11153105488,2024-12-19,尾盘14:50,2.58,没涨停→尾盘兑现,-335431744,16478084.4,-351909828,75928598498,主线期
2024-12-19,山东威达,10.6692228,挂涨停价排队·尾盘开缝成交,2372200200,25309532460,2024-12-20,尾盘14:50,10.43,没涨停→尾盘兑现,-562434055,37542473.1,-599976528,47225901072,恐慌期
2024-12-19,康盛股份,3.06,挂涨停价排队·尾盘开缝成交,5514059400,16873021764,2024-12-20,尾盘14:50,2.99,没涨停→尾盘兑现,-385984158,25020044.5,-411004203,63700573400,恐慌期
2024-12-19,润建股份,33.73150557,挂涨停价排队·尾盘开缝成交,333477000,11248681283,2024-12-20,尾盘14:50,33.61,没涨停→尾盘兑现,-39853610,16843131.7,-56696741,74900994453,恐慌期
2024-12-20,超声电子,11.19288908,挂涨停价排队·尾盘开缝成交,2230612400,24966997174,2024-12-23,尾盘14:50,10.63,没涨停→尾盘兑现,-1252669408,36510993.7,-1289180402,45889430183,妖股期
2024-12-20,华鼎股份,4.29,挂涨停价排队·尾盘开缝成交,2586583700,11096444073,2024-12-23,尾盘14:50,4.32,没涨停→尾盘兑现,77597511,16702864.2,60894647,57055091235,妖股期
2024-12-20,电光科技,8.81522433,挂涨停价排队·尾盘开缝成交,1888172600,16644665043,2024-12-24,次日早盘9:30,10.67,又涨停→隔夜后早盘兑现,3493324762,27586991.1,3465737771,77177977548,妖股期
2024-12-24,福瑞达,7.68880161,挂涨停价排队·尾盘开缝成交,3345904000,25725992062,2024-12-26,次日早盘9:30,8.84,又涨停→隔夜后早盘兑现,3844113756,41472073.4,3802641683,52415477713,妖股期
2024-12-24,吉华集团,4.43458092,挂涨停价排队·尾盘开缝成交,3867481900,17150661442,2024-12-26,次日早盘9:30,4.99,又涨停→隔夜后早盘兑现,2153113341,27340827.2,2125772514,71704774665,妖股期
2024-12-25,雷柏科技,18.01,挂涨停价排队·尾盘开缝成交,634857000,11433774570,2024-12-27,次日早盘9:30,20.21,又涨停→隔夜后早盘兑现,1396685400,18198175.9,1378487224,44689627043,恐慌期
2024-12-26,神驰机电,18.6023694,挂涨停价排队·尾盘开缝成交,856578700,15934393398,2024-12-27,尾盘14:50,17.56,没涨停→尾盘兑现,-894533103,23230690.3,-917763793,59718207442,妖股期
2024-12-26,顺钠股份,4.55,挂涨停价排队·尾盘开缝成交,5253097000,23901591350,2024-12-30,次日早盘9:30,5.51,又涨停→隔夜后早盘兑现,5042973120,39634616.9,5003338503,55464282318,妖股期
2024-12-27,宝鼎科技,13.4627599,挂涨停价排队·尾盘开缝成交,985734900,13270712284,2024-12-30,尾盘14:50,13.43,没涨停→尾盘兑现,-29209198,19884161.5,-49093360,68695854277,妖股期
2024-12-27,神剑股份,4.4647875,挂涨停价排队·尾盘开缝成交,4458458300,19906068887,2024-12-31,次日早盘9:30,5.41,又涨停→隔夜后早盘兑现,4202392321,33010897.6,4169381423,92786234138,妖股期
2024-12-31,拓日新能,3.95932864,挂涨停价排队·尾盘开缝成交,7811613400,30928744659,2025-01-02,尾盘14:50,3.93,没涨停→尾盘兑现,-233718473,46217828.1,-279936302,58164223212,妖股期
2024-12-31,龙星科技,5.89516092,挂涨停价排队·尾盘开缝成交,3497642100,20619163020,2025-01-02,尾盘14:50,6.06,没涨停→尾盘兑现,583237556,31366172.7,551871384,79350721988,妖股期
2024-12-31,君禾股份,7.19345676,挂涨停价排队·尾盘开缝成交,1910918300,13746108163,2025-01-03,次日早盘9:30,8.7,又涨停→隔夜后早盘兑现,2887995439,22785158.8,2865210281,95972350013,妖股期
2025-01-03,石化机械,7.48,挂涨停价排队·尾盘开缝成交,2851228400,21327188432,2025-01-06,尾盘14:50,7.6,没涨停→尾盘兑现,342147408,32247393.2,309900015,50089336717,妖股期
2025-01-03,新华制药,16.32644275,挂涨停价排队·尾盘开缝成交,1959446000,31990782941,2025-01-07,次日早盘9:30,17.67,又涨停→隔夜后早盘兑现,2635658535,49962918.3,2585695617,67993363153,妖股期
2025-01-03,雄韬股份,15.400409,挂涨停价排队·尾盘开缝成交,923230400,14218125761,2025-01-07,次日早盘9:30,16.84,又涨停→隔夜后早盘兑现,1325805939,22321543.1,1303484396,83525636905,妖股期
2025-01-06,众生药业,12.76873213,挂涨停价排队·尾盘开缝成交,1307604000,16696445208,2025-01-07,尾盘14:50,12.41,没涨停→尾盘兑现,-471939246,24690713.4,-496629959,99737974488,恐慌期
2025-01-07,德明利,64.2766236,挂涨停价排队·尾盘开缝成交,517233000,33245990854,2025-01-08,尾盘14:50,65.47,没涨停→尾盘兑现,614848336,50330122.5,564518213,63387437120,妖股期
2025-01-07,博深股份,7.26668145,挂涨停价排队·尾盘开缝成交,3050084700,22163993910,2025-01-08,尾盘14:50,7.52,没涨停→尾盘兑现,782258609,33832684.8,748425924,86316479949,妖股期
2025-01-07,全柴动力,8.1154005,挂涨停价排队·尾盘开缝成交,1820735300,14775996164,2025-01-08,尾盘14:50,8.29,没涨停→尾盘兑现,323561960,22406665.7,301155294,101404713405,妖股期
2025-01-08,春兰股份,4.62158784,挂涨停价排队·尾盘开缝成交,7313843700,33801571108,2025-01-09,尾盘14:50,4.56,没涨停→尾盘兑现,-486853905,50337216.2,-537191121,63335574850,妖股期
2025-01-08,纽威股份,22.42967935,挂涨停价排队·尾盘开缝成交,1004667900,22534378850,2025-01-09,尾盘14:50,22.64,没涨停→尾盘兑现,215505494,33963197.4,181542297,86068396781,妖股期
2025-01-08,力鼎光电,18.6678351,挂涨停价排队·尾盘开缝成交,804748900,15022919762,2025-01-10,次日早盘9:30,20.93,又涨停→隔夜后早盘兑现,1816725181,23896923.5,1792828257,55079637128,妖股期
2025-01-09,芭田股份,7.88791353,挂涨停价排队·尾盘开缝成交,3637142500,28689465536,2025-01-10,尾盘14:50,8.02,没涨停→尾盘兑现,467581510,43384884.4,424196626,84214816390,主线期
2025-01-09,长缆科技,15.78546942,挂涨停价排队·尾盘开缝成交,1211640200,19126309325,2025-01-10,尾盘14:50,15.14,没涨停→尾盘兑现,-784248914,28101277.3,-812350191,102543120256,主线期
2025-01-10,亿利达,5.6200437,挂涨停价排队·尾盘开缝成交,6081988300,34181040029,2025-01-13,尾盘14:50,5.61,没涨停→尾盘兑现,-60497416,51226187.0,-111723603,79669672360,恐慌期
2025-01-10,博实股份,16.84462641,挂涨停价排队·尾盘开缝成交,1352797000,22787360074,2025-01-13,尾盘14:50,16.18,没涨停→尾盘兑现,-900015939,33506028.2,-933521967,101540600986,恐慌期
2025-01-13,奥士康,23.61324056,挂涨停价排队·尾盘开缝成交,955590000,22564576547,2025-01-14,尾盘14:50,24.18,没涨停→尾盘兑现,540357324,34252132.8,506105192,53173710686,妖股期
2025-01-13,宁波东力,5.28,挂涨停价排队·尾盘开缝成交,6410391400,33846866592,2025-01-15,次日早盘9:30,6.39,又涨停→隔夜后早盘兑现,7115534454,56106950.7,7059427503,76380820189,妖股期
2025-01-13,*ST柳化,3.08,挂涨停价排队·尾盘开缝成交,4884107900,15043052332,2025-01-15,次日早盘9:30,3.6,又涨停→隔夜后早盘兑现,2539736108,24469380.6,2515266727,93950421537,妖股期
2025-01-14,伊戈尔,17.09480565,挂涨停价排队·尾盘开缝成交,1036839500,17724569743,2025-01-15,尾盘14:50,16.67,没涨停→尾盘兑现,-444376677,26253572.1,-470630249,111217654458,妖股期
2025-01-16,华媒控股,4.18,挂涨停价排队·尾盘开缝成交,8869031400,37072551252,2025-01-17,尾盘14:50,3.95,没涨停→尾盘兑现,-2039877222,54078919.0,-2093956141,109151502730,妖股期
2025-01-17,金河生物,4.43631762,挂涨停价排队·尾盘开缝成交,5467572800,24255889551,2025-01-20,尾盘14:50,4.57,没涨停→尾盘兑现,739831054,36938707.6,702892346,57318160699,妖股期
2025-01-17,德联集团,4.79790864,挂涨停价排队·尾盘开缝成交,7583269400,36383833774,2025-01-21,次日早盘9:30,5.28,又涨停→隔夜后早盘兑现,3653294785,57315721.7,3595979063,78219207923,妖股期
2025-01-17,润都股份,9.90174396,挂涨停价排队·尾盘开缝成交,1633105500,16170592521,2025-01-21,次日早盘9:30,11.84,又涨停→隔夜后早盘兑现,3163109914,26628221.2,3136481693,97538410081,妖股期
2025-01-20,深华发A,13.32,挂涨停价排队·尾盘开缝成交,1434388400,19106053488,2025-01-21,尾盘14:50,12.9,没涨停→尾盘兑现,-602443128,28207247.9,-630650376,116028142734,妖股期
2025-01-22,真视通,17.2892394,挂涨停价排队·尾盘开缝成交,2237001100,38676047556,2025-01-23,尾盘14:50,17.44,没涨停→尾盘兑现,335341453,58265577.4,277075875,90550194674,恐慌期
2025-01-22,望变电气,14.40602134,挂涨停价排队·尾盘开缝成交,1789809300,25784030970,2025-01-23,尾盘14:50,14.13,没涨停→尾盘兑现,-497555387,38302879.9,-535858267,115817705401,恐慌期
2025-01-23,光电股份,10.79822791,挂涨停价排队·尾盘开缝成交,3575207100,38605901091,2025-01-24,尾盘14:50,10.71,没涨停→尾盘兑现,-321418233,57667788.0,-379086021,89730306663,妖股期
2025-01-23,中重科技,9.6308584,挂涨停价排队·尾盘开缝成交,2672375200,25737267143,2025-01-24,尾盘14:50,9.34,没涨停→尾盘兑现,-769464688,38028802.2,-807493490,114679383266,妖股期
2025-01-24,启明星辰,15.26,挂涨停价排队·尾盘开缝成交,2505010500,38226460230,2025-01-27,尾盘14:50,14.98,没涨停→尾盘兑现,-701402940,56813638.1,-758216578,71475990822,恐慌期
2025-01-24,荣联科技,7.57,挂涨停价排队·尾盘开缝成交,3366487100,25484307347,2025-01-27,尾盘14:50,7.41,没涨停→尾盘兑现,-538637936,37822482.6,-576460419,96402950981,恐慌期
2025-01-24,创力集团,5.42008278,挂涨停价排队·尾盘开缝成交,3134553300,16989538364,2025-01-27,尾盘14:50,5.25,没涨停→尾盘兑现,-517602423,25096105.7,-542698529,112862532970,恐慌期
2025-01-27,科远智慧,20.5689069,挂涨停价排队·尾盘开缝成交,1829015200,37620843367,2025-02-05,尾盘14:50,21.02,没涨停→尾盘兑现,817844421,57044648.4,760799773,113651548375,恐慌期
2025-02-05,超讯科技,40.1,挂涨停价排队·尾盘开缝成交,629822900,25255898290,2025-02-06,尾盘14:50,40.63,没涨停→尾盘兑现,333806137,38134202.0,295671935,59245045954,主线期
2025-02-05,恒为科技,24.17044086,挂涨停价排队·尾盘开缝成交,696605700,16837266875,2025-02-06,尾盘14:50,25.56,没涨停→尾盘兑现,966699750,25980925.1,940718825,77035659604,主线期
2025-02-05,浙数文化,10.86798972,挂涨停价排队·尾盘开缝成交,3485819400,37883849405,2025-02-07,次日早盘9:30,13.15,又涨停→隔夜后早盘兑现,7961343241,62796781.5,7898546459,80048880427,主线期
2025-02-06,亚太股份,8.85281626,挂涨停价排队·尾盘开缝成交,2900608300,25678552322,2025-02-07,尾盘14:50,9.06,没涨停→尾盘兑现,600500667,38968204.0,561532463,106308224126,主线期
2025-02-06,雷科防务,4.58,挂涨停价排队·尾盘开缝成交,3737780700,17119035606,2025-02-07,尾盘14:50,4.75,没涨停→尾盘兑现,635422719,26155120.4,609267599,124049366608,主线期
2025-02-07,北玻股份,4.3255778,挂涨停价排队·尾盘开缝成交,9559367700,41349788705,2025-02-10,尾盘14:50,4.22,没涨停→尾盘兑现,-1043228614,61242261.6,-1104470876,77031699276,主线期
2025-02-07,浪潮软件,17.01,挂涨停价排队·尾盘开缝成交,1620607000,27566525070,2025-02-10,尾盘14:50,17.63,没涨停→尾盘兑现,1004776340,42103369.9,962672970,105581572210,主线期
2025-02-07,索通发展,15.7690182,挂涨停价排队·尾盘开缝成交,1165429800,18377683727,2025-02-10,尾盘14:50,16.38,没涨停→尾盘兑现,712580607,28100961.0,684479646,124657518846,主线期
2025-02-10,深圳华强,24.109275,挂涨停价排队·尾盘开缝成交,1723507000,41552504227,2025-02-11,尾盘14:50,24.29,没涨停→尾盘兑现,303057162,62556049.2,240501113,78759732253,主线期
2025-02-10,通程控股,5.73611552,挂涨停价排队·尾盘开缝成交,4829343300,27701671055,2025-02-11,尾盘14:50,5.59,没涨停→尾盘兑现,-687955407,41036540.0,-728991947,105753187614,主线期
2025-02-10,京北方,9.60734732,挂涨停价排队·尾盘开缝成交,1922256000,18467781030,2025-02-11,尾盘14:50,9.39,没涨停→尾盘兑现,-412127803,27392575.7,-439520379,123795299100,主线期
2025-02-11,中国黄金,8.91777198,挂涨停价排队·尾盘开缝成交,4627288000,41265099270,2025-02-12,尾盘14:50,8.49,没涨停→尾盘兑现,-1956722305,60430107.2,-2017152412,75958984818,妖股期
2025-02-11,上海汽配,17.50317778,挂涨停价排队·尾盘开缝成交,1571718400,27510066575,2025-02-12,尾盘14:50,17.0,没涨停→尾盘兑现,-783419201,40677535.5,-824096737,102665587206,妖股期
2025-02-11,国晟科技,3.6,挂涨停价排队·尾盘开缝成交,5094456700,18340044120,2025-02-12,尾盘14:50,3.5,没涨停→尾盘兑现,-509445670,27127981.9,-536573652,120482812707,妖股期
2025-02-12,石基信息,8.43194235,挂涨停价排队·尾盘开缝成交,4762952100,40160937523,2025-02-13,尾盘14:50,8.93,没涨停→尾盘兑现,2376386836,62023696.4,2314363139,78204033765,主线期
2025-02-12,捷荣技术,21.63,挂涨停价排队·尾盘开缝成交,825210600,17849305278,2025-02-13,尾盘14:50,20.93,没涨停→尾盘兑现,-577647420,26340722.4,-603988142,95462737879,主线期
2025-02-12,博彦科技,14.9792104,挂涨停价排队·尾盘开缝成交,1787407800,26773957507,2025-02-14,次日早盘9:30,16.54,又涨停→隔夜后早盘兑现,2781709871,42247218.7,2739462652,93175327111,主线期
2025-02-13,儒意电影,13.65,挂涨停价排队·尾盘开缝成交,2331202300,31820911395,2025-02-14,尾盘14:50,13.27,没涨停→尾盘兑现,-885856874,47066974.4,-932923848,124087180342,妖股期
2025-02-14,南天信息,19.96941099,挂涨停价排队·尾盘开缝成交,2071287600,41362393363,2025-02-17,尾盘14:50,21.92,没涨停→尾盘兑现,4031342168,65067096.7,3966275071,82126262777,平淡期
2025-02-14,永太科技,9.58,挂涨停价排队·尾盘开缝成交,2878385000,27574928300,2025-02-17,尾盘14:50,9.5,没涨停→尾盘兑现,-230270800,41189689.4,-271460489,109450411784,平淡期
2025-02-14,兴森科技,12.56747908,挂涨停价排队·尾盘开缝成交,1462766400,18383286131,2025-02-17,尾盘14:50,12.77,没涨停→尾盘兑现,291566790,27793604.3,263773186,128111258565,平淡期
2025-02-17,国安股份,3.39,挂涨停价排队·尾盘开缝成交,12596977200,42703752708,2025-02-18,尾盘14:50,3.24,没涨停→尾盘兑现,-1889546580,62638469.1,-1952185049,78742488071,妖股期
2025-02-17,好上好,12.87794532,挂涨停价排队·尾盘开缝成交,1473794500,18979444984,2025-02-18,尾盘14:50,12.72,没涨停→尾盘兑现,-230350013,28296405.0,-258646418,97477521221,妖股期
2025-02-17,盈峰环境,5.0862616,挂涨停价排队·尾盘开缝成交,5597267800,28469168276,2025-02-19,次日早盘9:30,5.47,又涨停→隔夜后早盘兑现,2148616474,44315214.8,2104301259,73918165636,妖股期
2025-02-18,高争民爆,27.00719018,挂涨停价排队·尾盘开缝成交,802070500,21661670531,2025-02-19,尾盘14:50,26.94,没涨停→尾盘兑现,-55461483,32450909.7,-87912392,95508170027,妖股期
2025-02-18,禾盛新材,19.82938552,挂涨停价排队·尾盘开缝成交,1638603800,32492506465,2025-02-20,次日早盘9:30,23.95,又涨停→隔夜后早盘兑现,6750203808,53801412.6,6696402395,81661354410,妖股期
2025-02-19,中工国际,8.81098712,挂涨停价排队·尾盘开缝成交,3613222400,31836056028,2025-02-20,尾盘14:50,8.4,没涨停→尾盘兑现,-1484033688,46641058.8,-1530674747,111990612733,妖股期
2025-02-19,富临运业,8.14417756,挂涨停价排队·尾盘开缝成交,2606038200,21224037829,2025-02-20,尾盘14:50,8.29,没涨停→尾盘兑现,386829365,32126178.8,354703186,133585271777,妖股期
2025-02-20,航天发展,7.79,挂涨停价排队·尾盘开缝成交,5716100600,44528423674,2025-02-21,尾盘14:50,7.86,没涨停→尾盘兑现,400127042,67092730.8,333034311,84475676789,主线期
2025-02-20,航天电器,49.154669,挂涨停价排队·尾盘开缝成交,603922600,29685615505,2025-02-21,尾盘14:50,48.18,没涨停→尾盘兑现,-587952773,44087458.7,-632040231,113551516274,主线期
2025-02-20,高德红外,8.24,挂涨停价排队·尾盘开缝成交,2401748800,19790410112,2025-02-21,尾盘14:50,8.16,没涨停→尾盘兑现,-192139904,29541510.2,-221681414,133135087779,主线期
2025-02-21,威孚高科,17.94975694,挂涨停价排队·尾盘开缝成交,2472365600,44378361587,2025-02-24,尾盘14:50,19.49,没涨停→尾盘兑现,3814823555,69428660.0,3745394894,87604475294,主线期
2025-02-21,博杰股份,28.844473,挂涨停价排队·尾盘开缝成交,1025693000,29585574045,2025-02-24,尾盘14:50,28.38,没涨停→尾盘兑现,-479468655,44018759.6,-523487414,116688751104,主线期
2025-02-21,同方股份,8.56973678,挂涨停价排队·尾盘开缝成交,2301554600,19723717107,2025-02-25,次日早盘9:30,9.47,又涨停→隔夜后早盘兑现,2082202154,31147227.3,2051054927,73651232185,主线期
2025-02-24,中粮科技,5.82235536,挂涨停价排队·尾盘开缝成交,6680500900,38896250223,2025-02-25,尾盘14:50,5.64,没涨停→尾盘兑现,-1194765365,57448301.3,-1252213667,111324440928,妖股期
2025-02-24,汉缆股份,3.52781761,挂涨停价排队·尾盘开缝成交,7350389500,25930833518,2025-02-25,尾盘14:50,3.49,没涨停→尾盘兑现,-288922936,38679558.1,-327602494,136947120078,妖股期
2025-02-25,继峰股份,11.78496,挂涨停价排队·尾盘开缝成交,3873499700,45649039025,2025-02-26,尾盘14:50,11.45,没涨停→尾盘兑现,-1306453979,67493718.1,-1373947697,135607409160,妖股期
2025-02-26,天音控股,12.37700289,挂涨停价排队·尾盘开缝成交,3652133700,45202469360,2025-02-27,尾盘14:50,11.97,没涨停→尾盘兑现,-1495804071,66681851.0,-1562485922,83853859077,妖股期
2025-02-26,三钢闽光,4.00668978,挂涨停价排队·尾盘开缝成交,7521166200,30134979747,2025-02-27,尾盘14:50,4.26,没涨停→尾盘兑现,1874065905,46608019.0,1827457886,115838897945,妖股期
2025-02-26,万里扬,7.59411828,挂涨停价排队·尾盘开缝成交,2645466600,20089986266,2025-02-27,尾盘14:50,7.6,没涨停→尾盘兑现,25855838,30154371.3,-4298533,135939653167,妖股期
2025-02-27,远东传动,7.48464049,挂涨停价排队·尾盘开缝成交,6054160800,45313217057,2025-02-28,尾盘14:50,7.08,没涨停→尾盘兑现,-2438633709,66140850.3,-2504774559,83120844414,妖股期
2025-02-27,金固股份,12.73659816,挂涨停价排队·尾盘开缝成交,2371811600,30208811260,2025-02-28,尾盘14:50,13.17,没涨停→尾盘兑现,1018008530,46076723.3,971931807,114324244089,妖股期
2025-02-27,东贝集团,5.76796116,挂涨停价排队·尾盘开缝成交,3491564400,20139207847,2025-02-28,尾盘14:50,5.41,没涨停→尾盘兑现,-1246071389,29274258.2,-1275345647,133203210695,妖股期
2025-03-03,保利联合,8.39,挂涨停价排队·尾盘开缝成交,5292141800,44401069702,2025-03-04,尾盘14:50,8.25,没涨停→尾盘兑现,-740899852,66045929.7,-806945782,83095044289,妖股期
2025-03-03,ST天际,9.27,挂涨停价排队·尾盘开缝成交,3193172900,29600712783,2025-03-04,尾盘14:50,9.03,没涨停→尾盘兑现,-766361496,43826298.1,-810187794,111907769812,妖股期
2025-03-03,太极集团,22.22,挂涨停价排队·尾盘开缝成交,888110200,19733808644,2025-03-04,尾盘14:50,21.85,没涨停→尾盘兑现,-328600774,29354262.4,-357955036,131298423777,妖股期
2025-03-04,北化股份,11.01822638,挂涨停价排队·尾盘开缝成交,2648105700,29177428081,2025-03-05,尾盘14:50,10.86,没涨停→尾盘兑现,-422096609,43449569.7,-465546178,67637004365,妖股期
2025-03-04,万安科技,13.87788674,挂涨停价排队·尾盘开缝成交,1401626800,19451617982,2025-03-05,尾盘14:50,13.78,没涨停→尾盘兑现,-138643036,29073444.7,-167716481,86935494580,妖股期
2025-03-04,智微智能,39.01700418,挂涨停价排队·尾盘开缝成交,1121719600,43766138322,2025-03-06,次日早盘9:30,43.75,又涨停→隔夜后早盘兑现,5313598454,69634406.3,5243964048,87680925784,妖股期
2025-03-05,武汉凡谷,13.30646576,挂涨停价排队·尾盘开缝成交,2177775700,28978497785,2025-03-06,尾盘14:50,13.39,没涨停→尾盘兑现,173394153,43597792.3,129796360,116810953803,妖股期
2025-03-05,航天动力,11.44,挂涨停价排队·尾盘开缝成交,1688723600,19318997984,2025-03-06,尾盘14:50,11.68,没涨停→尾盘兑现,405293664,29282467.2,376011197,136520452233,妖股期
2025-03-06,捷顺科技,9.167152,挂涨停价排队·尾盘开缝成交,4964117200,45506816918,2025-03-07,尾盘14:50,9.07,没涨停→尾盘兑现,-488270568,67894022.5,-556164590,85435289272,主线期
2025-03-06,中科金财,21.34,挂涨停价排队·尾盘开缝成交,1421643700,30337876558,2025-03-07,尾盘14:50,21.48,没涨停→尾盘兑现,199030118,45656087.4,153374031,115949293268,主线期
2025-03-06,京泉华,14.90804334,挂涨停价排队·尾盘开缝成交,1356667100,20225251925,2025-03-07,尾盘14:50,14.21,没涨停→尾盘兑现,-947635632,29627151.2,-977262784,135212451348,主线期
2025-03-07,华塑控股,3.69,挂涨停价排队·尾盘开缝成交,12214313500,45070816815,2025-03-10,尾盘14:50,3.62,没涨停→尾盘兑现,-855001945,66964973.8,-921966919,84245602477,妖股期
2025-03-07,宇晶股份,16.2607572,挂涨停价排队·尾盘开缝成交,1847835900,30047210915,2025-03-10,尾盘14:50,16.65,没涨停→尾盘兑现,712019216,45604830.8,666414385,114981763186,妖股期
2025-03-07,创新新材,4.09042088,挂涨停价排队·尾盘开缝成交,4897167000,20031474150,2025-03-10,尾盘14:50,4.23,没涨停→尾盘兑现,703681762,30574972.5,673106789,135701367730,妖股期
2025-03-10,沈阳机床,7.69,挂涨停价排队·尾盘开缝成交,5882157200,45233788868,2025-03-11,尾盘14:50,7.5,没涨停→尾盘兑现,-1117609868,67012475.9,-1184622344,84290905141,妖股期
2025-03-10,先导基电,15.7534532,挂涨停价排队·尾盘开缝成交,1276158700,20103906356,2025-03-11,尾盘14:50,16.13,没涨停→尾盘兑现,483511672,30518493.3,452993179,104862882605,妖股期
2025-03-10,中毅达,4.43,挂涨停价排队·尾盘开缝成交,6807191700,30155859231,2025-03-12,次日早盘9:30,5.16,又涨停→隔夜后早盘兑现,4969249941,48960726.3,4920289215,81704492454,妖股期
2025-03-11,思进智能,15.14943822,挂涨停价排队·尾盘开缝成交,1538199700,23302861325,2025-03-12,尾盘14:50,15.04,没涨停→尾盘兑现,-174833901,34823166.6,-209657067,104815173858,妖股期
2025-03-11,明牌珠宝,5.38,挂涨停价排队·尾盘开缝成交,6497080700,34954294166,2025-03-13,次日早盘9:30,6.51,又涨停→隔夜后早盘兑现,7341701191,57937717.1,7283763474,88848796529,妖股期
2025-03-12,万里石,31.72,挂涨停价排队·尾盘开缝成交,1101462500,34938390500,2025-03-13,尾盘14:50,32.07,没涨停→尾盘兑现,385511875,52696719.7,332815155,124146205978,妖股期
2025-03-12,锐明技术,56.9344801,挂涨停价排队·尾盘开缝成交,409106400,23292260190,2025-03-13,尾盘14:50,53.29,没涨停→尾盘兑现,-1491974418,33819409.5,-1525793827,145930141535,妖股期
2025-03-13,海洋王,5.38032744,挂涨停价排队·尾盘开缝成交,9040970200,48643380051,2025-03-17,次日早盘9:30,6.51,又涨停→隔夜后早盘兑现,10222159576,80631689.8,10141527886,102059952304,平淡期
2025-03-14,酒鬼酒,50.86673172,挂涨停价排队·尾盘开缝成交,637527100,32428919960,2025-03-17,尾盘14:50,50.45,没涨停→尾盘兑现,-268782490,48441793.1,-317224283,134195969671,妖股期
2025-03-14,华特达因,24.2617752,挂涨停价排队·尾盘开缝成交,891084000,21619279692,2025-03-17,尾盘14:50,25.27,没涨停→尾盘兑现,895065720,33100218.8,861965501,156693429324,妖股期
2025-03-17,招商积余,11.36206056,挂涨停价排队·尾盘开缝成交,4596978000,52231142429,2025-03-18,尾盘14:50,11.58,没涨停→尾盘兑现,1007815668,79102575.4,928713092,99626712980,妖股期
2025-03-17,光洋股份,12.56,挂涨停价排队·尾盘开缝成交,2772353600,34820761216,2025-03-18,尾盘14:50,12.78,没涨停→尾盘兑现,609917792,52688580.2,557229212,135030818979,妖股期
2025-03-17,西藏药业,37.22927494,挂涨停价排队·尾盘开缝成交,623537300,23213841577,2025-03-18,次日早盘9:30,36.73,又涨停→隔夜后早盘兑现,-311240476,34587332.0,-345827809,157916243129,妖股期
2025-03-18,登云股份,16.90154067,挂涨停价排队·尾盘开缝成交,3114434800,52638746436,2025-03-19,尾盘14:50,18.09,没涨停→尾盘兑现,3699947328,81733080.2,3618214248,126481438072,妖股期
2025-03-18,法兰泰克,6.87604332,挂涨停价排队·尾盘开缝成交,5103588900,35092498364,2025-03-19,尾盘14:50,6.86,没涨停→尾盘兑现,-74903945,52582569.6,-127486515,161472769295,妖股期
2025-03-19,嘉泽新能,3.6751253,挂涨停价排队·尾盘开缝成交,14645556800,53824256328,2025-03-20,尾盘14:50,3.84,没涨停→尾盘兑现,2376655474,82518876.1,2294136598,163807274085,妖股期
2025-03-20,今飞凯达,5.53445783,挂涨停价排队·尾盘开缝成交,9865903100,54602424662,2025-03-21,尾盘14:50,5.45,没涨停→尾盘兑现,-784235902,81315460.1,-865551362,102313314629,妖股期
2025-03-20,保变电气,8.55,挂涨停价排队·尾盘开缝成交,2838332600,24267743730,2025-03-21,尾盘14:50,8.2,没涨停→尾盘兑现,-993416410,35656553.3,-1029072963,125570186203,妖股期
2025-03-20,振华重工,4.3465386,挂涨停价排队·尾盘开缝成交,8374851700,36401616183,2025-03-24,次日早盘9:30,5.26,又涨停→隔夜后早盘兑现,7654925998,60343618.8,7594582380,99832471598,妖股期
2025-03-21,直真科技,38.78157468,挂涨停价排队·尾盘开缝成交,1079294200,41856728619,2025-03-24,尾盘14:50,37.34,没涨停→尾盘兑现,-1560613435,61614632.9,-1622228068,140098364696,妖股期
2025-03-21,中信重工,5.19236166,挂涨停价排队·尾盘开缝成交,5374141400,27904485761,2025-03-25,次日早盘9:30,5.41,又涨停→隔夜后早盘兑现,1167107769,42732059.5,1124375710,91315730937,妖股期
2025-03-24,湖北宜化,14.23282608,挂涨停价排队·尾盘开缝成交,3281109000,46699453747,2025-03-25,尾盘14:50,15.09,没涨停→尾盘兑现,2819709215,72163962.5,2747545253,140797754527,妖股期
2025-03-24,峨眉山A,14.46577405,挂涨停价排队·尾盘开缝成交,2152181400,31132969847,2025-03-25,尾盘14:50,15.09,没涨停→尾盘兑现,1344613316,47707914.8,1296905401,173250979502,妖股期
2025-03-25,山东海化,6.45,挂涨停价排队·尾盘开缝成交,8953538900,57750325905,2025-03-26,尾盘14:50,6.57,没涨停→尾盘兑现,1074424668,87431307.4,986993361,110114255936,妖股期
2025-03-25,鲁北化工,8.69672983,挂涨停价排队·尾盘开缝成交,2951317600,25666811810,2025-03-26,尾盘14:50,8.95,没涨停→尾盘兑现,757476853,39068325.4,718408527,136518726382,妖股期
2025-03-25,百利电气,4.83108985,挂涨停价排队·尾盘开缝成交,7969261400,38500217862,2025-03-27,次日早盘9:30,5.33,又涨停→隔夜后早盘兑现,3969094625,60727147.8,3908367477,103112450504,妖股期
2025-03-26,华东数控,9.53,挂涨停价排队·尾盘开缝成交,4775051600,45506241748,2025-03-27,尾盘14:50,9.39,没涨停→尾盘兑现,-668507224,67757982.2,-736265206,147916556727,妖股期
2025-03-26,隆基机械,8.34756112,挂涨停价排队·尾盘开缝成交,3634294400,30337494632,2025-03-27,尾盘14:50,7.95,没涨停→尾盘兑现,-1461618425,44410028.1,-1506028453,176770776026,妖股期
2025-03-27,国风新材,5.69,挂涨停价排队·尾盘开缝成交,10355640000,58923591600,2025-03-28,尾盘14:50,5.51,没涨停→尾盘兑现,-1864015200,86987376.0,-1951002576,109393308634,恐慌期
2025-03-27,西陇科学,8.34,挂涨停价排队·尾盘开缝成交,3140079500,26188263030,2025-03-28,尾盘14:50,8.12,没涨停→尾盘兑现,-690817490,38764281.4,-729581771,134871631090,恐慌期
2025-03-27,中哲精化,5.6,挂涨停价排队·尾盘开缝成交,7014713300,39282394480,2025-03-31,次日早盘9:30,6.16,又涨停→隔夜后早盘兑现,3928239448,61869771.3,3866369677,178049857043,恐慌期
2025-04-01,银星能源,5.32,挂涨停价排队·尾盘开缝成交,11156006000,59349951920,2025-04-02,尾盘14:50,5.29,没涨停→尾盘兑现,-334680180,88773917.7,-423454098,111726524789,平淡期
2025-04-01,誉衡药业,2.67,挂涨停价排队·尾盘开缝成交,14818964400,39566634948,2025-04-02,尾盘14:50,2.62,没涨停→尾盘兑现,-740948220,58794241.3,-799742461,150523092252,平淡期
2025-04-01,明星电力,11.731716,挂涨停价排队·尾盘开缝成交,2248414100,26377755672,2025-04-02,尾盘14:50,11.51,没涨停→尾盘兑现,-505573650,39187453.3,-544761104,176375870137,平淡期
2025-04-02,万向钱潮,7.1980112,挂涨停价排队·尾盘开缝成交,8167805600,58791956188,2025-04-03,尾盘14:50,7.46,没涨停→尾盘兑现,2130715191,89785970.7,2040929220,178460893324,平淡期
2025-04-03,青岛双星,4.8,挂涨停价排队·尾盘开缝成交,12393117500,59486964000,2025-04-07,尾盘14:50,4.74,没涨停→尾盘兑现,-743587050,88672755.7,-832259806,111576621876,妖股期
2025-04-03,青岛金王,5.86,挂涨停价排队·尾盘开缝成交,6767572700,39657976022,2025-04-07,尾盘14:50,5.62,没涨停→尾盘兑现,-1624217448,58268800.9,-1682486249,149581855131,妖股期
2025-04-03,浙江新能,8.4154505,挂涨停价排队·尾盘开缝成交,3141679800,26438650844,2025-04-07,尾盘14:50,8.84,没涨停→尾盘兑现,1337484690,40661089.8,1296823600,177337158562,妖股期
2025-04-07,卫光生物,30.06647613,挂涨停价排队·尾盘开缝成交,1310704200,39408256543,2025-04-08,尾盘14:50,32.52,没涨停→尾盘兑现,3216209728,61524542.1,3154685186,95136842378,恐慌期
2025-04-07,国投丰乐,8.00206674,挂涨停价排队·尾盘开缝成交,7387139800,59112385697,2025-04-09,次日早盘9:30,9.22,又涨停→隔夜后早盘兑现,9009694474,95425849.4,8914268625,131495550222,恐慌期
2025-04-07,敦煌种业,6.35,挂涨停价排队·尾盘开缝成交,4137349900,26272171865,2025-04-09,次日早盘9:30,7.15,又涨停→隔夜后早盘兑现,3309879920,41890667.7,3267989252,161055415468,恐慌期
2025-04-08,ST西王,2.76,挂涨停价排队·尾盘开缝成交,11489956800,31712280768,2025-04-09,尾盘14:50,2.69,没涨停→尾盘兑现,-804296976,46965198.4,-851262174,191940218272,妖股期
2025-04-09,北部湾港,9.08944448,挂涨停价排队·尾盘开缝成交,7038942000,63980072507,2025-04-10,尾盘14:50,9.33,没涨停→尾盘兑现,1723601091,97262809.6,1626338282,122525571792,妖股期
2025-04-09,中锐股份,2.39,挂涨停价排队·尾盘开缝成交,17846603300,42653381887,2025-04-10,尾盘14:50,2.35,没涨停→尾盘兑现,-713864132,63444674.7,-777308807,164433634909,妖股期
2025-04-09,华东重机,5.53,挂涨停价排队·尾盘开缝成交,5142059300,28435587929,2025-04-10,尾盘14:50,5.72,没涨停→尾盘兑现,976991267,43386125.3,933605142,193824154670,妖股期
2025-04-10,中交发展,5.38,挂涨停价排队·尾盘开缝成交,12008931500,64608051470,2025-04-11,尾盘14:50,5.21,没涨停→尾盘兑现,-2041518355,95380938.4,-2136899293,119948988521,妖股期
2025-04-10,杰瑞股份,30.7684762,挂涨停价排队·尾盘开缝成交,933250300,28714689644,2025-04-11,尾盘14:50,30.16,没涨停→尾盘兑现,-571752670,42643220.0,-614395890,148070818292,妖股期
2025-04-10,泰慕士,16.9925308,挂涨停价排队·尾盘开缝成交,2534762700,43072033250,2025-04-14,次日早盘9:30,20.57,又涨停→隔夜后早盘兑现,9058702695,71402076.9,8987300618,117900892058,妖股期
2025-04-11,大港股份,14.43,挂涨停价排队·尾盘开缝成交,2280292800,32904625104,2025-04-14,尾盘14:50,14.76,没涨停→尾盘兑现,752496624,49921310.1,702575314,151532770945,妖股期
2025-04-11,盈方微,6.22,挂涨停价排队·尾盘开缝成交,7935199200,49356939024,2025-04-15,次日早盘9:30,7.09,又涨停→隔夜后早盘兑现,6903623304,79213126.0,6824410178,123566267009,妖股期
2025-04-14,大悦城,2.82,挂涨停价排队·尾盘开缝成交,17911675000,50510923500,2025-04-15,尾盘14:50,2.67,没涨停→尾盘兑现,-2686751250,73751321.8,-2760502572,171354571130,妖股期
2025-04-14,湖南黄金,18.908,挂涨停价排队·尾盘开缝成交,1780936500,33673947342,2025-04-15,尾盘14:50,19.14,没涨停→尾盘兑现,411396331,50819468.3,360576863,205414350795,妖股期
2025-04-15,建投能源,6.25385136,挂涨停价排队·尾盘开缝成交,10948685200,68471449828,2025-04-16,尾盘14:50,6.35,没涨停→尾盘兑现,1043772101,103490003.8,940282097,130326597679,妖股期
2025-04-15,赣能股份,9.723,挂涨停价排队·尾盘开缝成交,4694809500,45647632768,2025-04-16,次日早盘9:30,9.72,又涨停→隔夜后早盘兑现,0,68471449.2,-68471449,175939994723,妖股期
2025-04-15,兄弟科技,4.19607776,挂涨停价排队·尾盘开缝成交,7252429000,30431756033,2025-04-16,尾盘14:50,3.94,没涨停→尾盘兑现,-1848658077,44261140.5,-1892919217,204501655355,妖股期
2025-04-16,中关村,5.06461108,挂涨停价排队·尾盘开缝成交,13459516900,68167218423,2025-04-17,尾盘14:50,5.17,没涨停→尾盘兑现,1473161891,103355699.1,1369806192,130181233994,妖股期
2025-04-16,集泰股份,5.96516503,挂涨停价排队·尾盘开缝成交,5078910900,30296541691,2025-04-17,次日早盘9:30,5.76,又涨停→隔夜后早盘兑现,-1048150536,44658699.6,-1092809236,159407688856,妖股期
2025-04-16,桂发祥,11.9182449,挂涨停价排队·尾盘开缝成交,3813045600,45444811276,2025-04-18,次日早盘9:30,12.98,又涨停→隔夜后早盘兑现,4064170114,71215344.5,3992954770,120319711894,妖股期
2025-04-17,益佰制药,3.63,挂涨停价排队·尾盘开缝成交,9758658600,35423930718,2025-04-18,尾盘14:50,3.57,没涨停→尾盘兑现,-585519516,52696756.4,-638216272,155131994288,妖股期
2025-04-17,渝开发,4.07888747,挂涨停价排队·尾盘开缝成交,13027056100,53135895897,2025-04-21,次日早盘9:30,4.39,又涨停→隔夜后早盘兑现,4027415092,82724405.2,3944690687,126067991862,妖股期
2025-04-18,金融街,3.04,挂涨停价排队·尾盘开缝成交,17010087000,51710664480,2025-04-21,尾盘14:50,2.96,没涨停→尾盘兑现,-1360806960,76545391.5,-1437352352,176380086989,妖股期
2025-04-18,我爱我家,3.576,挂涨停价排队·尾盘开缝成交,9640317800,34473776453,2025-04-21,尾盘14:50,3.56,没涨停→尾盘兑现,-192806356,51566059.9,-244372416,210635346358,妖股期
2025-04-21,安妮股份,5.35,挂涨停价排队·尾盘开缝成交,13123697500,70211781625,2025-04-22,尾盘14:50,5.4,没涨停→尾盘兑现,656184875,105809811.1,550375064,133225291175,妖股期
2025-04-21,百亚股份,28.36066527,挂涨停价排队·尾盘开缝成交,1100299800,31205234324,2025-04-22,尾盘14:50,29.36,没涨停→尾盘兑现,1096029845,47629873.9,1048399971,165502329396,妖股期
2025-04-21,顺灏股份,3.321,挂涨停价排队·尾盘开缝成交,14094506100,46807854758,2025-04-23,次日早盘9:30,3.81,又涨停→隔夜后早盘兑现,6906307989,75391513.1,6830916476,127230468515,妖股期
2025-04-22,中通客车,11.222,挂涨停价排队·尾盘开缝成交,4916008100,55167442898,2025-04-23,尾盘14:50,11.26,没涨停→尾盘兑现,196640324,82898644.6,113741679,182553028674,妖股期
2025-04-22,众生药业,11.54941088,挂涨停价排队·尾盘开缝成交,3184430400,36778295108,2025-04-23,尾盘14:50,11.21,没涨停→尾盘兑现,-1087196224,54352045.5,-1141548269,218217359235,妖股期
2025-04-23,芯瑞达,17.9646991,挂涨停价排队·尾盘开缝成交,2699335300,48492746435,2025-04-24,尾盘14:50,17.31,没涨停→尾盘兑现,-1757173613,71421239.4,-1828594853,111357518515,妖股期
2025-04-23,长城科技,22.41660582,挂涨停价排队·尾盘开缝成交,1442167300,32328495891,2025-04-24,尾盘14:50,21.88,没涨停→尾盘兑现,-773471718,47912640.0,-821384358,142888876419,妖股期
2025-04-23,三维化学,8.38872628,挂涨停价排队·尾盘开缝成交,8671056500,72739119537,2025-04-25,次日早盘9:30,8.84,又涨停→隔夜后早盘兑现,3870817891,112011792.7,3758806098,140058652357,妖股期
2025-04-24,中广核技,7.32,挂涨停价排队·尾盘开缝成交,6506779400,47629625208,2025-04-25,尾盘14:50,7.37,没涨停→尾盘兑现,325338970,71688442.0,253650528,187977650312,妖股期
2025-04-24,凯莱英,72.19744491,挂涨停价排队·尾盘开缝成交,439808900,31753078829,2025-04-25,尾盘14:50,72.88,没涨停→尾盘兑现,301303446,47855595.8,253447850,220007991799,妖股期
2025-04-25,方大集团,4.25756885,挂涨停价排队·尾盘开缝成交,17224852900,73335997153,2025-04-28,尾盘14:50,4.08,没涨停→尾盘兑现,-3062756262,107706928.5,-3170463190,135408089687,妖股期
2025-04-25,长源电力,5.538,挂涨停价排队·尾盘开缝成交,5885477800,32593776056,2025-04-28,尾盘14:50,5.87,没涨停→尾盘兑现,1942207674,50347319.8,1891860354,169918171429,妖股期
2025-04-25,渝三峡A,5.64,挂涨停价排队·尾盘开缝成交,8668557600,48890664864,2025-04-29,次日早盘9:30,6.83,又涨停→隔夜后早盘兑现,10315583544,81072685.0,10234510859,134681031312,妖股期
2025-04-28,闽东电力,11.73911835,挂涨停价排队·尾盘开缝成交,4824841900,56639390084,2025-04-29,尾盘14:50,10.69,没涨停→尾盘兑现,-5071476769,81155477.5,-5152632247,186210268692,恐慌期
2025-04-28,三峡水利,7.42848628,挂涨停价排队·尾盘开缝成交,5083080500,37759593754,2025-04-29,尾盘14:50,6.98,没涨停→尾盘兑现,-2282445877,54927556.2,-2337373434,221660808709,恐慌期
2025-04-29,ST沈化,3.75,挂涨停价排队·尾盘开缝成交,19703182900,73886935875,2025-04-30,尾盘14:50,3.61,没涨停→尾盘兑现,-2758445606,108761569.6,-2867207176,136752421375,恐慌期
2025-04-29,闰土股份,7.017,挂涨停价排队·尾盘开缝成交,7019802900,49257956949,2025-04-30,尾盘14:50,6.62,没涨停→尾盘兑现,-2807921160,71780994.6,-2879702155,183167619637,恐慌期
2025-04-29,奥拓电子,5.61200157,挂涨停价排队·尾盘开缝成交,5851502000,32838638411,2025-04-30,尾盘14:50,5.63,没涨停→尾盘兑现,115832940,49344832.3,66488107,216097375134,恐慌期
2025-04-30,通鼎互联,4.61,挂涨停价排队·尾盘开缝成交,15625262100,72032458281,2025-05-06,尾盘14:50,4.94,没涨停→尾盘兑现,5156336493,111915939.8,5044420553,141159757290,妖股期
2025-04-30,大博医疗,36.0234336,挂涨停价排队·尾盘开缝成交,1333066600,48021636149,2025-05-06,次日早盘9:30,37.89,又涨停→隔夜后早盘兑现,2494630449,73903427.1,2420727022,191638136689,妖股期
2025-04-30,空港股份,9.34,挂涨停价排队·尾盘开缝成交,3427668800,32014426592,2025-05-06,尾盘14:50,9.5,没涨停→尾盘兑现,548427008,48432960.1,499994048,224176568148,妖股期
2025-05-06,豫能控股,4.63,挂涨停价排队·尾盘开缝成交,16139421700,74725522471,2025-05-07,尾盘14:50,4.56,没涨停→尾盘兑现,-1129759519,111240964.1,-1241000483,139963254052,妖股期
2025-05-06,莱宝高科,10.24053634,挂涨停价排队·尾盘开缝成交,4864688000,49817014247,2025-05-07,尾盘14:50,10.8,没涨停→尾盘兑现,2725114983,76769357.6,2648345625,192465976685,妖股期
2025-05-06,嘉事堂,12.845,挂涨停价排队·尾盘开缝成交,2585546400,33211343508,2025-05-08,次日早盘9:30,14.71,又涨停→隔夜后早盘兑现,4834971768,53443244.1,4781528524,123558216534,妖股期
2025-05-07,金浦钛业,2.35,挂涨停价排队·尾盘开缝成交,27300138500,64155325475,2025-05-08,尾盘14:50,2.43,没涨停→尾盘兑现,2184011080,97870996.5,2086140083,189847798586,妖股期
2025-05-07,宗申动力,23.47982884,挂涨停价排队·尾盘开缝成交,1821572700,42770215216,2025-05-08,尾盘14:50,24.3,没涨停→尾盘兑现,1501336430,65281325.1,1436055105,234086146569,妖股期
2025-05-08,沃尔核材,20.911,挂涨停价排队·尾盘开缝成交,3731467400,78028714801,2025-05-09,尾盘14:50,19.9,没涨停→尾盘兑现,-3768782074,114216485.6,-3882998560,143563096869,妖股期
2025-05-08,汉钟精机,18.1357803,挂涨停价排队·尾盘开缝成交,2868315700,52019143366,2025-05-09,尾盘14:50,18.45,没涨停→尾盘兑现,902066070,78705264.6,823360805,196444615398,妖股期
2025-05-08,银河电子,4.93,挂涨停价排队·尾盘开缝成交,7034367000,34679429310,2025-05-09,尾盘14:50,4.77,没涨停→尾盘兑现,-1125498720,51175019.9,-1176673740,229973380540,妖股期
2025-05-09,甘化科工,8.67,挂涨停价排队·尾盘开缝成交,8841729300,76657793031,2025-05-12,尾盘14:50,8.9,没涨停→尾盘兑现,2033597739,116511887.9,1917085851,180842764465,平淡期
2025-05-09,迎丰股份,6.26595775,挂涨停价排队·尾盘开缝成交,8156007000,51105195271,2025-05-13,次日早盘9:30,7.59,又涨停→隔夜后早盘兑现,10784403411,84746095.5,10699657316,142217743850,平淡期
2025-05-12,雷科防务,5.38,挂涨停价排队·尾盘开缝成交,11204632200,60280921236,2025-05-13,尾盘14:50,5.27,没涨停→尾盘兑现,-1232509542,89496999.7,-1322006542,201221869235,平淡期
2025-05-12,尚荣医疗,3.62052207,挂涨停价排队·尾盘开缝成交,11099858000,40187280863,2025-05-14,次日早盘9:30,4.38,又涨停→隔夜后早盘兑现,8413865966,66591320.8,8347274645,137996638086,平淡期
2025-05-13,协鑫集成,2.43,挂涨停价排队·尾盘开缝成交,27602451100,67073956173,2025-05-14,尾盘14:50,2.38,没涨停→尾盘兑现,-1380122555,99575842.3,-1479698397,203641201329,妖股期
2025-05-13,中化国际,4.08,挂涨停价排队·尾盘开缝成交,10959796800,44715970944,2025-05-14,尾盘14:50,4.03,没涨停→尾盘兑现,-547989840,66662964.0,-614652804,247776056447,妖股期
2025-05-14,锦龙股份,13.79,挂涨停价排队·尾盘开缝成交,5989268900,82592018131,2025-05-15,尾盘14:50,13.36,没涨停→尾盘兑现,-2575385627,121956488.0,-2697342115,153371749197,妖股期
2025-05-14,安纳达,10.33,挂涨停价排队·尾盘开缝成交,5330236700,55061345111,2025-05-15,尾盘14:50,10.05,没涨停→尾盘兑现,-1492466276,81472668.0,-1573938944,206900451373,妖股期
2025-05-14,红塔证券,8.1159996,挂涨停价排队·尾盘开缝成交,4522864200,36707564038,2025-05-15,尾盘14:50,8.15,没涨停→尾盘兑现,131883464,55160258.7,76723205,243712269289,妖股期
2025-05-15,福瑞达,7.96375237,挂涨停价排队·尾盘开缝成交,10200897600,81237422438,2025-05-16,尾盘14:50,8.27,没涨停→尾盘兑现,3105252892,124185073.3,2981067819,246754265175,妖股期
2025-05-16,亚太股份,12.45112131,挂涨停价排队·尾盘开缝成交,6605944900,82251421317,2025-05-19,尾盘14:50,13.08,没涨停→尾盘兑现,4167926338,126503076.7,4041423261,196023098027,妖股期
2025-05-16,杰克科技,41.1682422,挂涨停价排队·尾盘开缝成交,1331955800,54834278974,2025-05-19,尾盘14:50,40.18,没涨停→尾盘兑现,-1313941204,81265962.6,-1395207167,249503295544,妖股期
2025-05-19,盐田港,5.045,挂涨停价排队·尾盘开缝成交,16485186300,83167764884,2025-05-20,尾盘14:50,4.74,没涨停→尾盘兑现,-5110407753,120918841.5,-5231326595,151925716883,妖股期
2025-05-19,ST海泰,3.66,挂涨停价排队·尾盘开缝成交,10099303600,36963451176,2025-05-20,尾盘14:50,3.52,没涨停→尾盘兑现,-1413902504,54384749.9,-1468287254,187448603393,妖股期
2025-05-19,ST棕榈,2.18,挂涨停价排队·尾盘开缝成交,25433567300,55445176714,2025-05-21,次日早盘9:30,2.59,又涨停→隔夜后早盘兑现,10427762593,90988587.0,10336774006,149134026466,妖股期
2025-05-20,远望谷,5.942,挂涨停价排队·尾盘开缝成交,10515460700,62482867479,2025-05-21,尾盘14:50,5.74,没涨停→尾盘兑现,-2103092140,92146982.1,-2195239122,209468516974,妖股期
2025-05-20,欧菲光,13.35,挂涨停价排队·尾盘开缝成交,3120243000,41655244050,2025-05-21,尾盘14:50,12.85,没涨停→尾盘兑现,-1560121500,61312775.0,-1621434275,249533568182,妖股期
2025-05-21,露笑科技,8.23,挂涨停价排队·尾盘开缝成交,10106665300,83177855419,2025-05-22,尾盘14:50,8.02,没涨停→尾盘兑现,-2122399713,123174983.3,-2245574696,154930536885,妖股期
2025-05-21,浙江建投,9.61624356,挂涨停价排队·尾盘开缝成交,5766482900,55451904051,2025-05-22,尾盘14:50,9.48,没涨停→尾盘兑现,-797049956,82580068.6,-879630024,209544399840,妖股期
2025-05-21,宝光股份,10.74802085,挂涨停价排队·尾盘开缝成交,3439511000,36967935942,2025-05-23,次日早盘9:30,12.74,又涨停→隔夜后早盘兑现,6848437903,60588232.3,6787849670,136914357917,妖股期
2025-05-22,国光电器,16.155,挂涨停价排队·尾盘开缝成交,2882415400,46565420787,2025-05-23,尾盘14:50,15.91,没涨停→尾盘兑现,-691779696,69329296.4,-761108992,182753593777,平淡期
2025-05-22,烽火电子,8.7,挂涨停价排队·尾盘开缝成交,8028521000,69848132700,2025-05-26,次日早盘9:30,9.6,又涨停→隔夜后早盘兑现,7225668900,110191450.7,7115477449,158239816814,平淡期
2025-05-23,沃特股份,20.23837269,挂涨停价排队·尾盘开缝成交,3010017900,60917864064,2025-05-26,尾盘14:50,20.6,没涨停→尾盘兑现,1078722630,92185838.1,986536792,220189906067,平淡期
2025-05-23,北特科技,47.0640027,挂涨停价排队·尾盘开缝成交,862908100,40611909148,2025-05-26,尾盘14:50,46.39,没涨停→尾盘兑现,-585210812,60478955.6,-645689768,260186584380,平淡期
2025-05-26,深纺织A,11.011,挂涨停价排队·尾盘开缝成交,7876565300,86728860518,2025-05-27,次日早盘9:30,10.9,又涨停→隔夜后早盘兑现,-866422183,129443474.1,-995865657,162890364320,妖股期
2025-05-26,中核科技,19.593,挂涨停价排队·尾盘开缝成交,2951015200,57819240814,2025-05-27,尾盘14:50,20.12,没涨停→尾盘兑现,1564038056,87901889.8,1476136166,222229105731,妖股期
2025-05-26,诺普信,10.51548445,挂涨停价排队·尾盘开缝成交,3665657100,38546160234,2025-05-28,次日早盘9:30,12.01,又涨停→隔夜后早盘兑现,5467296590,61919712.8,5405376877,142748938524,妖股期
2025-05-27,利尔化学,11.20132195,挂涨停价排队·尾盘开缝成交,6613180900,74076368374,2025-05-28,尾盘14:50,11.7,没涨停→尾盘兑现,3329274983,113611508.8,3215663474,220096527649,妖股期
2025-05-27,泉阳泉,8.04,挂涨停价排队·尾盘开缝成交,6142319100,49384245564,2025-05-28,尾盘14:50,8.04,没涨停→尾盘兑现,0,74076368.3,-74076368,269443735028,妖股期
2025-05-28,千红制药,6.805,挂涨停价排队·尾盘开缝成交,8798881000,59876385205,2025-05-29,尾盘14:50,7.03,没涨停→尾盘兑现,1997345987,91312587.3,1906033400,181580097560,妖股期
2025-05-28,*ST启环,2.07,挂涨停价排队·尾盘开缝成交,43388685100,89814578157,2025-05-30,次日早盘9:30,2.51,又涨停→隔夜后早盘兑现,19091021444,149040133.3,18941981311,189526187346,妖股期
2025-05-29,深南电A,9.43263222,挂涨停价排队·尾盘开缝成交,6416734700,60526698478,2025-05-30,尾盘14:50,9.26,没涨停→尾盘兑现,-1087689085,89974280.9,-1177663366,248920617483,妖股期
2025-05-29,华菱线缆,11.503,挂涨停价排队·尾盘开缝成交,3507879000,40351132137,2025-05-30,尾盘14:50,10.65,没涨停→尾盘兑现,-2974681392,58295687.2,-3032977079,286269035890,妖股期
2025-05-30,ST万邦,6.26,挂涨停价排队·尾盘开缝成交,15243292600,95423011676,2025-06-04,次日早盘9:30,7.57,又涨停→隔夜后早盘兑现,19968713306,158111052.5,19810602254,200125636690,平淡期
2025-06-03,佛慈制药,9.22295074,挂涨停价排队·尾盘开缝成交,4598336100,42410227336,2025-06-04,尾盘14:50,9.34,没涨停→尾盘兑现,549592579,64027535.4,485565043,243053236740,妖股期
2025-06-03,九芝堂,9.053,挂涨停价排队·尾盘开缝成交,7026990100,63615341375,2025-06-05,次日早盘9:30,9.98,又涨停→隔夜后早盘兑现,6535100793,100324337.7,6434776455,178121490545,妖股期
2025-06-04,桂林三金,15.57293724,挂涨停价排队·尾盘开缝成交,5202470400,81017745032,2025-06-05,尾盘14:50,15.21,没涨停→尾盘兑现,-1907480986,120096006.8,-2027576993,257172421893,妖股期
2025-06-04,哈尔斯,8.01,挂涨停价排队·尾盘开缝成交,6743050000,54011830500,2025-06-05,尾盘14:50,7.7,没涨停→尾盘兑现,-2090345500,79449986.6,-2169795487,309054965779,妖股期
2025-06-05,冰山冷热,5.93486776,挂涨停价排队·尾盘开缝成交,17358149500,103018321841,2025-06-06,尾盘14:50,6.05,没涨停→尾盘兑现,2046721626,156062524.0,1890659102,196558088100,妖股期
2025-06-05,德明利,87.46034044,挂涨停价排队·尾盘开缝成交,785257400,68678879537,2025-06-06,尾盘14:50,84.89,没涨停→尾盘兑现,-2017829862,101504946.9,-2119334809,263169141988,妖股期
2025-06-05,金智科技,10.46,挂涨停价排队·尾盘开缝成交,4377239100,45785920986,2025-06-06,尾盘14:50,9.79,没涨停→尾盘兑现,-2932750197,66479318.8,-2999229516,305990172899,妖股期
2025-06-06,大为股份,16.49,挂涨停价排队·尾盘开缝成交,6185368300,101996723267,2025-06-09,尾盘14:50,16.05,没涨停→尾盘兑现,-2721562052,150953913.4,-2872515965,189864460725,妖股期
2025-06-06,航天机电,7.22,挂涨停价排队·尾盘开缝成交,6278653400,45331877548,2025-06-09,次日早盘9:30,7.36,又涨停→隔夜后早盘兑现,879011476,68657074.9,810354401,236040691583,妖股期
2025-06-06,楚天龙,15.56822152,挂涨停价排队·尾盘开缝成交,4367731800,67997816202,2025-06-10,次日早盘9:30,17.93,又涨停→隔夜后早盘兑现,10300054316,109721765.0,10190332551,183146121528,妖股期
2025-06-09,东信和平,11.691,挂涨停价排队·尾盘开缝成交,6729982900,78680230084,2025-06-10,尾盘14:50,11.38,没涨停→尾盘兑现,-2086294699,116455624.1,-2202750323,259682611461,妖股期
2025-06-09,双鹭药业,7.7052474,挂涨停价排队·尾盘开缝成交,6807502000,52453487086,2025-06-10,尾盘14:50,7.57,没涨停→尾盘兑现,-948771084,77968652.3,-1026739737,311148698926,妖股期
2025-06-11,胜利精密,2.98,挂涨停价排队·尾盘开缝成交,34804105000,103716232900,2025-06-12,尾盘14:50,2.94,没涨停→尾盘兑现,-1392164200,154530226.2,-1546694426,194439533651,妖股期
2025-06-11,ST天际,8.49,挂涨停价排队·尾盘开缝成交,8144187900,69144155271,2025-06-12,尾盘14:50,8.22,没涨停→尾盘兑现,-2198930733,102067034.9,-2300997768,261334549271,妖股期
2025-06-11,康缘药业,16.32,挂涨停价排队·尾盘开缝成交,2824516100,46096102752,2025-06-12,尾盘14:50,17.24,没涨停→尾盘兑现,2598554812,71093070.2,2527461742,309992685842,妖股期
2025-06-12,国星光电,9.86000405,挂涨停价排队·尾盘开缝成交,10479802500,103330895093,2025-06-13,尾盘14:50,10.06,没涨停→尾盘兑现,2095918057,156568281.2,1939349776,197197429359,妖股期
2025-06-12,铭普光磁,20.69,挂涨停价排队·尾盘开缝成交,3329495500,68887261895,2025-06-13,尾盘14:50,19.93,没涨停→尾盘兑现,-2530416580,101433080.4,-2631849660,263504507040,妖股期
2025-06-12,浙江仙通,15.92707809,挂涨停价排队·尾盘开缝成交,2883444300,45924842534,2025-06-13,尾盘14:50,15.22,没涨停→尾盘兑现,-2044890948,67353595.6,-2112244543,307351548663,妖股期
2025-06-13,ST兴化,3.76,挂涨停价排队·尾盘开缝成交,27247477700,102450516152,2025-06-16,尾盘14:50,4.07,没涨停→尾盘兑现,8446718087,160010812.8,8286707274,201881187358,平淡期
2025-06-13,乐通股份,11.51,挂涨停价排队·尾盘开缝成交,5934000300,68300343453,2025-06-16,尾盘14:50,11.44,没涨停→尾盘兑现,-415380021,102138980.2,-517519001,269715237067,平淡期
2025-06-13,金瑞矿业,11.97132969,挂涨停价排队·尾盘开缝成交,3803551000,45533563014,2025-06-17,次日早盘9:30,12.51,又涨停→隔夜后早盘兑现,2043900584,69833270.0,1974067314,167415220183,平淡期
2025-06-16,古汉医药,10.19,挂涨停价排队·尾盘开缝成交,8822873300,89905078927,2025-06-17,次日早盘9:30,10.22,又涨停→隔夜后早盘兑现,264686199,135056133.0,129630066,257517357986,妖股期
2025-06-16,通化金马,27.61,挂涨停价排队·尾盘开缝成交,2170833700,59936718457,2025-06-17,尾盘14:50,26.32,没涨停→尾盘兑现,-2800375473,87804796.1,-2888180269,314610848712,妖股期
2025-06-17,红太阳,9.03,挂涨停价排队·尾盘开缝成交,7742361200,69913521636,2025-06-18,尾盘14:50,8.49,没涨停→尾盘兑现,-4180875048,101734626.2,-4282609674,158901376766,妖股期
2025-06-17,捷荣技术,18.43,挂涨停价排队·尾盘开缝成交,2528975300,46609014779,2025-06-18,尾盘14:50,19.06,没涨停→尾盘兑现,1593254439,71108463.0,1522145976,207067494283,妖股期
2025-06-17,深华发A,13.78,挂涨停价排队·尾盘开缝成交,7610325300,104870282634,2025-06-19,次日早盘9:30,15.92,又涨停→隔夜后早盘兑现,16286096142,169519996.1,16116576146,213095509764,妖股期
2025-06-18,正泰电源,11.715173,挂涨停价排队·尾盘开缝成交,5891718200,69022497980,2025-06-19,尾盘14:50,12.01,没涨停→尾盘兑现,1762276544,104855454.4,1657421090,283827195708,平淡期
2025-06-18,中京电子,9.01,挂涨停价排队·尾盘开缝成交,5107103000,46014998030,2025-06-20,次日早盘9:30,10.9,又涨停→隔夜后早盘兑现,9652424670,76261815.5,9576162854,181771093008,平淡期
2025-06-19,新叶股份,5.23,挂涨停价排队·尾盘开缝成交,12059791600,63072710068,2025-06-20,尾盘14:50,5.4,没涨停→尾盘兑现,2050164572,96146688.5,1954017883,246845125492,平淡期
2025-06-19,湘潭电化,11.055,挂涨停价排队·尾盘开缝成交,8558033900,94609064764,2025-06-23,次日早盘9:30,13.38,又涨停→隔夜后早盘兑现,19854638648,156804576.1,19697834072,224086801685,平淡期
2025-06-20,新亚强,9.68943455,挂涨停价排队·尾盘开缝成交,8491899900,82281708286,2025-06-24,次日早盘9:30,11.72,又涨停→隔夜后早盘兑现,17268294581,136373783.4,17131920798,248866541626,平淡期
2025-06-20,建业股份,18.86380028,挂涨停价排队·尾盘开缝成交,2907922600,54854471156,2025-06-24,次日早盘9:30,22.83,又涨停→隔夜后早盘兑现,11524753756,90925272.1,11433828484,315195982120,平淡期
2025-06-23,航天发展,7.96,挂涨停价排队·尾盘开缝成交,9383869400,74695600424,2025-06-24,次日早盘9:30,7.79,又涨停→隔夜后早盘兑现,-1595257798,110846957.3,-1706104755,388241499489,主线期
2025-06-24,*ST特迅,13.09,挂涨停价排队·尾盘开缝成交,9886465400,129413832086,2025-06-25,尾盘14:50,13.09,没涨停→尾盘兑现,0,194120748.1,-194120748,244351292259,主线期
2025-06-24,光迅科技,47.19,挂涨停价排队·尾盘开缝成交,1218844200,57517257798,2025-06-25,尾盘14:50,47.71,没涨停→尾盘兑现,633798984,86751235.9,547047748,302458735748,主线期
2025-06-24,大东南,2.82,挂涨停价排队·尾盘开缝成交,30594286900,86275889058,2025-06-26,次日早盘9:30,3.39,又涨停→隔夜后早盘兑现,17438743533,142492891.2,17296250642,238062952061,主线期
2025-06-25,软控股份,8.75622332,挂涨停价排队·尾盘开缝成交,11514048300,100819578232,2025-06-26,尾盘14:50,8.6,没涨停→尾盘兑现,-1824788746,149860775.8,-1974649522,336983495455,妖股期
2025-06-25,新宝股份,14.63276552,挂涨停价排队·尾盘开缝成交,4593325300,67213052072,2025-06-26,尾盘14:50,14.8,没涨停→尾盘兑现,753708368,101384859.4,652323508,404899280824,妖股期
2025-06-26,华媒控股,4.51,挂涨停价排队·尾盘开缝成交,29926037000,134966426870,2025-06-27,尾盘14:50,4.33,没涨停→尾盘兑现,-5386686660,198409625.3,-5585096285,249452713151,平淡期
2025-06-26,佛塑科技,7.268,挂涨停价排队·尾盘开缝成交,12379969400,89977617599,2025-06-27,尾盘14:50,7.02,没涨停→尾盘兑现,-3094992350,132645182.1,-3227637532,336270176432,平淡期
2025-06-26,延华智能,6.44,挂涨停价排队·尾盘开缝成交,9314453200,59985078608,2025-06-27,尾盘14:50,6.2,没涨停→尾盘兑现,-2235468768,88301016.3,-2323769784,393976474064,平淡期
2025-06-27,模塑科技,7.433,挂涨停价排队·尾盘开缝成交,17667898700,131325491037,2025-06-30,尾盘14:50,7.52,没涨停→尾盘兑现,1590110883,198180819.7,1391930063,249549686327,妖股期
2025-06-27,北方铜业,10.10275869,挂涨停价排队·尾盘开缝成交,8665982200,87550326978,2025-06-30,尾盘14:50,10.64,没涨停→尾盘兑现,4670483010,134828352.7,4535654658,341701330709,妖股期
2025-06-27,安凯客车,6.2,挂涨停价排队·尾盘开缝成交,9414013700,58366884940,2025-06-30,尾盘14:50,5.9,没涨停→尾盘兑现,-2824204110,85432174.3,-2909636284,397202354528,妖股期
2025-06-30,同洲电子,10.37,挂涨停价排队·尾盘开缝成交,12767674500,132400784565,2025-07-01,尾盘14:50,11.33,没涨停→尾盘兑现,12256967520,207793902.5,12049173618,262238845682,妖股期
2025-06-30,中远海科,17.202,挂涨停价排队·尾盘开缝成交,5131216700,88267189673,2025-07-01,尾盘14:50,16.58,没涨停→尾盘兑现,-3181354354,130014768.7,-3311369123,347260866625,妖股期
2025-06-30,恺英网络,19.211,挂涨停价排队·尾盘开缝成交,3063078100,58844793379,2025-07-01,尾盘14:50,19.88,没涨停→尾盘兑现,2052262327,89806386.8,1962455940,408112249539,妖股期
2025-07-01,丰原药业,6.66331897,挂涨停价排队·尾盘开缝成交,20415864300,136037415879,2025-07-02,尾盘14:50,6.72,没涨停→尾盘兑现,1202097931,204957697.3,997140234,258058733341,妖股期
2025-07-01,ST百灵,5.7,挂涨停价排队·尾盘开缝成交,15910808900,90691610730,2025-07-02,尾盘14:50,5.72,没涨停→尾盘兑现,318216178,136276078.2,181940100,349000302879,妖股期
2025-07-01,好利科技,15.3719258,挂涨停价排队·尾盘开缝成交,3933214000,60461073764,2025-07-02,尾盘14:50,15.85,没涨停→尾盘兑现,1884501000,92104986.4,1792396014,411299118462,妖股期
2025-07-02,中水渔业,8.16,挂涨停价排队·尾盘开缝成交,16801434500,137099705520,2025-07-03,尾盘14:50,7.85,没涨停→尾盘兑现,-5208444695,201743224.8,-5410187920,253658748487,妖股期
2025-07-02,首钢股份,3.82,挂涨停价排队·尾盘开缝成交,23926650300,91399804146,2025-07-03,尾盘14:50,3.81,没涨停→尾盘兑现,-239266503,136920256.3,-376186759,344750915727,妖股期
2025-07-02,獐子岛,4.28,挂涨停价排队·尾盘开缝成交,14236729600,60933202688,2025-07-03,尾盘14:50,4.1,没涨停→尾盘兑现,-2562611328,89477845.5,-2652089174,403077729144,妖股期
2025-07-03,汇绿生态,10.827,挂涨停价排队·尾盘开缝成交,12409646500,134359242656,2025-07-04,尾盘14:50,10.8,没涨停→尾盘兑现,-372289395,201259646.9,-573549042,253316902931,平淡期
2025-07-03,国脉科技,12.832,挂涨停价排队·尾盘开缝成交,6980426100,89572827715,2025-07-04,尾盘14:50,13.25,没涨停→尾盘兑现,2931778962,136558075.8,2795220886,345752131153,平淡期
2025-07-03,金安国纪,10.28462709,挂涨停价排队·尾盘开缝成交,5806260000,59715218888,2025-07-07,次日早盘9:30,11.2,又涨停→隔夜后早盘兑现,5328613131,93569288.2,5235043842,218662664263,平淡期
2025-07-04,京新药业,14.596,挂涨停价排队·尾盘开缝成交,7896047500,115250709310,2025-07-07,尾盘14:50,14.53,没涨停→尾盘兑现,-552723325,172461521.5,-725184846,333274626758,平淡期
2025-07-04,海正药业,10.4401524,挂涨停价排队·尾盘开缝成交,7359452600,76833806725,2025-07-07,尾盘14:50,10.54,没涨停→尾盘兑现,721444195,115791793.2,605652401,410771711239,平淡期
2025-07-07,普利特,11.396,挂涨停价排队·尾盘开缝成交,12015084500,136923902962,2025-07-08,尾盘14:50,11.46,没涨停→尾盘兑现,720905070,205926533.2,514978537,259251712998,妖股期
2025-07-07,双象股份,18.97709192,挂涨停价排队·尾盘开缝成交,4810147000,91282601768,2025-07-08,尾盘14:50,19.05,没涨停→尾盘兑现,331420235,137172467.8,194247767,350797024484,妖股期
2025-07-07,正川股份,19.8538124,挂涨停价排队·尾盘开缝成交,3065157800,60855067938,2025-07-08,尾盘14:50,20.03,没涨停→尾盘兑现,544429037,91690923.7,452738114,412150471836,妖股期
2025-07-08,濮耐股份,5.821,挂涨停价排队·尾盘开缝成交,15734237000,91588993577,2025-07-09,尾盘14:50,5.8,没涨停→尾盘兑现,-314684740,137147476.8,-451832217,213324513323,妖股期
2025-07-08,钧达股份,42.69,挂涨停价排队·尾盘开缝成交,1430295800,61059327702,2025-07-09,尾盘14:50,43.28,没涨停→尾盘兑现,843874522,92221897.4,751652625,275181288145,妖股期
2025-07-08,拓日新能,3.71000064,挂涨停价排队·尾盘开缝成交,37030584000,137383490340,2025-07-10,次日早盘9:30,4.27,又涨停→隔夜后早盘兑现,20737103340,221628063.0,20515475277,280304798470,妖股期
2025-07-09,金开新能,5.86777569,挂涨停价排队·尾盘开缝成交,15632345300,91727095729,2025-07-10,尾盘14:50,5.68,没涨停→尾盘兑现,-2919287804,135401177.7,-3054688982,369046000539,妖股期
2025-07-09,国晟科技,4.13,挂涨停价排队·尾盘开缝成交,14806633700,61151397181,2025-07-11,次日早盘9:30,4.86,又涨停→隔夜后早盘兑现,10808842601,99833727.7,10709008873,235926714427,妖股期
2025-07-10,英力特,9.93,挂涨停价排队·尾盘开缝成交,12388251100,123015333423,2025-07-11,尾盘14:50,9.57,没涨停→尾盘兑现,-4459770396,181178172.3,-4640948568,354393360782,妖股期
2025-07-10,沃华医药,6.137,挂涨停价排队·尾盘开缝成交,13363243000,82010222291,2025-07-11,尾盘14:50,6.4,没涨停→尾盘兑现,3474443180,125621165.8,3348822014,439813912754,妖股期
2025-07-11,中新赛克,25.6119944,挂涨停价排队·尾盘开缝成交,3816041200,97736425845,2025-07-14,次日早盘9:30,26.85,又涨停→隔夜后早盘兑现,4721928549,150146085.2,4571782464,232696745839,平淡期
2025-07-11,中大力德,61.33979136,挂涨停价排队·尾盘开缝成交,2390041300,146604634684,2025-07-15,次日早盘9:30,69.89,又涨停→隔夜后早盘兑现,20425385301,235225991.0,20190159310,322035912003,平淡期
2025-07-11,卧龙新能,6.86,挂涨停价排队·尾盘开缝成交,9498194900,65157617014,2025-07-15,次日早盘9:30,7.26,又涨停→隔夜后早盘兑现,3799277960,100585884.0,3698692076,390941089305,平淡期
2025-07-14,潍柴重机,26.727,挂涨停价排队·尾盘开缝成交,2902143200,77565581306,2025-07-16,次日早盘9:30,31.75,又涨停→隔夜后早盘兑现,14591976010,127292354.0,14464683656,265840034811,妖股期
2025-07-15,云鼎科技,12.34,挂涨停价排队·尾盘开缝成交,10560267100,130313696014,2025-07-16,尾盘14:50,12.18,没涨停→尾盘兑现,-1689642736,194203312.0,-1883846048,394367620049,妖股期
2025-07-15,广宇集团,3.371,挂涨停价排队·尾盘开缝成交,25771521100,86875797628,2025-07-16,尾盘14:50,3.14,没涨停→尾盘兑现,-5927449853,125868109.1,-6053317962,475255256564,妖股期
2025-07-16,丽珠集团,41.04,挂涨停价排队·尾盘开缝成交,3860097900,158418417816,2025-07-17,尾盘14:50,40.83,没涨停→尾盘兑现,-810620559,237019661.3,-1047640220,298305965061,妖股期
2025-07-16,东港股份,12.11439301,挂涨停价排队·尾盘开缝成交,5811945000,70408185883,2025-07-17,尾盘14:50,11.97,没涨停→尾盘兑现,-846930865,104977080.7,-951907945,367815049138,妖股期
2025-07-16,浙江震元,9.59,挂涨停价排队·尾盘开缝成交,11012750700,105612279213,2025-07-18,次日早盘9:30,11.61,又涨停→隔夜后早盘兑现,22245756414,175102736.1,22070653678,291235499456,妖股期
2025-07-17,智微智能,41.78925322,挂涨停价排队·尾盘开缝成交,2933888600,122605013625,2025-07-18,尾盘14:50,42.8,没涨停→尾盘兑现,2955696869,186124293.1,2769572576,416702039417,平淡期
2025-07-17,沧州大化,12.4808124,挂涨停价排队·尾盘开缝成交,6548987000,81736678157,2025-07-21,次日早盘9:30,14.28,又涨停→隔夜后早盘兑现,11770082404,131432579.0,11638649825,278637538276,平淡期
2025-07-18,锌业股份,3.5231871,挂涨停价排队·尾盘开缝成交,39424724200,138900679722,2025-07-21,尾盘14:50,3.5,没涨停→尾盘兑现,-786972690,207760790.1,-994733480,416647660029,妖股期
2025-07-18,国机通用,18.7206367,挂涨停价排队·尾盘开缝成交,4946437100,92600451909,2025-07-22,次日早盘9:30,22.1,又涨停→隔夜后早盘兑现,16712778309,151435261.6,16561343047,294407984990,妖股期
2025-07-21,许继电气,23.451,挂涨停价排队·尾盘开缝成交,5922244300,138882551079,2025-07-22,尾盘14:50,24.35,没涨停→尾盘兑现,5330019870,212321341.5,5117698528,438512396511,主线期
2025-07-21,金隅冀东,5.117091,挂涨停价排队·尾盘开缝成交,18093946200,92588369255,2025-07-22,尾盘14:50,5.46,没涨停→尾盘兑现,6172557950,143511972.3,6029045978,537199253020,主线期
2025-07-22,柳工,11.644,挂涨停价排队·尾盘开缝成交,15378428100,179066416796,2025-07-23,尾盘14:50,11.34,没涨停→尾盘兑现,-4613528430,265139478.9,-4878667909,333492199727,平淡期
2025-07-22,中钨高新,15.22084284,挂涨停价排队·尾盘开缝成交,7843035500,119377610734,2025-07-23,尾盘14:50,16.14,没涨停→尾盘兑现,7197077449,184464224.2,7012613225,459971956895,平淡期
2025-07-22,佳电股份,10.6750209,挂涨停价排队·尾盘开缝成交,7455261700,79585074462,2025-07-23,尾盘14:50,10.52,没涨停→尾盘兑现,-1172183267,118498474.2,-1290681742,538326038421,平淡期
2025-07-23,北玻股份,4.41,挂涨停价排队·尾盘开缝成交,27126532500,119628008325,2025-07-24,尾盘14:50,4.42,没涨停→尾盘兑现,271265325,179645461.5,91619864,279313361245,妖股期
2025-07-23,湖南海利,7.84,挂涨停价排队·尾盘开缝成交,10172449700,79752005648,2025-07-24,尾盘14:50,8.22,没涨停→尾盘兑现,3865530886,122527156.6,3743003729,362868184627,妖股期
2025-07-23,拓山重工,35.53,挂涨停价排队·尾盘开缝成交,5050436600,179442012398,2025-07-25,次日早盘9:30,42.99,又涨停→隔夜后早盘兑现,37676257036,297420211.4,37378836825,378230180477,妖股期
2025-07-24,西藏矿业,24.04,挂涨停价排队·尾盘开缝成交,5031450100,120956060404,2025-07-25,尾盘14:50,23.38,没涨停→尾盘兑现,-3320757066,178943522.8,-3499700589,495777257337,平淡期
2025-07-24,达安基因,7.18,挂涨停价排队·尾盘开缝成交,11230832100,80637374478,2025-07-25,尾盘14:50,7.11,没涨停→尾盘兑现,-786158247,120366443.0,-906524690,575568585156,平淡期
2025-07-25,汉王科技,25.14,挂涨停价排队·尾盘开缝成交,7631511300,191856194082,2025-07-28,尾盘14:50,25.99,没涨停→尾盘兑现,6486784605,292649379.6,6194135225,368733063721,妖股期
2025-07-25,齐翔腾达,5.38,挂涨停价排队·尾盘开缝成交,23774001900,127904130222,2025-07-28,尾盘14:50,5.34,没涨停→尾盘兑现,-950960076,191142975.3,-1142103051,495591018989,妖股期
2025-07-25,泰嘉股份,22.61,挂涨停价排队·尾盘开缝成交,3771314400,85269418584,2025-07-28,尾盘14:50,22.64,没涨停→尾盘兑现,113139432,127988982.5,-14849550,580909540087,妖股期
2025-07-28,山推股份,10.896,挂涨停价排队·尾盘开缝成交,17771339300,193636513013,2025-07-29,尾盘14:50,10.58,没涨停→尾盘兑现,-5686828576,286189648.1,-5973018224,359930068306,平淡期
2025-07-28,世嘉科技,12.67,挂涨停价排队·尾盘开缝成交,6792476100,86060672187,2025-07-29,尾盘14:50,12.78,没涨停→尾盘兑现,747172371,129651387.6,617520983,446672806980,平淡期
2025-07-28,华瓷股份,15.012,挂涨停价排队·尾盘开缝成交,8599187900,129091008755,2025-07-30,次日早盘9:30,18.24,又涨停→隔夜后早盘兑现,27775376917,214468045.8,27560908871,355269984946,平淡期
2025-07-29,奥翔药业,10.46714752,挂涨停价排队·尾盘开缝成交,14224595100,148890935324,2025-07-30,尾盘14:50,10.48,没涨停→尾盘兑现,141262747,223442350.0,-82179603,504190408869,平淡期
2025-07-29,九洲药业,19.31891136,挂涨停价排队·尾盘开缝成交,5138002900,99260622593,2025-07-30,尾盘14:50,18.58,没涨停→尾盘兑现,-3782798117,146053835.3,-3928851952,599596624976,平淡期
2025-07-30,东诚药业,17.4953152,挂涨停价排队·尾盘开缝成交,7615964200,133243694231,2025-07-31,尾盘14:50,16.8,没涨停→尾盘兑现,-5299465111,195890942.5,-5495356054,305506532893,妖股期
2025-07-30,德展健康,4.41,挂涨停价排队·尾盘开缝成交,45320984500,199865541645,2025-08-01,次日早盘9:30,4.83,又涨停→隔夜后早盘兑现,19034813490,314074422.6,18720739067,422407202698,妖股期
2025-07-30,英维克,28.0631631,挂涨停价排队·尾盘开缝成交,3165328400,88829127154,2025-08-01,次日早盘9:30,31.46,又涨停→隔夜后早盘兑现,10766430459,141318513.6,10625111946,521928063643,妖股期
2025-07-31,航天晨光,23.77,挂涨停价排队·尾盘开缝成交,4284203200,101835510064,2025-08-01,尾盘14:50,23.18,没涨停→尾盘兑现,-2527679888,150857505.2,-2678537393,621161412947,平淡期
2025-08-01,新天药业,11.91995792,挂涨停价排队·尾盘开缝成交,11580231300,138035869800,2025-08-04,尾盘14:50,12.26,没涨停→尾盘兑现,3924096633,209996877.2,3714099756,325901323717,平淡期
2025-08-01,太龙药业,6.8099405,挂涨停价排队·尾盘开缝成交,13513174300,92023912949,2025-08-04,尾盘14:50,6.65,没涨停→尾盘兑现,-2158918779,136416680.3,-2295335459,415698919142,平淡期
2025-08-01,万泽股份,15.693,挂涨停价排队·尾盘开缝成交,13194023000,207053802939,2025-08-05,次日早盘9:30,17.55,又涨停→隔夜后早盘兑现,24540882780,328986366.5,24211896414,416176066519,平淡期
2025-08-04,天奇股份,17.369482,挂涨停价排队·尾盘开缝成交,7977572700,138566305416,2025-08-05,尾盘14:50,17.23,没涨停→尾盘兑现,-1113621283,207014242.2,-1320635526,553525661139,平淡期
2025-08-04,山东威达,13.45795275,挂涨停价排队·尾盘开缝成交,6864159700,92377536911,2025-08-05,尾盘14:50,13.35,没涨停→尾盘兑现,-751036885,138003027.7,-889039913,645083441289,平淡期
2025-08-05,众泰汽车,2.23,挂涨停价排队·尾盘开缝成交,64283352400,143351875852,2025-08-06,尾盘14:50,2.28,没涨停→尾盘兑现,3214167620,217438439.5,2996729181,337591954140,妖股期
2025-08-05,永和智控,6.55,挂涨停价排队·尾盘开缝成交,14590521700,95567917135,2025-08-06,尾盘14:50,6.17,没涨停→尾盘兑现,-5544398246,139193577.0,-5683591823,427547955390,妖股期
2025-08-05,航天科技,14.62163164,挂涨停价排队·尾盘开缝成交,14706143500,215027813102,2025-08-07,次日早盘9:30,16.24,又涨停→隔夜后早盘兑现,23810325169,340399463.5,23469925706,428680324942,妖股期
2025-08-06,柘中股份,15.895,挂涨停价排队·尾盘开缝成交,5977392600,95010655377,2025-08-07,尾盘14:50,16.7,没涨停→尾盘兑现,4841688006,146147249.1,4695540757,528457779067,平淡期
2025-08-06,华纬科技,22.74,挂涨停价排队·尾盘开缝成交,6267193700,142515984738,2025-08-08,次日早盘9:30,25.53,又涨停→隔夜后早盘兑现,17485470423,226888079.9,17258582343,394751578417,平淡期
2025-08-07,特发信息,8.56,挂涨停价排队·尾盘开缝成交,20578573900,176152592584,2025-08-08,尾盘14:50,8.23,没涨停→尾盘兑现,-6790929387,259135691.8,-7050065079,563986220367,平淡期
2025-08-07,华映科技,5.24,挂涨停价排队·尾盘开缝成交,22411271400,117435062136,2025-08-08,尾盘14:50,5.0,没涨停→尾盘兑现,-5378705136,172118564.4,-5550823700,675958535099,平淡期
2025-08-08,上海沪工,21.62,挂涨停价排队·尾盘开缝成交,6947872700,150213007774,2025-08-11,尾盘14:50,22.37,没涨停→尾盘兑现,5210904525,229227690.1,4981676835,355591358136,妖股期
2025-08-08,美湖股份,32.57910118,挂涨停价排队·尾盘开缝成交,3073811100,100142002835,2025-08-11,尾盘14:50,34.09,没涨停→尾盘兑现,4629957878,153685472.7,4476272405,460284739878,妖股期
2025-08-08,新疆交建,13.52048716,挂涨停价排队·尾盘开缝成交,16665043800,225319510719,2025-08-12,次日早盘9:30,16.36,又涨停→隔夜后早盘兑现,47315465683,373465865.3,46941999818,477001497128,妖股期
2025-08-11,大族激光,33.68,挂涨停价排队·尾盘开缝成交,3036980300,102285496504,2025-08-12,尾盘14:50,34.56,没涨停→尾盘兑现,2672542664,155432651.8,2517110012,581880817767,妖股期
2025-08-11,深物业A,9.53454172,挂涨停价排队·尾盘开缝成交,16091832300,153428246416,2025-08-13,次日早盘9:30,11.01,又涨停→隔夜后早盘兑现,23752490031,247956737.1,23504533294,435661548244,妖股期
2025-08-12,深振业A,7.46,挂涨停价排队·尾盘开缝成交,26000036500,193960272290,2025-08-13,尾盘14:50,7.43,没涨停→尾盘兑现,-780001095,290355407.6,-1070356503,628696934236,妖股期
2025-08-12,合百集团,6.215,挂涨停价排队·尾盘开缝成交,20805607100,129306848126,2025-08-14,次日早盘9:30,6.79,又涨停→隔夜后早盘兑现,12067252118,203010711.3,11864241407,420688930972,妖股期
2025-08-13,东方钽业,19.449,挂涨停价排队·尾盘开缝成交,10775137200,209565643403,2025-08-14,尾盘14:50,19.68,没涨停→尾盘兑现,2478281556,316207176.3,2162074380,632573822987,平淡期
2025-08-13,大洋电机,7.555,挂涨停价排队·尾盘开缝成交,18492446000,139710429530,2025-08-14,尾盘14:50,7.54,没涨停→尾盘兑现,-184924460,209426951.0,-394351411,771994683929,平淡期
2025-08-14,伟隆股份,12.61719459,挂涨停价排队·尾盘开缝成交,13596871500,171554373531,2025-08-15,尾盘14:50,13.76,没涨停→尾盘兑现,15595852139,269028449.4,15326823690,415749031191,妖股期
2025-08-14,如通股份,19.5310912,挂涨停价排队·尾盘开缝成交,5855770200,114369581822,2025-08-15,尾盘14:50,19.59,没涨停→尾盘兑现,345875751,171813779.5,174061972,530378452172,妖股期
2025-08-14,ST章鼓,11.87015375,挂涨停价排队·尾盘开缝成交,21678873400,257331560385,2025-08-18,次日早盘9:30,13.65,又涨停→隔夜后早盘兑现,38653122348,414987182.3,38238135166,531486451939,妖股期
2025-08-15,盾安环境,13.42986468,挂涨停价排队·尾盘开缝成交,13164154700,176792816248,2025-08-18,尾盘14:50,13.69,没涨停→尾盘兑现,3389832760,267731598.9,3122101161,711533963960,平淡期
2025-08-15,汉钟精机,19.40707701,挂涨停价排队·尾盘开缝成交,6073139100,117861878206,2025-08-19,次日早盘9:30,22.56,又涨停→隔夜后早盘兑现,19135363281,191144339.8,18944218941,453131811042,平淡期
2025-08-18,云南能投,11.65578264,挂涨停价排队·尾盘开缝成交,20348525300,237177987941,2025-08-19,尾盘14:50,11.53,没涨停→尾盘兑现,-2615194099,353805586.3,-2968999686,687518682789,平淡期
2025-08-18,宝武镁业,14.54,挂涨停价排队·尾盘开缝成交,10874735800,158118658532,2025-08-19,尾盘14:50,14.97,没涨停→尾盘兑现,4676136394,240685090.1,4435451304,850191381619,平淡期
2025-08-19,天润工业,6.725,挂涨停价排队·尾盘开缝成交,42140836700,283397126808,2025-08-20,尾盘14:50,6.67,没涨停→尾盘兑现,-2528450202,423199352.6,-2951649555,532566583165,妖股期
2025-08-19,中南文化,2.64,挂涨停价排队·尾盘开缝成交,71564931100,188931418104,2025-08-20,尾盘14:50,2.61,没涨停→尾盘兑现,-2146947933,281786916.2,-2428734849,719210964984,妖股期
2025-08-19,天汽模,7.6,挂涨停价排队·尾盘开缝成交,16572931400,125954278640,2025-08-20,尾盘14:50,7.39,没涨停→尾盘兑现,-3480315594,186321181.3,-3666636775,841593072557,妖股期
2025-08-20,华邦健康,4.562,挂涨停价排队·尾盘开缝成交,61492990800,280531024030,2025-08-21,尾盘14:50,4.64,没涨停→尾盘兑现,4919439264,424486115.5,4494953149,534597286326,妖股期
2025-08-20,罗平锌电,8.01,挂涨停价排队·尾盘开缝成交,23348399800,187020682398,2025-08-21,尾盘14:50,7.7,没涨停→尾盘兑现,-7238003938,275102520.6,-7513106459,714245127777,妖股期
2025-08-20,贤丰控股,4.66,挂涨停价排队·尾盘开缝成交,26755462500,124680455250,2025-08-21,尾盘14:50,4.47,没涨停→尾盘兑现,-5083537875,183208029.5,-5266745904,833752347464,妖股期
2025-08-21,漳州发展,6.42,挂涨停价排队·尾盘开缝成交,43289322200,277917448524,2025-08-22,尾盘14:50,6.6,没涨停→尾盘兑现,7792077996,422720231.3,7369357765,532532978151,平淡期
2025-08-21,钛能化学,4.861,挂涨停价排队·尾盘开缝成交,38115264200,185278299276,2025-08-22,尾盘14:50,4.8,没涨停→尾盘兑现,-2286915852,276202262.0,-2563118114,715387118037,平淡期
2025-08-21,卓翼科技,10.56,挂涨停价排队·尾盘开缝成交,11696862300,123518865888,2025-08-22,尾盘14:50,10.99,没涨停→尾盘兑现,5029650789,189050536.9,4840600252,843839223327,平淡期
2025-08-22,航锦科技,26.39,挂涨停价排队·尾盘开缝成交,10658572900,281279738831,2025-08-25,尾盘14:50,26.66,没涨停→尾盘兑现,2877814683,424077969.3,2453736714,533970873851,平淡期
2025-08-22,华东重机,8.62,挂涨停价排队·尾盘开缝成交,21754040300,187519827386,2025-08-25,尾盘14:50,8.88,没涨停→尾盘兑现,5656050478,285521778.9,5370528699,727001869806,平淡期
2025-08-22,远程股份,5.61412932,挂涨停价排队·尾盘开缝成交,22267605800,125013218608,2025-08-25,尾盘14:50,5.79,没涨停→尾盘兑现,3989783573,190512165.6,3799271407,855908119735,平淡期
2025-08-25,东方电子,12.093,挂涨停价排队·尾盘开缝成交,23592384500,285302705758,2025-08-26,尾盘14:50,12.14,没涨停→尾盘兑现,1179619225,428838773.1,750780452,539869872231,主线期
2025-08-25,友阿股份,7.19,挂涨停价排队·尾盘开缝成交,26453658500,190201804615,2025-08-26,尾盘14:50,7.61,没涨停→尾盘兑现,11110536570,293635609.4,10816900961,741031229160,主线期
2025-08-25,长江通信,29.5968242,挂涨停价排队·尾盘开缝成交,4284284000,126801200371,2025-08-26,尾盘14:50,30.84,没涨停→尾盘兑现,5343948094,194209761.6,5149738332,873077268763,主线期
2025-08-26,武汉凡谷,16.29,挂涨停价排队·尾盘开缝成交,17865301100,291025754919,2025-08-27,尾盘14:50,15.77,没涨停→尾盘兑现,-9289956572,429571164.9,-9719527737,540214059765,主线期
2025-08-26,广联达,15.132,挂涨停价排队·尾盘开缝成交,8547765000,129344779980,2025-08-27,尾盘14:50,15.0,没涨停→尾盘兑现,-1111209450,193183762.9,-1304393213,668351455117,主线期
2025-08-26,启明信息,21.326,挂涨停价排队·尾盘开缝成交,9097682200,194017170597,2025-08-28,次日早盘9:30,24.93,又涨停→隔夜后早盘兑现,32751655920,315589497.8,32436066422,523643843077,主线期
2025-08-27,科远智慧,29.78215856,挂涨停价排队·尾盘开缝成交,7480445600,222783816959,2025-08-28,尾盘14:50,29.26,没涨停→尾盘兑现,-3871911257,331271792.0,-4203183049,742391564849,平淡期
2025-08-27,博通集成,42.449385,挂涨停价排队·尾盘开缝成交,3498815000,148522544979,2025-08-29,次日早盘9:30,51.37,又涨停→隔夜后早盘兑现,31201627443,246185038.1,30955442404,509541186133,平淡期
2025-08-28,大港股份,16.18,挂涨停价排队·尾盘开缝成交,15294428600,247463854748,2025-08-29,尾盘14:50,15.95,没涨停→尾盘兑现,-3517718578,368557493.2,-3886276071,753304362701,平淡期
2025-08-28,崇达技术,17.05992327,挂涨停价排队·尾盘开缝成交,9670377800,164975903260,2025-08-29,尾盘14:50,17.57,没涨停→尾盘兑现,4894573046,251134784.7,4643438261,923047436150,平淡期
2025-08-29,尚太科技,42.73789747,挂涨停价排队·尾盘开缝成交,7199289000,307682475139,2025-09-01,尾盘14:50,41.99,没涨停→尾盘兑现,-5356766687,457506137.7,-5814272825,575594505701,平淡期
2025-08-29,中创智领,19.0179274,挂涨停价排队·尾盘开缝成交,10785699600,205121651951,2025-09-01,尾盘14:50,20.19,没涨停→尾盘兑现,12638302272,317161204.6,12321141067,793191139958,平淡期
2025-08-29,永臻股份,25.3,挂涨停价排队·尾盘开缝成交,5405050100,136747767530,2025-09-01,尾盘14:50,24.59,没涨停→尾盘兑现,-3837585571,202243462.1,-4039829033,926001639280,平淡期
2025-09-01,盛达资源,19.06671665,挂涨停价排队·尾盘开缝成交,16188797400,308667212930,2025-09-02,尾盘14:50,20.34,没涨停→尾盘兑现,20631542170,478474476.0,20153067694,603422640821,平淡期
2025-09-01,顺络电子,35.048,挂涨停价排队·尾盘开缝成交,5871323300,205778139018,2025-09-02,尾盘14:50,32.81,没涨停→尾盘兑现,-13151764192,298803385.4,-13450567577,795904545867,平淡期
2025-09-01,湖南黄金,22.44,挂涨停价排队·尾盘开缝成交,6113432600,137185427544,2025-09-02,尾盘14:50,21.99,没涨停→尾盘兑现,-2751044670,203714857.8,-2954759528,930238102954,平淡期
2025-09-02,秦川机床,13.9146507,挂涨停价排队·尾盘开缝成交,22284380200,310079366549,2025-09-03,尾盘14:50,14.1,没涨停→尾盘兑现,4223303200,468286527.2,3755016673,589693048364,恐慌期
2025-09-02,巨轮智能,8.9,挂涨停价排队·尾盘开缝成交,15484612600,137813052140,2025-09-03,尾盘14:50,8.95,没涨停→尾盘兑现,774230630,207300251.2,566930379,728176390671,恐慌期
2025-09-02,中捷资源,2.64,挂涨停价排队·尾盘开缝成交,78302870700,206719578648,2025-09-04,次日早盘9:30,2.92,又涨停→隔夜后早盘兑现,21924803796,326522970.8,21598280825,956649289829,恐慌期
2025-09-04,友好集团,7.18,挂涨停价排队·尾盘开缝成交,44412687500,318883096250,2025-09-05,尾盘14:50,7.3,没涨停→尾盘兑现,5329522500,482321786.2,4847200714,749146921769,恐慌期
2025-09-04,百大集团,10.64,挂涨停价排队·尾盘开缝成交,19980143900,212588731096,2025-09-05,尾盘14:50,10.39,没涨停→尾盘兑现,-4995035975,315136819.7,-5310172795,956584921618,恐慌期
2025-09-05,风华高科,15.471,挂涨停价排队·尾盘开缝成交,20610279900,318861640333,2025-09-08,尾盘14:50,15.04,没涨停→尾盘兑现,-8862420357,471645645.2,-9334066002,593199295765,主线期
2025-09-05,德明利,95.46946036,挂涨停价排队·尾盘开缝成交,2226622200,212574419860,2025-09-08,尾盘14:50,95.62,没涨停→尾盘兑现,333641969,319111861.3,14530108,805947676547,主线期
2025-09-05,莱宝高科,11.94114642,挂涨停价排队·尾盘开缝成交,11867896200,141716286222,2025-09-08,次日早盘9:30,11.96,又涨停→隔夜后早盘兑现,235604798,212751132.9,22853665,947793103649,主线期
2025-09-08,福星股份,3.16,挂涨停价排队·尾盘开缝成交,99978175400,315931034264,2025-09-09,尾盘14:50,3.2,没涨停→尾盘兑现,3999127016,476895896.7,3522231119,600517800491,妖股期
2025-09-08,金智科技,10.99,挂涨停价排队·尾盘开缝成交,19164757900,210620689321,2025-09-09,尾盘14:50,10.83,没涨停→尾盘兑现,-3066361264,313631263.0,-3379992527,807916462802,妖股期
2025-09-08,智光电气,7.76905998,挂涨停价排队·尾盘开缝成交,18073459800,140413793232,2025-09-09,尾盘14:50,7.34,没涨停→尾盘兑现,-7730849051,204822553.1,-7935671604,940499894775,妖股期
2025-09-09,珠海中富,3.1,挂涨停价排队·尾盘开缝成交,101129020900,313499964790,2025-09-10,尾盘14:50,3.24,没涨停→尾盘兑现,14158062926,480868494.4,13677194432,606078920937,妖股期
2025-09-09,创维数字,13.97666688,挂涨停价排队·尾盘开缝成交,9968994600,139333316653,2025-09-10,尾盘14:50,13.4,没涨停→尾盘兑现,-5739582646,204695288.0,-5944277934,739572459643,妖股期
2025-09-09,苏宁环球,2.46000048,挂涨停价排队·尾盘开缝成交,84959323500,208999976590,2025-09-11,次日早盘9:30,2.85,又涨停→隔夜后早盘兑现,32734936092,338051167.0,32396884926,570252483014,妖股期
2025-09-10,依顿电子,11.7561171,挂涨停价排队·尾盘开缝成交,13979908000,164349435495,2025-09-11,尾盘14:50,11.93,没涨停→尾盘兑现,2485957848,248388621.6,2237569226,736962749812,平淡期
2025-09-10,东方通信,12.61862315,挂涨停价排队·尾盘开缝成交,19536533400,246524152632,2025-09-12,次日早盘9:30,14.6,又涨停→隔夜后早盘兑现,38720052387,398826268.2,38321226118,612569272205,平淡期
2025-09-11,汇源通信,13.96,挂涨停价排队·尾盘开缝成交,17597009300,245654249828,2025-09-12,尾盘14:50,13.45,没涨停→尾盘兑现,-8974474743,361750518.7,-9336225262,849071537459,主线期
2025-09-11,天康生物,7.442,挂涨停价排队·尾盘开缝成交,22006113900,163769499644,2025-09-12,次日早盘9:30,7.35,又涨停→隔夜后早盘兑现,-1980550251,244168836.8,-2224719088,1010739145139,主线期
2025-09-12,荣盛发展,1.75,挂涨停价排队·尾盘开缝成交,192521741900,336913048325,2025-09-16,次日早盘9:30,2.01,又涨停→隔夜后早盘兑现,50055652894,542911312.2,49512741582,686156740266,平淡期
2025-09-12,香江控股,1.96,挂涨停价排队·尾盘开缝成交,114596274900,224608698804,2025-09-16,次日早盘9:30,2.38,又涨停→隔夜后早盘兑现,48130435458,373010874.8,47757424583,958691320178,平淡期
2025-09-12,上海建工,2.6141879,挂涨停价排队·尾盘开缝成交,57279406900,149739132437,2025-09-16,次日早盘9:30,3.17,又涨停→隔夜后早盘兑现,31642986477,248340938.5,31394645539,1139937402503,平淡期
2025-09-16,省广集团,9.234,挂涨停价排队·尾盘开缝成交,41150003700,379979134166,2025-09-17,尾盘14:50,8.87,没涨停→尾盘兑现,-14814001332,558858200.2,-15372859532,702650494292,平淡期
2025-09-16,双环传动,44.3,挂涨停价排队·尾盘开缝成交,5718271300,253319418590,2025-09-17,尾盘14:50,47.99,没涨停→尾盘兑现,21100421097,395804443.7,20704616653,976864519099,平淡期
2025-09-16,爱柯迪,22.1810512,挂涨停价排队·尾盘开缝成交,7613688500,168879614439,2025-09-17,尾盘14:50,22.11,没涨停→尾盘兑现,-518717552,252930383.5,-771647936,1145099145314,平淡期
2025-09-17,深纺织A,12.392,挂涨停价排队·尾盘开缝成交,30802107400,381699714901,2025-09-18,尾盘14:50,12.06,没涨停→尾盘兑现,-10164695442,564926050.8,-10729621493,710545005641,平淡期
2025-09-17,福晶科技,46.2612176,挂涨停价排队·尾盘开缝成交,5500643700,254466475146,2025-09-18,尾盘14:50,45.74,没涨停→尾盘兑现,-2851779463,379560878.1,-3231340341,961970990302,平淡期
2025-09-17,蔚蓝锂芯,13.115,挂涨停价排队·尾盘开缝成交,12935136700,169644317820,2025-09-18,尾盘14:50,13.74,没涨停→尾盘兑现,8045655027,260500718.0,7785154309,1139527695670,平淡期
2025-09-18,国恩股份,35.49558771,挂涨停价排队·尾盘开缝成交,7134080400,253228376568,2025-09-19,尾盘14:50,32.48,没涨停→尾盘兑现,-21524653316,363699074.9,-21888352391,569167783694,平淡期
2025-09-18,烽火通信,28.82925784,挂涨停价排队·尾盘开缝成交,5855819000,168818915815,2025-09-19,尾盘14:50,29.83,没涨停→尾盘兑现,5845530326,257612521.5,5587917805,743701231501,平淡期
2025-09-18,公元股份,4.61685568,挂涨停价排队·尾盘开缝成交,82272999500,379842565052,2025-09-22,次日早盘9:30,5.58,又涨停→隔夜后早盘兑现,79406743125,629318904.9,78777424220,789438752865,平淡期
2025-09-19,桂林旅游,7.68,挂涨停价排队·尾盘开缝成交,32278699200,247900409856,2025-09-22,尾盘14:50,7.52,没涨停→尾盘兑现,-5164591872,367977170.9,-5532569043,1031992518986,恐慌期
2025-09-19,西陇科学,9.22,挂涨停价排队·尾盘开缝成交,17924830800,165266939976,2025-09-22,尾盘14:50,9.45,没涨停→尾盘兑现,4122711084,250992443.3,3871718641,1201255127807,恐慌期
2025-09-22,华塑控股,3.48,挂涨停价排队·尾盘开缝成交,115062751700,400418375916,2025-09-23,尾盘14:50,3.39,没涨停→尾盘兑现,-10355647653,592860828.1,-10948508481,745697627729,平淡期
2025-09-22,精工科技,22.2217226,挂涨停价排队·尾盘开缝成交,12012821300,266945582572,2025-09-23,尾盘14:50,21.82,没涨停→尾盘兑现,-4860021708,396773357.6,-5256795065,1007586624423,平淡期
2025-09-22,国光电器,17.675,挂涨停价排队·尾盘开缝成交,10068668900,177963722808,2025-09-23,尾盘14:50,17.09,没涨停→尾盘兑现,-5839827962,262565713.2,-6102393675,1179581426347,平淡期
2025-09-23,常熟汽饰,17.42492774,挂涨停价排队·尾盘开缝成交,22565018000,393193808102,2025-09-24,尾盘14:50,18.33,没涨停→尾盘兑现,20483482642,605153324.1,19878329318,937625447455,平淡期
2025-09-23,立昂微,29.95495676,挂涨停价排队·尾盘开缝成交,8750778900,262129203566,2025-09-25,次日早盘9:30,36.24,又涨停→隔夜后早盘兑现,54973834303,434424181.1,54539410122,733587632777,平淡期
2025-09-24,道明光学,11.0169956,挂涨停价排队·尾盘开缝成交,18912707000,208361209803,2025-09-25,尾盘14:50,10.83,没涨停→尾盘兑现,-3541022349,309886047.9,-3850908397,938254205091,平淡期
2025-09-24,TCL中环,8.55,挂涨停价排队·尾盘开缝成交,36554598300,312541815465,2025-09-26,次日早盘9:30,9.26,又涨停→隔夜后早盘兑现,25953764793,488278046.8,25465486746,755243580353,平淡期
2025-09-25,奔图科技,25.26,挂涨停价排队·尾盘开缝成交,8254193700,208500932862,2025-09-26,尾盘14:50,24.27,没涨停→尾盘兑现,-8171651763,306622660.5,-8478274423,955422614492,平淡期
2025-09-25,深华发A,15.36,挂涨停价排队·尾盘开缝成交,20361419300,312751400448,2025-09-29,次日早盘9:30,15.22,又涨停→隔夜后早盘兑现,-2850598702,466989151.6,-3317587854,734300650293,平淡期
2025-09-26,蓝黛科技,15.62942238,挂涨停价排队·尾盘开缝成交,20376581800,318474203613,2025-09-29,尾盘14:50,14.49,没涨停→尾盘兑现,-23283238026,460248876.9,-23743486903,1029270222656,妖股期
2025-09-26,曙光股份,3.86,挂涨停价排队·尾盘开缝成交,55004180500,212316136730,2025-09-29,尾盘14:50,3.85,没涨停→尾盘兑现,-550041805,318061673.7,-868103479,1240877493010,妖股期
2025-09-29,湖北宜化,14.26388305,挂涨停价排队·尾盘开缝成交,28998122700,413625830862,2025-09-30,尾盘14:50,14.45,没涨停→尾盘兑现,5408734196,624495296.9,4784238899,786387695687,平淡期
2025-09-29,大庆华科,19.899,挂涨停价排队·尾盘开缝成交,13857508100,275750553682,2025-09-30,尾盘14:50,18.88,没涨停→尾盘兑现,-14134658262,403024836.8,-14537683099,1047807379185,平淡期
2025-09-29,湘潭电化,14.955,挂涨停价排队·尾盘开缝成交,12292457500,183833701912,2025-09-30,尾盘14:50,15.09,没涨停→尾盘兑现,1598019475,276949067.5,1321070408,1233100026782,平淡期
2025-09-30,锡业股份,22.92454346,挂涨停价排队·尾盘开缝成交,17929837600,411033341292,2025-10-09,尾盘14:50,24.9,没涨停→尾盘兑现,35348156835,643061129.6,34705095706,811409683702,平淡期
2025-09-30,勤上股份,2.78,挂涨停价排队·尾盘开缝成交,98569146900,274022228382,2025-10-09,尾盘14:50,2.79,没涨停→尾盘兑现,985691469,411772611.2,573918858,1086211347613,平淡期
2025-09-30,渤海汽车,5.1,挂涨停价排队·尾盘开缝成交,35819899100,182681485410,2025-10-09,尾盘14:50,5.0,没涨停→尾盘兑现,-3581989910,271335735.7,-3853325646,1265176518491,平淡期
2025-10-09,招金黄金,11.95,挂涨停价排队·尾盘开缝成交,35290837300,421725505735,2025-10-10,尾盘14:50,12.82,没涨停→尾盘兑现,30703028451,655615529.9,30047412921,826956331212,平淡期
2025-10-09,云南铜业,18.97420254,挂涨停价排队·尾盘开缝成交,14817504800,281150337213,2025-10-10,尾盘14:50,19.32,没涨停→尾盘兑现,5117140823,425563361.4,4691577461,1113009108639,平淡期
2025-10-09,安泰科技,14.79893912,挂涨停价排队·尾盘开缝成交,12665337400,187433557117,2025-10-13,次日早盘9:30,17.9,又涨停→隔夜后早盘兑现,39320846768,310640970.8,39010205797,721255054627,平淡期
2025-10-10,金固股份,12.2261688,挂涨停价排队·尾盘开缝成交,30344995400,371003035996,2025-10-13,尾盘14:50,11.22,没涨停→尾盘兑现,-30613812611,533544194.5,-31147356805,1061388986094,平淡期
2025-10-10,四方股份,22.30664552,挂涨停价排队·尾盘开缝成交,11087967300,247335356098,2025-10-13,尾盘14:50,23.12,没涨停→尾盘兑现,9005994316,377757529.9,8628236786,1317538080496,平淡期
2025-10-13,奥瑞金,6.1070056,挂涨停价排队·尾盘开缝成交,71914026100,439179360111,2025-10-14,次日早盘9:30,6.21,又涨停→隔夜后早盘兑现,7717209203,664556947.1,7052652256,836943051950,平淡期
2025-10-13,有研新材,24.08581367,挂涨停价排队·尾盘开缝成交,8103974800,195190827019,2025-10-14,尾盘14:50,23.83,没涨停→尾盘兑现,-2097958455,291212771.7,-2389171227,1029891100863,平淡期
2025-10-13,亚世光电,20.99115759,挂涨停价排队·尾盘开缝成交,13948074900,292786238303,2025-10-15,次日早盘9:30,24.27,又涨停→隔夜后早盘兑现,45665186003,473428247.0,45191757756,1368088686600,平淡期
2025-10-15,中通客车,12.611,挂涨停价排队·尾盘开缝成交,36161253000,456029561583,2025-10-16,尾盘14:50,12.43,没涨停→尾盘兑现,-6509025540,679162573.2,-7188188113,854543006926,平淡期
2025-10-15,久其软件,7.35,挂涨停价排队·尾盘开缝成交,41363225600,304019708160,2025-10-16,尾盘14:50,7.18,没涨停→尾盘兑现,-7031748352,450755751.0,-7482504103,1151308225764,平淡期
2025-10-15,ST远智,4.2321761,挂涨停价排队·尾盘开缝成交,47890210800,202679805572,2025-10-16,尾盘14:50,4.32,没涨停→尾盘兑现,4242135465,307201310.0,3934934155,1358074975346,平淡期
2025-10-16,德美化工,7.63,挂涨停价排队·尾盘开缝成交,59330492500,452691657775,2025-10-17,尾盘14:50,7.17,没涨停→尾盘兑现,-27292026550,658568466.8,-27950595017,1028669459949,平淡期
2025-10-16,睿能科技,18.11280216,挂涨停价排队·尾盘开缝成交,16661940900,301794439123,2025-10-20,次日早盘9:30,21.92,又涨停→隔夜后早盘兑现,63483191490,500304052.3,62982887437,1050783312981,平淡期
2025-10-17,华脉科技,12.28325072,挂涨停价排队·尾盘开缝成交,27915234100,342889819358,2025-10-20,次日早盘9:30,12.28,又涨停→隔夜后早盘兑现,0,514334729.0,-514334729,1393415964975,恐慌期
2025-10-20,瀛通通讯,18.66,挂涨停价排队·尾盘开缝成交,16594211800,309647992188,2025-10-21,尾盘14:50,19.53,没涨停→尾盘兑现,14436964266,475299711.5,13961664555,736705882623,妖股期
2025-10-20,天奥电子,16.4629905,挂涨停价排队·尾盘开缝成交,12539155300,206431994582,2025-10-21,尾盘14:50,16.44,没涨停→尾盘兑现,-250220599,309460326.4,-559680926,942733020275,妖股期
2025-10-20,石化机械,7.02,挂涨停价排队·尾盘开缝成交,66164100900,464471988318,2025-10-22,次日早盘9:30,8.49,又涨停→隔夜后早盘兑现,97261228323,769653903.7,96491574419,980304370532,妖股期
2025-10-21,*ST发展,2.99,挂涨停价排队·尾盘开缝成交,70065627600,209496226524,2025-10-22,次日早盘9:30,3.01,又涨停→隔夜后早盘兑现,1401312552,315295324.2,1086017228,1191043736453,妖股期
2025-10-21,盈新发展,1.98,挂涨停价排队·尾盘开缝成交,158709262600,314244339948,2025-10-23,次日早盘9:30,2.4,又涨停→隔夜后早盘兑现,66657890292,521359927.6,66136530364,909969325861,妖股期
2025-10-22,沈阳机床,7.83,挂涨停价排队·尾盘开缝成交,50704288400,397014578172,2025-10-23,尾盘14:50,7.79,没涨停→尾盘兑现,-2028171536,594000738.6,-2622172275,1304659492692,妖股期
2025-10-22,天保基建,4.80502908,挂涨停价排队·尾盘开缝成交,55083201700,264676385988,2025-10-23,尾盘14:50,4.62,没涨停→尾盘兑现,-10433301522,389189602.8,-10822491125,1558711894844,妖股期
2025-10-23,中新赛克,31.3668367,挂涨停价排队·尾盘开缝成交,7361924400,230920280453,2025-10-24,尾盘14:50,30.06,没涨停→尾盘兑现,-9615653507,339168680.5,-9954822187,682979210508,妖股期
2025-10-23,常铝股份,4.96,挂涨停价排队·尾盘开缝成交,104752143400,519570631264,2025-10-27,次日早盘9:30,5.5,又涨停→隔夜后早盘兑现,56566157436,821780565.0,55744376871,1031024159980,妖股期
2025-10-23,ST达华,4.05,挂涨停价排队·尾盘开缝成交,85526029900,346380421095,2025-10-27,次日早盘9:30,4.74,又涨停→隔夜后早盘兑现,59012960631,563830352.1,58449130279,1436113496670,妖股期
2025-10-24,铜峰电子,8.00732031,挂涨停价排队·尾盘开缝成交,28431451200,227659736637,2025-10-27,尾盘14:50,7.99,没涨停→尾盘兑现,-564212482,341066445.6,-905278928,1663038699181,平淡期
2025-10-27,大连友谊,9.4,挂涨停价排队·尾盘开缝成交,58973003500,554346232900,2025-10-28,尾盘14:50,9.75,没涨停→尾盘兑现,20640551225,846999762.8,19793551462,1067307751794,平淡期
2025-10-27,常宝股份,6.542,挂涨停价排队·尾盘开缝成交,56491005100,369564155364,2025-10-28,尾盘14:50,6.47,没涨停→尾盘兑现,-3954370357,551380455.3,-4505750812,1432643329462,平淡期
2025-10-27,万润股份,13.85541806,挂涨停价排队·尾盘开缝成交,17781932100,246376103160,2025-10-28,尾盘14:50,13.87,没涨停→尾盘兑现,176360847,369696425.4,-193335578,1679010879121,平淡期
2025-10-28,航天发展,8.84,挂涨停价排队·尾盘开缝成交,63311119100,559670292844,2025-10-29,尾盘14:50,8.75,没涨停→尾盘兑现,-5698000719,835231938.7,-6533232658,1051041521006,平淡期
2025-10-28,运机集团,29.41,挂涨停价排队·尾盘开缝成交,8457747400,248742351034,2025-10-29,次日早盘9:30,29.62,又涨停→隔夜后早盘兑现,1776126954,374445621.8,1401681332,1301372110136,平淡期
2025-10-28,中钨高新,22.45223934,挂涨停价排队·尾盘开缝成交,16618098600,373113527143,2025-10-30,次日早盘9:30,26.17,又涨停→隔夜后早盘兑现,61826452965,606040130.4,61220412835,1013001379963,平淡期
2025-10-29,世荣兆业,6.582,挂涨停价排队·尾盘开缝成交,65905606700,433790703299,2025-10-30,尾盘14:50,6.46,没涨停→尾盘兑现,-7908672804,644754550.3,-8553427354,1438563998936,平淡期
2025-10-29,长青股份,6.318,挂涨停价排队·尾盘开缝成交,45772998100,289193801996,2025-10-30,尾盘14:50,5.88,没涨停→尾盘兑现,-20140119164,418685613.6,-20558804778,1707415891505,平淡期
2025-10-30,永兴材料,45.53761134,挂涨停价排队·尾盘开缝成交,12498210000,569138629426,2025-10-31,尾盘14:50,48.86,没涨停→尾盘兑现,41486752996,884823008.9,40601929987,1116068420005,妖股期
2025-10-30,宇环数控,23.68,挂涨停价排队·尾盘开缝成交,16023047000,379425752960,2025-10-31,尾盘14:50,22.93,没涨停→尾盘兑现,-12017285250,560125665.5,-12577410916,1483201331364,妖股期
2025-10-30,西藏城投,12.5,挂涨停价排队·尾盘开缝成交,20236040200,252950502500,2025-10-31,尾盘14:50,12.35,没涨停→尾盘兑现,-3035406030,377149199.2,-3412555229,1732928991512,妖股期
2025-10-31,众生药业,19.15052496,挂涨停价排队·尾盘开缝成交,30163298300,577642996970,2025-11-03,尾盘14:50,20.01,没涨停→尾盘兑现,26011874087,885973401.0,25125900686,1116662572216,平淡期
2025-10-31,浙江众成,5.11,挂涨停价排队·尾盘开缝成交,75361121600,385095331376,2025-11-03,尾盘14:50,5.27,没涨停→尾盘兑现,12057779456,586686331.7,11471093124,1513517818215,平淡期
2025-10-31,海思科,55.9186485,挂涨停价排队·尾盘开缝成交,4591137800,256730220853,2025-11-03,尾盘14:50,55.02,没涨停→尾盘兑现,-4123998252,382002332.6,-4506000585,1765934586149,平淡期
2025-11-03,天津普林,22.23,挂涨停价排队·尾盘开缝成交,26479750800,588644860284,2025-11-04,尾盘14:50,23.15,没涨停→尾盘兑现,24361370736,901238318.5,23460132418,1135786356144,平淡期
2025-11-03,国机通用,19.83387259,挂涨停价排队·尾盘开缝成交,19785843900,392429906998,2025-11-04,尾盘14:50,20.22,没涨停→尾盘兑现,7618101729,594358436.8,7023743292,1535534328864,平淡期
2025-11-03,中化装备,9.38,挂涨停价排队·尾盘开缝成交,27891251500,261619939070,2025-11-04,尾盘14:50,9.3,没涨停→尾盘兑现,-2231300120,390756433.5,-2622056554,1794728426335,平淡期
2025-11-04,中国武夷,3.42,挂涨停价排队·尾盘开缝成交,174924797800,598242808476,2025-11-05,尾盘14:50,3.26,没涨停→尾盘兑现,-27987967648,876373237.0,-28864340885,1101598536326,妖股期
2025-11-04,博菲电气,36.13,挂涨停价排队·尾盘开缝成交,11038708500,398828538105,2025-11-06,次日早盘9:30,39.36,又涨停→隔夜后早盘兑现,35655028455,624984078.5,35030044377,1168556728405,妖股期
2025-11-04,摩恩电气,7.7807299,挂涨停价排队·尾盘开缝成交,34172333000,265885693126,2025-11-06,次日早盘9:30,9.42,又涨停→隔夜后早盘兑现,55975935395,440810491.2,55535124904,1490176960704,妖股期
2025-11-05,顺钠股份,7.94,挂涨停价排队·尾盘开缝成交,46246789900,367199511806,2025-11-07,次日早盘9:30,8.62,又涨停→隔夜后早盘兑现,31447817132,574385130.6,30873432001,1060649215185,平淡期
2025-11-06,芭田股份,11.88123282,挂涨停价排队·尾盘开缝成交,41807585200,496725653403,2025-11-07,尾盘14:50,12.97,没涨停→尾盘兑现,45593175916,779283362.0,44813892554,1602561305382,平淡期
2025-11-06,神驰机电,30.03375726,挂涨停价排队·尾盘开缝成交,11025941000,331150435557,2025-11-07,尾盘14:50,29.86,没涨停→尾盘兑现,-1959470033,495256050.8,-2454726084,1931505377683,平淡期
2025-11-07,泸天化,4.87,挂涨停价排队·尾盘开缝成交,132204337900,643835125573,2025-11-10,尾盘14:50,4.85,没涨停→尾盘兑现,-2644086758,963769623.3,-3607856381,1213008041324,平淡期
2025-11-07,意华股份,52.2579948,挂涨停价排队·尾盘开缝成交,5475696900,286148940127,2025-11-10,尾盘14:50,51.82,没涨停→尾盘兑现,-2393641324,427428179.2,-2821069503,1496550523652,平淡期
2025-11-07,安纳达,14.21,挂涨停价排队·尾盘开缝成交,30205729500,429223416195,2025-11-11,次日早盘9:30,15.13,又涨停→隔夜后早盘兑现,27789271140,664677077.6,27124594062,1121803494486,平淡期
2025-11-10,深南电A,9.95112786,挂涨停价排队·尾盘开缝成交,50130013500,498850173962,2025-11-11,尾盘14:50,10.05,没涨停→尾盘兑现,4998498737,752024135.0,4246474602,1625274280680,妖股期
2025-11-10,华侨城A,2.66,挂涨停价排队·尾盘开缝成交,125025106400,332566783024,2025-11-12,次日早盘9:30,2.91,又涨停→隔夜后早盘兑现,31256276600,522292382.0,30733984218,1085894317399,妖股期
2025-11-11,拓日新能,4.35,挂涨停价排队·尾盘开缝成交,83028060300,361172062305,2025-11-12,尾盘14:50,4.51,没涨停→尾盘兑现,13284489648,551721460.7,12732768187,1460070026938,妖股期
2025-11-11,顺发恒能,3.575,挂涨停价排队·尾盘开缝成交,151540725400,541758093305,2025-11-13,次日早盘9:30,3.94,又涨停→隔夜后早盘兑现,54554661144,853553135.8,53701108008,1244785533541,妖股期
2025-11-12,中国海诚,9.642,挂涨停价排队·尾盘开缝成交,50476043200,486690008534,2025-11-13,次日早盘9:30,9.38,又涨停→隔夜后早盘兑现,-13022819146,720267898.4,-13743087044,1718097472538,妖股期
2025-11-12,盘龙药业,27.17346852,挂涨停价排队·尾盘开缝成交,11940323500,324460004746,2025-11-14,次日早盘9:30,29.03,又涨停→隔夜后早盘兑现,22213311212,503349990.5,21709961221,1110012188117,妖股期
2025-11-13,三湘印象,4.8,挂涨停价排队·尾盘开缝成交,79541549700,381799438560,2025-11-14,尾盘14:50,4.81,没涨停→尾盘兑现,795415497,573295719.5,222119778,1492320096033,平淡期
2025-11-13,合金投资,7.48,挂涨停价排队·尾盘开缝成交,76564058400,572699156832,2025-11-17,次日早盘9:30,7.8,又涨停→隔夜后早盘兑现,24500498688,877424109.3,23623074579,1260005132849,平淡期
2025-11-14,中集集团,8.768,挂涨停价排队·尾盘开缝成交,56733580200,497440031194,2025-11-17,尾盘14:50,8.74,没涨停→尾盘兑现,-1702007406,744883541.2,-2446890947,1755371353119,妖股期
2025-11-14,海南海药,6.77,挂涨停价排队·尾盘开缝成交,48984739700,331626687769,2025-11-18,次日早盘9:30,7.52,又涨停→隔夜后早盘兑现,36738554775,524993947.7,36213560827,1148254016261,妖股期
2025-11-17,华联控股,5.28,挂涨停价排队·尾盘开缝成交,110818898500,585123784080,2025-11-18,尾盘14:50,5.1,没涨停→尾盘兑现,-19947401730,862725124.8,-20810126855,1713006516324,妖股期
2025-11-17,魅视科技,28.9,挂涨停价排队·尾盘开缝成交,13497665100,390082521390,2025-11-18,尾盘14:50,30.07,没涨停→尾盘兑现,15805765832,596978106.5,15208787726,2118590387331,妖股期
2025-11-18,嘉欣丝绸,7.31296587,挂涨停价排队·尾盘开缝成交,96567768500,706196795183,2025-11-19,尾盘14:50,7.42,没涨停→尾盘兑现,10181080927,1066931003.5,9114149923,1343571078470,恐慌期
2025-11-18,智能自控,9.8921744,挂涨停价排队·尾盘开缝成交,47592960300,470797863500,2025-11-20,次日早盘9:30,11.25,又涨停→隔夜后早盘兑现,64544868383,754605446.5,63790262937,1430655277359,恐慌期
2025-11-18,中央商场,3.92,挂涨停价排队·尾盘开缝成交,80067664000,313865242880,2025-11-20,次日早盘9:30,4.74,又涨停→隔夜后早盘兑现,65655484480,520039477.7,65135445002,1809891364174,恐慌期
2025-11-19,英力特,10.29,挂涨停价排队·尾盘开缝成交,43523520500,447857025945,2025-11-20,尾盘14:50,9.5,没涨停→尾盘兑现,-34383581195,645997853.0,-35029579048,2223054703840,妖股期
2025-11-20,皖通科技,10.08,挂涨停价排队·尾盘开缝成交,73513713700,741018234096,2025-11-21,尾盘14:50,9.61,没涨停→尾盘兑现,-34551445439,1085613767.1,-35637059206,1693961252272,平淡期
2025-11-20,百川股份,8.62,挂涨停价排队·尾盘开缝成交,57309994900,494012156038,2025-11-21,尾盘14:50,8.05,没涨停→尾盘兑现,-32666697093,716518211.2,-33383215304,2154960702122,平淡期
2025-11-24,国脉科技,12.13,挂涨停价排队·尾盘开缝成交,59218485900,718320233967,2025-11-25,尾盘14:50,12.4,没涨停→尾盘兑现,15988991193,1089472094.3,14899519099,1372265368127,妖股期
2025-11-24,高乐股份,4.81,挂涨停价排队·尾盘开缝成交,99559284000,478880156040,2025-11-25,次日早盘9:30,4.81,又涨停→隔夜后早盘兑现,0,718320234.1,-718320234,1850786364050,妖股期
2025-11-24,雷科防务,6.37,挂涨停价排队·尾盘开缝成交,50118279000,319253437230,2025-11-26,次日早盘9:30,7.71,又涨停→隔夜后早盘兑现,67158493860,529249026.2,66629244834,1208693840907,妖股期
2025-11-25,新华制药,16.96947252,挂涨停价排队·尾盘开缝成交,24236808600,411285857510,2025-11-26,尾盘14:50,17.95,没涨停→尾盘兑现,23728030241,634724808.9,23093305432,1643381468242,主线期
2025-11-25,新金路,7.02,挂涨停价排队·尾盘开缝成交,87881593700,616928787774,2025-11-27,次日早盘9:30,8.49,又涨停→隔夜后早盘兑现,129185942739,1022282638.7,128163660100,1475946908891,主线期
2025-11-26,英特集团,12.006,挂涨停价排队·尾盘开缝成交,30417781200,365195881087,2025-11-27,尾盘14:50,11.58,没涨停→尾盘兑现,-13079645916,537984087.2,-13617630003,1827799056886,妖股期
2025-11-26,ST海王,2.81,挂涨停价排队·尾盘开缝成交,194944420900,547793822729,2025-11-28,次日早盘9:30,3.05,又涨停→隔夜后早盘兑现,46786661016,856780729.9,45929880286,1406489687146,妖股期
2025-11-27,福日电子,14.22,挂涨停价排队·尾盘开缝成交,28563823300,406177567326,2025-11-28,尾盘14:50,14.6,没涨停→尾盘兑现,10854252854,617407040.6,10236845813,1823208733461,妖股期
2025-11-27,通宇通讯,21.60845492,挂涨停价排队·尾盘开缝成交,28195738800,609266350796,2025-12-01,次日早盘9:30,26.15,又涨停→隔夜后早盘兑现,127940297531,1009854749.3,126930442781,1546968737168,妖股期
2025-11-28,银河电子,5.14,挂涨停价排队·尾盘开缝成交,118236623400,607736244276,2025-12-02,次日早盘9:30,5.55,又涨停→隔夜后早盘兑现,48477015594,947962128.1,47529053466,1687033591957,妖股期
2025-11-28,芯瑞达,21.31638304,挂涨停价排队·尾盘开缝成交,19006859400,405157495358,2025-12-02,次日早盘9:30,25.8,又涨停→隔夜后早盘兑现,85217628175,671649464.2,84545978711,2177040934147,妖股期
2025-12-01,天音控股,11.36,挂涨停价排队·尾盘开缝成交,45392275100,515656245136,2025-12-02,尾盘14:50,11.49,没涨停→尾盘兑现,5900995763,777910114.5,5123085648,2698207007115,平淡期
2025-12-02,通用股份,4.69,挂涨停价排队·尾盘开缝成交,191770220800,899402335552,2025-12-03,尾盘14:50,4.7,没涨停→尾盘兑现,1917702208,1350541780.0,567160428,2699448719295,妖股期
2025-12-03,彩虹股份,6.32709336,挂涨停价排队·尾盘开缝成交,142216368300,899816239554,2025-12-04,尾盘14:50,6.29,没涨停→尾盘兑现,-5659221632,1345479943.1,-7004701576,1693323058520,妖股期
2025-12-03,国机重装,3.83,挂涨停价排队·尾盘开缝成交,156625977300,599877493059,2025-12-05,次日早盘9:30,4.35,又涨停→隔夜后早盘兑现,81445508196,960900370.7,80484607825,1809694048387,妖股期
2025-12-03,骏亚科技,13.76,挂涨停价排队·尾盘开缝成交,29063832000,399918328320,2025-12-05,次日早盘9:30,16.65,又涨停→隔夜后早盘兑现,83994474480,662873348.3,83331601132,2293243916585,妖股期
2025-12-04,泰尔股份,7.39,挂涨停价排队·尾盘开缝成交,76379028300,564441019137,2025-12-05,尾盘14:50,7.48,没涨停→尾盘兑现,6874112547,851817113.1,6022295434,2864130561920,平淡期
2025-12-05,茂硕电源,10.35,挂涨停价排队·尾盘开缝成交,40996680100,424315639035,2025-12-08,尾盘14:50,10.46,没涨停→尾盘兑现,4509634811,639855684.7,3869779126,1277134934704,妖股期
2025-12-05,冰轮环境,14.63,挂涨停价排队·尾盘开缝成交,65257018900,954710186507,2025-12-09,次日早盘9:30,16.12,又涨停→隔夜后早盘兑现,97232958161,1504989998.4,95727968163,1902577477660,妖股期
2025-12-05,西部材料,20.47186008,挂涨停价排队·尾盘开缝成交,31090162500,636473456564,2025-12-09,次日早盘9:30,24.77,又涨停→隔夜后早盘兑现,133684239659,1054973364.6,132629266294,2672157555611,妖股期
2025-12-08,宇晶股份,27.85136328,挂涨停价排队·尾盘开缝成交,15285127700,425711644354,2025-12-09,尾盘14:50,28.78,没涨停→尾盘兑现,14253212221,649257375.7,13603954845,3111792438543,主线期
2025-12-09,超声电子,15.77780064,挂涨停价排队·尾盘开缝成交,65741998500,1037264146008,2025-12-10,尾盘14:50,15.7,没涨停→尾盘兑现,-5199319028,1551996729.7,-6751315757,1953303353526,妖股期
2025-12-09,积成电子,9.01829496,挂涨停价排队·尾盘开缝成交,76678511100,691509430193,2025-12-10,尾盘14:50,8.64,没涨停→尾盘兑现,-29067874278,1015463239.6,-30083337518,2615248078275,妖股期
2025-12-09,中南文化,2.82,挂涨停价排队·尾盘开缝成交,163477406800,461006287176,2025-12-10,尾盘14:50,2.77,没涨停→尾盘兑现,-8173870340,685379028.0,-8859249368,3067740870798,妖股期
2025-12-10,多利科技,24.385,挂涨停价排队·尾盘开缝成交,41934807800,1022580288203,2025-12-11,尾盘14:50,23.88,没涨停→尾盘兑现,-21302882362,1517893270.5,-22820775633,1909486708860,平淡期
2025-12-10,广宇集团,3.77,挂涨停价排队·尾盘开缝成交,180827637700,681720194129,2025-12-11,尾盘14:50,3.66,没涨停→尾盘兑现,-19891040147,1007662011.1,-20898702158,2570819490977,平淡期
2025-12-10,光电股份,21.11697854,挂涨停价排队·尾盘开缝成交,21522024400,454480127392,2025-12-11,尾盘14:50,21.47,没涨停→尾盘兑现,7524505420,687363570.2,6837141850,3032477620314,平淡期
2025-12-12,四川九洲,17.8179771,挂涨停价排队·尾盘开缝成交,56730675300,1010825873363,2025-12-15,尾盘14:50,17.05,没涨停→尾盘兑现,-43604253361,1483535620.0,-45087788981,1865008092471,妖股期
2025-12-12,银星能源,6.2,挂涨停价排队·尾盘开缝成交,108690954100,673883915420,2025-12-15,尾盘14:50,6.07,没涨停→尾盘兑现,-14129824033,1000228505.1,-15130052538,2524267368289,妖股期
2025-12-12,江苏神通,15.92,挂涨停价排队·尾盘开缝成交,28219594400,449255942848,2025-12-15,尾盘14:50,15.79,没涨停→尾盘兑现,-3668547272,671132503.8,-4339679776,2969520573318,妖股期
2025-12-15,太钢不锈,4.851,挂涨停价排队·尾盘开缝成交,204048689100,989840190824,2025-12-16,尾盘14:50,4.91,没涨停→尾盘兑现,12242921346,1493942477.2,10748978869,1881189498740,平淡期
2025-12-15,华茂股份,4.673,挂涨停价排队·尾盘开缝成交,141214093900,659893460795,2025-12-16,尾盘14:50,4.62,没涨停→尾盘兑现,-7060704695,984544662.7,-8045249358,2533532630272,平淡期
2025-12-15,三维通信,12.14,挂涨停价排队·尾盘开缝成交,36237971400,439928972796,2025-12-16,尾盘14:50,12.07,没涨停→尾盘兑现,-2536657998,657990965.7,-3194648964,2970596900834,平淡期
2025-12-16,黑芝麻,6.68,挂涨停价排队·尾盘开缝成交,148233378200,990198966376,2025-12-17,尾盘14:50,6.55,没涨停→尾盘兑现,-19270339166,1470845695.2,-20741184861,1850377291656,恐慌期
2025-12-16,大唐电信,9.46,挂涨停价排队·尾盘开缝成交,69781463500,660132644710,2025-12-17,尾盘14:50,9.12,没涨停→尾盘兑现,-23725697590,972404693.9,-24698102284,2486306933566,恐慌期
2025-12-16,欧亚集团,14.2331083,挂涨停价排队·尾盘开缝成交,30920050600,440088428831,2025-12-17,尾盘14:50,14.29,没涨停→尾盘兑现,1836252137,661509832.3,1174742305,2927900171024,恐慌期
2025-12-17,通鼎互联,6.22,挂涨停价排队·尾盘开缝成交,156907833300,975966723126,2025-12-18,次日早盘9:30,6.5,又涨停→隔夜后早盘兑现,43934193324,1496900729.7,42437292594,1886661969731,妖股期
2025-12-17,航天晨光,27.04,挂涨停价排队·尾盘开缝成交,24062295900,650644481136,2025-12-18,尾盘14:50,26.1,没涨停→尾盘兑现,-22618558146,959002803.1,-23577560949,2514216873278,妖股期
2025-12-17,苏利股份,12.87118764,挂涨停价排队·尾盘开缝成交,33700308000,433762987794,2025-12-19,次日早盘9:30,14.46,又涨停→隔夜后早盘兑现,53663816426,690892344.0,52972924082,1604490956192,妖股期
2025-12-18,奥佳华,7.5522062,挂涨停价排队·尾盘开缝成交,73980350300,558714860214,2025-12-19,尾盘14:50,7.69,没涨停→尾盘兑现,10158452004,845691129.3,9312760875,2172937613426,妖股期
2025-12-18,神剑股份,7.43,挂涨停价排队·尾盘开缝成交,112795732300,838072290989,2025-12-22,次日早盘9:30,8.99,又涨停→隔夜后早盘兑现,175961342388,1389079443.3,174572262945,1979023159146,妖股期
2025-12-19,通程控股,6.8681523,挂涨停价排队·尾盘开缝成交,105459591700,724312537291,2025-12-22,尾盘14:50,6.68,没涨停→尾盘兑现,-19520479728,1071828446.1,-20592308175,2683286622666,妖股期
2025-12-19,德联集团,5.48,挂涨停价排队·尾盘开缝成交,88115880500,482875025140,2025-12-23,次日早盘9:30,5.99,又涨停→隔夜后早盘兑现,44939099055,758016862.0,44181082193,1719990097293,妖股期
2025-12-22,北斗星通,36.43,挂涨停价排队·尾盘开缝成交,16367991100,596285915773,2025-12-23,尾盘14:50,34.45,没涨停→尾盘兑现,-32408622378,870122406.9,-33278744785,2283444482718,平淡期
2025-12-22,创元科技,12.49195892,挂涨停价排队·尾盘开缝成交,71600369400,894428873202,2025-12-24,次日早盘9:30,15.11,又涨停→隔夜后早盘兑现,187737265484,1482446258.9,186254819226,2096218729978,平淡期
2025-12-23,章源钨业,16.14,挂涨停价排队·尾盘开缝成交,31439411800,507432106452,2025-12-24,尾盘14:50,14.88,没涨停→尾盘兑现,-39613658868,731437915.5,-40345096784,2563686313727,妖股期
2025-12-23,九鼎新材,9.325,挂涨停价排队·尾盘开缝成交,81624467600,761148160370,2025-12-25,次日早盘9:30,11.29,又涨停→隔夜后早盘兑现,160800201172,1262322391.4,159537878781,2060673040625,妖股期
2025-12-24,博云新材,11.26,挂涨停价排队·尾盘开缝成交,75893614900,854562103774,2025-12-26,次日早盘9:30,13.63,又涨停→隔夜后早盘兑现,179867867313,1416744056.1,178451123257,2407436180583,平淡期
2025-12-24,隆基机械,9.26276035,挂涨停价排队·尾盘开缝成交,61505215300,569708069599,2025-12-26,次日早盘9:30,10.68,又涨停→隔夜后早盘兑现,86945841999,919771485.9,86026070513,3063597601747,平淡期
2025-12-25,中旗新材,54.23,挂涨停价排队·尾盘开缝成交,12666255000,686891008650,2025-12-26,尾盘14:50,53.0,没涨停→尾盘兑现,-15579493650,1018651892.7,-16598145543,3734405633111,妖股期
2025-12-26,金螳螂,3.54384968,挂涨停价排队·尾盘开缝成交,351256963500,1244801877697,2025-12-29,尾盘14:50,3.47,没涨停→尾盘兑现,-27509433761,1846570741.2,-29356004502,2322870032868,平淡期
2025-12-26,苏州科达,11.06,挂涨停价排队·尾盘开缝成交,50022177100,553245278726,2025-12-29,尾盘14:50,10.71,没涨停→尾盘兑现,-17507761985,816737096.6,-18324499082,2858205746472,平淡期
2025-12-26,苏州高新,6.59061287,挂涨停价排队·尾盘开缝成交,125916653700,829867918423,2025-12-30,次日早盘9:30,7.18,又涨停→隔夜后早盘兑现,74072930691,1300356575.7,72772574116,2173576559000,平淡期
2025-12-29,凯瑞德,7.72,挂涨停价排队·尾盘开缝成交,123411301600,952735248352,2025-12-30,尾盘14:50,7.32,没涨停→尾盘兑现,-49364520640,1392079482.0,-50756600122,3076269758666,平淡期
2025-12-29,御银股份,7.77,挂涨停价排队·尾盘开缝成交,81744766100,635156832597,2025-12-31,次日早盘9:30,8.4,又涨停→隔夜后早盘兑现,51499202643,991359650.9,50507842992,2053372048006,平淡期
2025-12-30,巨力索具,8.574,挂涨停价排队·尾盘开缝成交,119596833700,1025423252144,2025-12-31,尾盘14:50,9.19,没涨停→尾盘兑现,74150036894,1593747405.9,72556289488,3152120657077,平淡期
2025-12-30,新时达,17.15,挂涨停价排队·尾盘开缝成交,39860962200,683615501730,2025-12-31,尾盘14:50,17.74,没涨停→尾盘兑现,23517967698,1043061728.4,22474905970,3858723776402,平淡期
2025-12-31,百达精工,14.25,挂涨停价排队·尾盘开缝成交,90262544400,1286241257700,2026-01-05,尾盘14:50,13.81,没涨停→尾盘兑现,-39715519536,1899575246.9,-41615094783,3818073362563,平淡期
2026-01-05,康弘药业,31.85129493,挂涨停价排队·尾盘开缝成交,26638186900,848460747352,2026-01-06,尾盘14:50,32.6,没涨停→尾盘兑现,20072774733,1287745702.1,18785029031,1999163118871,平淡期
2026-01-05,嘉事堂,15.685,挂涨停价排队·尾盘开缝成交,81140651600,1272691120346,2026-01-07,次日早盘9:30,19.0,又涨停→隔夜后早盘兑现,269386963312,2111076903.0,267275886409,2873696939976,平淡期
2026-01-05,快意电梯,9.96197868,挂涨停价排队·尾盘开缝成交,56779934600,565640497937,2026-01-07,次日早盘9:30,10.73,又涨停→隔夜后早盘兑现,43766502779,881285624.0,42885217155,3482646885442,平淡期
2026-01-06,航天电器,56.7474426,挂涨停价排队·尾盘开缝成交,11743043800,666387703990,2026-01-07,尾盘14:50,57.16,没涨停→尾盘兑现,4805962333,1003186027.7,3802776305,4153337156515,平淡期
2026-01-07,展鹏科技,8.7,挂涨停价排队·尾盘开缝成交,159131691800,1384445718660,2026-01-09,次日早盘9:30,10.52,又涨停→隔夜后早盘兑现,289619679076,2293883337.3,287325795739,2903428266113,平淡期
2026-01-08,国际实业,6.34712533,挂涨停价排队·尾盘开缝成交,145414461600,922963812570,2026-01-09,尾盘14:50,6.58,没涨停→尾盘兑现,33325224002,1409439636.9,31915784365,3859000085907,平淡期
2026-01-08,融发核电,8.83,挂涨停价排队·尾盘开缝成交,69683942000,615309207860,2026-01-09,尾盘14:50,8.79,没涨停→尾盘兑现,-2787357680,920873293.5,-3708230974,4471062544699,平淡期
2026-01-09,海亮股份,13.96740005,挂涨停价排队·尾盘开缝成交,71134889100,993569453572,2026-01-12,尾盘14:50,14.33,没涨停→尾盘兑现,25458007351,1509447685.9,23948559665,2343022463686,平淡期
2026-01-09,辉煌科技,12.2630651,挂涨停价排队·尾盘开缝成交,54014198800,662379636209,2026-01-12,尾盘14:50,12.93,没涨停→尾盘兑现,36236375915,1020746736.2,35215629179,3041114513800,平淡期
2026-01-09,国新健康,10.55,挂涨停价排队·尾盘开缝成交,141265799200,1490354181560,2026-01-13,次日早盘9:30,12.5,又涨停→隔夜后早盘兑现,275468308440,2442132503.7,273026175936,3116104574743,平淡期
2026-01-12,鲁阳节能,12.02279906,挂涨停价排队·尾盘开缝成交,84315210800,1013704837150,2026-01-13,尾盘14:50,11.23,没涨停→尾盘兑现,-66552279140,1470643046.4,-68022922187,4062546768334,平淡期
2026-01-12,天娱数科,8.08,挂涨停价排队·尾盘开缝成交,83639013000,675803225040,2026-01-13,尾盘14:50,7.74,没涨停→尾盘兑现,-28437264420,992376889.2,-29429641309,4709427204484,平淡期
2026-01-13,东南网架,5.62222497,挂涨停价排队·尾盘开缝成交,279214915100,1569809067672,2026-01-14,尾盘14:50,5.4,没涨停→尾盘兑现,-61342450246,2308706763.8,-63651157010,2902721106486,恐慌期
2026-01-13,澳洋健康,4.6,挂涨停价排队·尾盘开缝成交,227508560600,1046539378760,2026-01-14,次日早盘9:30,4.56,又涨停→隔夜后早盘兑现,-9100342424,1562983811.3,-10663326235,3939382063545,恐慌期
2026-01-13,外服控股,5.48897024,挂涨停价排队·尾盘开缝成交,127108162100,697692919028,2026-01-15,次日早盘9:30,6.59,又涨停→隔夜后早盘兑现,140029916847,1151561816.2,138878355031,2587931017755,恐慌期
2026-01-14,云鼎科技,13.07,挂涨停价排队·尾盘开缝成交,100468810500,1313127353235,2026-01-15,尾盘14:50,12.61,没涨停→尾盘兑现,-46215652830,1935029290.2,-48150682120,3853892534385,平淡期
2026-01-14,太阳能,5.047,挂涨停价排队·尾盘开缝成交,173453187300,875418236303,2026-01-15,尾盘14:50,5.08,没涨停→尾盘兑现,5203595619,1317030051.2,3886565568,4733853899933,平淡期
2026-01-15,锌业股份,4.8206781,挂涨停价排队·尾盘开缝成交,327329738100,1577951299937,2026-01-16,尾盘14:50,4.93,没涨停→尾盘兑现,35936779088,2393879534.2,33542899553,3015301044217,妖股期
2026-01-15,沃尔核材,29.616,挂涨停价排队·尾盘开缝成交,35520243500,1051967531496,2026-01-16,尾盘14:50,30.95,没涨停→尾盘兑现,47241923855,1613382740.1,45628541115,4113686092476,妖股期
2026-01-15,江山股份,25.11801032,挂涨停价排队·尾盘开缝成交,27920670400,701311687249,2026-01-16,尾盘14:50,24.05,没涨停→尾盘兑现,-29754302354,1029651804.1,-30783954158,4784739809332,妖股期
2026-01-16,宁波华翔,31.953,挂涨停价排队·尾盘开缝成交,49914351300,1594913267089,2026-01-19,尾盘14:50,33.8,没涨停→尾盘兑现,92341549905,2461626063.1,89879923842,3103690061722,恐慌期
2026-01-16,森源电气,6.4251933,挂涨停价排队·尾盘开缝成交,165485373600,1063275513703,2026-01-20,次日早盘9:30,7.78,又涨停→隔夜后早盘兑现,224194526920,1763059165.7,222431467755,3355631148122,恐慌期
2026-01-16,汉缆股份,4.33594588,挂涨停价排队·尾盘开缝成交,163482285600,708850342700,2026-01-20,次日早盘9:30,5.25,又涨停→隔夜后早盘兑现,149573925524,1175455958.2,148398469566,4213411598145,恐慌期
2026-01-19,许继电气,32.179,挂涨停价排队·尾盘开缝成交,32150264200,1034563351692,2026-01-20,尾盘14:50,32.67,没涨停→尾盘兑现,15753629458,1563660249.6,14189969208,5262940841559,主线期
2026-01-20,大悦城,3.25,挂涨停价排队·尾盘开缝成交,539788804200,1754313613650,2026-01-21,尾盘14:50,3.26,没涨停→尾盘兑现,5397888042,2635518836.5,2762369205,3317781598376,平淡期
2026-01-20,赞宇科技,11.98921308,挂涨停价排队·尾盘开缝成交,65033037100,779694939031,2026-01-21,尾盘14:50,12.21,没涨停→尾盘兑现,14152878431,1180157067.4,12972721364,4111034029975,平淡期
2026-01-20,红宝丽,8.68633208,挂涨停价排队·尾盘开缝成交,134641687400,1169542408568,2026-01-22,次日早盘9:30,9.56,又涨停→隔夜后早盘兑现,118027215544,1842834024.5,116184381519,3113730184920,平淡期
2026-01-21,深纺织A,13.592,挂涨停价排队·尾盘开缝成交,100819943800,1370344676130,2026-01-22,尾盘14:50,13.23,没涨停→尾盘兑现,-36295179768,2028295629.4,-38323475397,4446779144159,平淡期
2026-01-21,广合科技,94.864,挂涨停价排队·尾盘开缝成交,9630240300,913563115819,2026-01-23,次日早盘9:30,103.8,又涨停→隔夜后早盘兑现,86094348282,1434915434.9,84659432847,2975254007681,平淡期
2026-01-22,国安股份,2.97,挂涨停价排队·尾盘开缝成交,499077345000,1482259714650,2026-01-23,尾盘14:50,2.89,没涨停→尾盘兑现,-39926187600,2193444931.3,-42119632531,4416505784586,平淡期
2026-01-22,天润工业,6.974,挂涨停价排队·尾盘开缝成交,141693883400,988173142832,2026-01-23,尾盘14:50,7.0,没涨停→尾盘兑现,4250816502,1485447826.6,2765368675,5408185425950,平淡期
2026-01-23,烽火电子,13.15,挂涨停价排队·尾盘开缝成交,137089617800,1802728474070,2026-01-26,尾盘14:50,12.41,没涨停→尾盘兑现,-101446317172,2628007973.2,-104074325145,3302431507641,平淡期
2026-01-23,渝三峡A,8.785,挂涨停价排队·尾盘开缝成交,136803526900,1201818983816,2026-01-26,尾盘14:50,8.65,没涨停→尾盘兑现,-17784458497,1789390131.9,-19573848629,4485578007066,平淡期
2026-01-23,诚志股份,6.579,挂涨停价排队·尾盘开缝成交,121783349400,801212655703,2026-01-26,尾盘14:50,6.4,没涨停→尾盘兑现,-21799219543,1185469568.9,-22984689111,5264406883149,平淡期
2026-01-26,科华生物,6.95,挂涨停价排队·尾盘开缝成交,252489538700,1754802293965,2026-01-27,尾盘14:50,7.09,没涨停→尾盘兑现,35348535418,2658714842.5,32689820575,3348632478626,恐慌期
2026-01-26,恒邦股份,18.786,挂涨停价排队·尾盘开缝成交,62273405500,1169868195723,2026-01-27,尾盘14:50,19.34,没涨停→尾盘兑现,34250373025,1780490073.4,32469882952,4551847958447,恐慌期
2026-01-26,鲁抗医药,10.15896288,挂涨停价排队·尾盘开缝成交,76770841700,779912131097,2026-01-27,尾盘14:50,10.25,没涨停→尾盘兑现,6861397048,1175014244.4,5686382803,5338031406445,恐慌期
2026-01-27,永臻股份,23.35,挂涨停价排队·尾盘开缝成交,76203160600,1779343800010,2026-01-28,尾盘14:50,23.11,没涨停→尾盘兑现,-18288758544,2655299131.1,-20944057675,5318421856620,平淡期
2026-01-28,中金岭南,8.525,挂涨停价排队·尾盘开缝成交,207953933700,1772807284792,2026-01-29,尾盘14:50,8.49,没涨停→尾盘兑现,-6238618011,2654531963.7,-8893149975,3341072439799,主线期
2026-01-28,中色股份,8.945,挂涨停价排队·尾盘开缝成交,88084331900,787914348846,2026-01-29,尾盘14:50,8.74,没涨停→尾盘兑现,-17616866380,1168658873.5,-18785525253,4110792199153,主线期
2026-01-28,北方铜业,18.4987693,挂涨停价排队·尾盘开缝成交,63889197400,1181871523465,2026-01-30,次日早盘9:30,19.79,又涨停→隔夜后早盘兑现,82794208328,1834902941.4,80959305387,3090735988991,主线期
2026-01-29,深深房A,21.935,挂涨停价排队·尾盘开缝成交,62469298600,1370264064791,2026-01-30,尾盘14:50,22.05,没涨停→尾盘兑现,6871622846,2060549814.3,4811073032,4466838824862,主线期
2026-01-29,我爱我家,3.33,挂涨停价排队·尾盘开缝成交,274327140500,913509377865,2026-01-30,次日早盘9:30,3.34,又涨停→隔夜后早盘兑现,2743271405,1372321520.4,1370949885,5382404284645,主线期
2026-01-30,登海种业,11.29,挂涨停价排队·尾盘开缝成交,158913619200,1794134760768,2026-02-02,尾盘14:50,11.64,没涨停→尾盘兑现,55619766720,2732916966.2,52886849754,3443153667374,妖股期
2026-01-30,实益达,10.08257718,挂涨停价排队·尾盘开缝成交,118629376100,1196089840343,2026-02-02,尾盘14:50,9.66,没涨停→尾盘兑现,-49542182736,1756978123.5,-51299160860,4588841414238,妖股期
2026-01-30,敦煌种业,7.92,挂涨停价排队·尾盘开缝成交,100680963100,797393227752,2026-02-02,尾盘14:50,7.46,没涨停→尾盘兑现,-46313243026,1161354909.4,-47474597935,5339358088976,妖股期
2026-02-03,键邦股份,34.76403458,挂涨停价排队·尾盘开缝成交,34130791600,1186524019425,2026-02-04,尾盘14:50,36.61,没涨停→尾盘兑现,63073297403,1827091002.2,61246206401,3621708161522,平淡期
2026-02-03,银轮股份,39.162,挂涨停价排队·尾盘开缝成交,45446760300,1779786026869,2026-02-05,次日早盘9:30,43.48,又涨停→隔夜后早盘兑现,196330004496,2816926543.7,193513077952,3584282017076,平淡期
2026-02-04,荣安地产,2.04,挂涨停价排队·尾盘开缝成交,591782379300,1207236053772,2026-02-05,尾盘14:50,2.05,没涨停→尾盘兑现,5917823793,1815292448.5,4102531344,4796526029233,平淡期
2026-02-04,英威腾,10.01,挂涨停价排队·尾盘开缝成交,80402001500,804824035015,2026-02-05,尾盘14:50,9.59,没涨停→尾盘兑现,-33768840630,1181909422.0,-34950750052,5567002932222,平淡期
2026-02-05,山东海化,6.3,挂涨停价排队·尾盘开缝成交,294550419600,1855667643480,2026-02-06,尾盘14:50,6.39,没涨停→尾盘兑现,26509537764,2803383618.5,23706154145,3530247899401,妖股期
2026-02-05,二六三,7.34,挂涨停价排队·尾盘开缝成交,168543836900,1237111762846,2026-02-06,尾盘14:50,7.11,没涨停→尾盘兑现,-38765082487,1826593832.4,-40591676319,4727695819750,妖股期
2026-02-05,拉芳家化,21.33,挂涨停价排队·尾盘开缝成交,38665784100,824741174853,2026-02-06,尾盘14:50,20.62,没涨停→尾盘兑现,-27452706711,1216522232.2,-28669228943,5524386321541,妖股期
2026-02-06,汉森制药,7.24447284,挂涨停价排队·尾盘开缝成交,169459038900,1227641404804,2026-02-09,尾盘14:50,7.65,没涨停→尾盘兑现,69550171814,1893624736.1,67656547078,2933073889973,平淡期
2026-02-06,联诚精密,25.73,挂涨停价排队·尾盘开缝成交,31808301700,818427602741,2026-02-09,尾盘14:50,24.82,没涨停→尾盘兑现,-28945554547,1205932238.2,-30151486785,3721963826631,平淡期
2026-02-06,海翔药业,7.51,挂涨停价排队·尾盘开缝成交,245201345800,1841462106958,2026-02-10,次日早盘9:30,8.26,又涨停→隔夜后早盘兑现,183901009350,2900118917.4,181000890433,3678050239741,平淡期
2026-02-09,*ST康佳A,4.05,挂涨停价排队·尾盘开缝成交,306334471300,1240654608765,2026-02-10,尾盘14:50,4.02,没涨停→尾盘兑现,-9190034139,1854089387.5,-11044123527,4908591215936,平淡期
2026-02-09,红太阳,6.72,挂涨停价排队·尾盘开缝成交,123080814300,827103072096,2026-02-10,尾盘14:50,6.41,没涨停→尾盘兑现,-38155052433,1212038318.8,-39367090752,5696947524584,平淡期
2026-02-10,航锦科技,23.62,挂涨停价排队·尾盘开缝成交,80397227200,1898982506464,2026-02-11,尾盘14:50,23.76,没涨停→尾盘兑现,11255611808,2856915468.6,8398696339,3596789893111,平淡期
2026-02-10,共达电声,14.0700736,挂涨停价排队·尾盘开缝成交,89977378600,1265988339237,2026-02-11,尾盘14:50,13.99,没涨停→尾盘兑现,-7193115564,1893587672.2,-9086703236,4854641020367,平淡期
2026-02-10,儒意电影,13.87,挂涨停价排队·尾盘开缝成交,60850196500,843992225455,2026-02-11,尾盘14:50,12.48,没涨停→尾盘兑现,-84581773135,1202552008.3,-85784325143,5613481914848,平淡期
2026-02-11,金正大,2.27,挂涨停价排队·尾盘开缝成交,824299840600,1871160638162,2026-02-12,尾盘14:50,2.2,没涨停→尾盘兑现,-57700988842,2763465215.6,-60464454058,3475353456580,平淡期
2026-02-11,北矿科技,26.26539024,挂涨停价排队·尾盘开缝成交,31662463100,831626949281,2026-02-12,尾盘14:50,25.91,没涨停→尾盘兑现,-11323211110,1238948015.6,-12562159125,4295041966947,平淡期
2026-02-11,卓郎智能,2.98,挂涨停价排队·尾盘开缝成交,418604169600,1247440425408,2026-02-13,次日早盘9:30,3.23,又涨停→隔夜后早盘兑现,104651042400,1949648919.9,102701393480,3259984941699,平淡期
2026-02-12,和胜股份,24.7314768,挂涨停价排队·尾盘开缝成交,57889007800,1431680653381,2026-02-13,尾盘14:50,22.35,没涨停→尾盘兑现,-137993315989,2044025993.1,-140037341982,4552702013588,平淡期
2026-02-12,金开新能,6.51,挂涨停价排队·尾盘开缝成交,146613482500,954453771075,2026-02-13,尾盘14:50,6.2,没涨停→尾盘兑现,-45450179575,1397593021.9,-46847772597,5461023852394,平淡期
2026-02-24,湖北宜化,16.63956075,挂涨停价排队·尾盘开缝成交,109398397600,1820341282818,2026-02-25,尾盘14:50,17.74,没涨停→尾盘兑现,120282137862,2820723527.6,117461414334,3557249095945,平淡期
2026-02-24,川发龙蟒,12.67,挂涨停价排队·尾盘开缝成交,95782230100,1213560855367,2026-02-25,尾盘14:50,13.66,没涨停→尾盘兑现,94824407799,1891459588.9,92932948210,4864653070164,平淡期
2026-02-24,青龙管业,13.581,挂涨停价排队·尾盘开缝成交,59571502200,809040571378,2026-02-25,尾盘14:50,13.94,没涨停→尾盘兑现,21445740792,1229645162.7,20216095629,5694516517600,平淡期
2026-02-25,江特电机,10.48,挂涨停价排队·尾盘开缝成交,181123298900,1898172172472,2026-02-26,尾盘14:50,10.68,没涨停→尾盘兑现,36224659780,2874426753.5,33350233026,3620210189005,平淡期
2026-02-25,ST司特,7.80132536,挂涨停价排队·尾盘开缝成交,162209375500,1265448114718,2026-02-26,尾盘14:50,7.6,没涨停→尾盘兑现,-33384937700,1873133468.8,-35258071169,4851349318640,平淡期
2026-02-25,华阳国际,16.97679692,挂涨停价排队·尾盘开缝成交,49693241900,843632076033,2026-02-26,尾盘14:50,15.45,没涨停→尾盘兑现,-75848591523,1208561670.4,-77057153193,5618556965537,平淡期
2026-02-26,智微智能,45.48061162,挂涨停价排队·尾盘开缝成交,41179136600,1872852318552,2026-02-27,尾盘14:50,46.96,没涨停→尾盘兑现,60802780717,2854880563.4,57947900154,3596962479328,平淡期
2026-02-26,科力远,8.14,挂涨停价排队·尾盘开缝成交,102257839100,832378810274,2026-02-27,尾盘14:50,8.36,没涨停→尾盘兑现,22496724602,1265440758.9,21231283843,4451196857553,平淡期
2026-02-26,北京科锐,11.1769728,挂涨停价排队·尾盘开缝成交,111708978600,1248568215328,2026-03-02,次日早盘9:30,12.29,又涨停→隔夜后早盘兑现,124856821533,1966494939.1,122890326594,3350704684126,平淡期
2026-02-27,四川美丰,7.89,挂涨停价排队·尾盘开缝成交,188052254200,1483732285638,2026-03-02,尾盘14:50,8.6,没涨停→尾盘兑现,133517100482,2325736253.8,131191364228,4966741133206,平淡期
2026-02-27,东方锆业,15.58,挂涨停价排队·尾盘开缝成交,63488758400,989154855872,2026-03-02,尾盘14:50,15.49,没涨停→尾盘兑现,-5713988256,1479446792.6,-7193435049,5949444420172,平淡期
2026-03-02,泸天化,5.35,挂涨停价排队·尾盘开缝成交,370681895300,1983148139855,2026-03-03,尾盘14:50,5.4,没涨停→尾盘兑现,18534094765,2988622780.9,15545471984,3762979321519,平淡期
2026-03-02,九安医疗,47.89471018,挂涨停价排队·尾盘开缝成交,18402850100,881399172025,2026-03-03,尾盘14:50,49.53,没涨停→尾盘兑现,30144104388,1344706836.3,28799397552,4673838940476,平淡期
2026-03-02,南京港,11.854,挂涨停价排队·尾盘开缝成交,111531867700,1322098759716,2026-03-04,次日早盘9:30,12.08,又涨停→隔夜后早盘兑现,25652329571,2002387386.8,23649942184,3424002028073,平淡期
2026-03-03,南京公用,7.64703391,挂涨停价排队·尾盘开缝成交,203732104700,1557946313197,2026-03-04,尾盘14:50,7.11,没涨停→尾盘兑现,-108834541931,2255293563.3,-111089835494,4872026965510,主线期
2026-03-03,陕天然气,8.77411552,挂涨停价排队·尾盘开缝成交,118374424500,1038630875177,2026-03-04,尾盘14:50,8.42,没涨停→尾盘兑现,-41361406534,1526925257.9,-42888331791,5868548482051,主线期
2026-03-04,超颖电子,79.4858966,挂涨停价排队·尾盘开缝成交,24610439200,1956182825532,2026-03-05,尾盘14:50,78.84,没涨停→尾盘兑现,-15965831700,2922299864.5,-18888131565,4547005602755,平淡期
2026-03-04,王力安防,11.20490496,挂涨停价排队·尾盘开缝成交,116388482500,1304121884851,2026-03-06,次日早盘9:30,13.56,又涨停→隔夜后早盘兑现,273956159839,2161649947.2,271794509891,3597785865871,平淡期
2026-03-05,沃顿科技,13.466,挂涨停价排队·尾盘开缝成交,75036810400,1010445688846,2026-03-06,尾盘14:50,13.53,没涨停→尾盘兑现,4502208624,1519045189.7,2983163434,4611972552419,平淡期
2026-03-05,华塑控股,3.63,挂涨停价排队·尾盘开缝成交,417539541100,1515668534193,2026-03-09,次日早盘9:30,3.84,又涨停→隔夜后早盘兑现,87683303631,2339265279.0,85344038352,3651914905673,平淡期
2026-03-06,宗申动力,25.29629732,挂涨停价排队·尾盘开缝成交,40515130500,1024882787087,2026-03-09,尾盘14:50,24.37,没涨停→尾盘兑现,-37720823017,1509033563.4,-39229856581,4638336498269,平淡期
2026-03-06,韶能股份,6.09,挂涨停价排队·尾盘开缝成交,252434184500,1537324183605,2026-03-10,次日早盘9:30,6.55,又涨停→隔夜后早盘兑现,116119724870,2393076069.1,113726648801,3713686713856,平淡期
2026-03-09,立新能源,9.33,挂涨停价排队·尾盘开缝成交,165714058500,1546112165805,2026-03-10,尾盘14:50,9.35,没涨停→尾盘兑现,3314281170,2321653959.6,992627210,5261951090995,平淡期
2026-03-09,黑猫股份,9.52,挂涨停价排队·尾盘开缝成交,108271160100,1030741444152,2026-03-10,尾盘14:50,9.37,没涨停→尾盘兑现,-16240674015,1533931660.7,-17774605676,6275690985555,平淡期
2026-03-10,中电鑫龙,12.41,挂涨停价排队·尾盘开缝成交,168565430700,2091896994987,2026-03-11,尾盘14:50,12.66,没涨停→尾盘兑现,42141357675,3169451510.7,38971906164,3991901824185,平淡期
2026-03-10,科华数据,47.572,挂涨停价排队·尾盘开缝成交,29315521600,1394597993555,2026-03-11,尾盘14:50,46.53,没涨停→尾盘兑现,-30517457986,2069008896.8,-32586466882,5354959299353,平淡期
2026-03-10,凤形股份,25.23,挂涨停价排队·尾盘开缝成交,36850257500,929731996725,2026-03-11,尾盘14:50,24.68,没涨停→尾盘兑现,-20267641625,1379397263.9,-21647038889,6263741556187,平淡期
2026-03-11,中盐化工,9.89516066,挂涨停价排队·尾盘开缝成交,211003532300,2087913851936,2026-03-12,尾盘14:50,10.36,没涨停→尾盘兑现,98724296822,3205914000.5,95518382821,4968883306654,平淡期
2026-03-11,节能风电,4.03,挂涨停价排队·尾盘开缝成交,345395178100,1391942567743,2026-03-13,次日早盘9:30,4.61,又涨停→隔夜后早盘兑现,200329203298,2238160754.1,198091042544,3799470148822,平淡期
2026-03-12,安道麦A,6.8,挂涨停价排队·尾盘开缝成交,243572711100,1656294435480,2026-03-13,尾盘14:50,6.71,没涨停→尾盘兑现,-21921543999,2468000495.2,-24389544494,5432617260634,平淡期
2026-03-12,建投能源,10.5005092,挂涨停价排队·尾盘开缝成交,105156451800,1104196289565,2026-03-13,尾盘14:50,10.0,没涨停→尾盘兑现,-52629916605,1616821996.9,-54246738602,6483394958814,平淡期
2026-03-13,横店东磁,25.249,挂涨停价排队·尾盘开缝成交,85592762200,2161131652788,2026-03-16,尾盘14:50,23.1,没涨停→尾盘兑现,-184024438730,3103679150.1,-187128117880,3896630297696,平淡期
2026-03-13,海鸥住工,4.29,挂涨停价排队·尾盘开缝成交,335840194700,1440754435263,2026-03-16,尾盘14:50,4.13,没涨停→尾盘兑现,-53734431152,2120830829.5,-55855261982,5282610036804,平淡期
2026-03-13,天顺风能,12.42,挂涨停价排队·尾盘开缝成交,77335181700,960502956714,2026-03-16,尾盘14:50,12.19,没涨停→尾盘兑现,-17787091791,1427414116.2,-19214505907,6224618864829,平淡期
2026-03-16,深华发A,15.94,挂涨停价排队·尾盘开缝成交,130167688500,2074872954690,2026-03-18,次日早盘9:30,19.28,又涨停→隔夜后早盘兑现,434760079590,3438379491.7,431321700098,5274248083443,平淡期
2026-03-17,中洲控股,9.5,挂涨停价排队·尾盘开缝成交,145605119600,1383248636200,2026-03-18,尾盘14:50,9.39,没涨停→尾盘兑现,-16016563156,2062860531.9,-18079423688,6640454732432,平淡期
2026-03-18,深南电A,10.50950778,挂涨停价排队·尾盘开缝成交,210617372100,2213484910688,2026-03-19,尾盘14:50,10.57,没涨停→尾盘兑现,12600483363,3329677728.6,9270805634,4191957975785,平淡期
2026-03-18,新宏泰,34.31434755,挂涨停价排队·尾盘开缝成交,43004070000,1475656604045,2026-03-19,尾盘14:50,35.65,没涨停→尾盘兑现,57526318668,2256629645.1,55269689023,5723991011305,平淡期
2026-03-18,莎普爱思,7.8,挂涨停价排队·尾盘开缝成交,126124496400,983771071920,2026-03-19,尾盘14:50,7.47,没涨停→尾盘兑现,-41621083812,1444440795.0,-43065524607,6665434386922,平淡期
2026-03-20,豪鹏科技,51.508,挂涨停价排队·尾盘开缝成交,43135269500,2221811461406,2026-03-23,尾盘14:50,52.41,没涨停→尾盘兑现,38864877820,3361865850.5,35503011969,5221396116058,恐慌期
2026-03-20,广西能源,4.85200832,挂涨停价排队·尾盘开缝成交,305277226200,1481207641429,2026-03-23,尾盘14:50,5.05,没涨停→尾盘兑现,60705231206,2267340385.5,58437890821,6762152554038,恐慌期
2026-03-23,芯能科技,12.45969452,挂涨停价排队·尾盘开缝成交,120604928500,1502700566716,2026-03-24,尾盘14:50,13.07,没涨停→尾盘兑现,73129854895,2308898241.2,70820956654,4580049684948,恐慌期
2026-03-23,浙江新能,10.72377108,挂涨停价排队·尾盘开缝成交,210191996300,2254050851169,2026-03-25,次日早盘9:30,11.61,又涨停→隔夜后早盘兑现,186441009065,3520907033.6,182920102032,4474239133123,恐慌期
2026-03-24,福晶科技,64.70551384,挂涨停价排队·尾盘开缝成交,15729553100,1017788815809,2026-03-25,尾盘14:50,67.26,没涨停→尾盘兑现,40215146913,1556844583.9,38658302329,5531449592873,平淡期
2026-03-24,湖南发展,15.0577194,挂涨停价排队·尾盘开缝成交,101388742000,1526683227355,2026-03-26,次日早盘9:30,17.72,又涨停→隔夜后早盘兑现,269771291664,2492353309.8,267278938354,4253529220366,平淡期
2026-03-25,宝新能源,5.40106116,挂涨停价排队·尾盘开缝成交,341380420600,1843816530487,2026-03-26,尾盘14:50,5.55,没涨停→尾盘兑现,49299907232,2802699726.2,46497207506,6145225820757,平淡期
2026-03-25,甘肃能源,9.013089,挂涨停价排队·尾盘开缝成交,136380659300,1229211020150,2026-03-26,尾盘14:50,8.73,没涨停→尾盘兑现,-38537426578,1814913460.3,-40352340038,7335006409133,平淡期
2026-03-26,惠天热电,4.9,挂涨停价排队·尾盘开缝成交,498980027800,2445002136220,2026-03-27,尾盘14:50,4.86,没涨停→尾盘兑现,-19959201112,3652533803.5,-23611734915,4596559386200,平淡期
2026-03-26,远程股份,5.95256974,挂涨停价排队·尾盘开缝成交,273831554300,1630001423983,2026-03-27,尾盘14:50,5.88,没涨停→尾盘兑现,-19080284227,2430691922.8,-21510976150,6206272335102,平淡期
2026-03-26,新宝股份,14.39888898,挂涨停价排队·尾盘开缝成交,75468851600,1086667615636,2026-03-27,尾盘14:50,14.51,没涨停→尾盘兑现,8092988336,1636071164.7,6456917171,7300211868621,平淡期
2026-03-27,川能动力,16.16,挂涨停价排队·尾盘开缝成交,150581927900,2433403954864,2026-03-30,尾盘14:50,17.15,没涨停→尾盘兑现,149076108621,3761913013.8,145314195607,4743568943380,平淡期
2026-03-27,天原股份,6.31,挂涨停价排队·尾盘开缝成交,257094976900,1622269304239,2026-03-30,次日早盘9:30,6.11,又涨停→隔夜后早盘兑现,-51418995380,2394839709.8,-53813835090,6313241114507,平淡期
2026-03-27,山东矿机,3.64547712,挂涨停价排队·尾盘开缝成交,296672516100,1081512869575,2026-03-30,次日早盘9:30,3.58,又涨停→隔夜后早盘兑现,-20684672369,1606755800.1,-22291428169,7373273690566,平淡期
2026-03-30,亚太药业,7.18,挂涨停价排队·尾盘开缝成交,342306113700,2457757896366,2026-03-31,尾盘14:50,7.43,没涨停→尾盘兑现,85576528425,3750819240.9,81825709184,7456942718172,平淡期
2026-03-31,富奥股份,5.35951752,挂涨停价排队·尾盘开缝成交,463781966000,2485647572237,2026-04-01,尾盘14:50,5.01,没涨停→尾盘兑现,-160941209713,3607765451.1,-164548975164,4532427343822,妖股期
2026-03-31,襄阳轴承,12.64,挂涨停价排队·尾盘开缝成交,131099555500,1657098381520,2026-04-01,尾盘14:50,12.97,没涨停→尾盘兑现,43262853315,2518094712.3,40744758603,6231513307731,妖股期
2026-03-31,钱江摩托,15.8561706,挂涨停价排队·尾盘开缝成交,69672071600,1104732253345,2026-04-01,尾盘14:50,15.08,没涨停→尾盘兑现,-54341958473,1616341911.2,-55958300384,7281115809882,妖股期
2026-04-01,齐翔腾达,6.51,挂涨停价排队·尾盘开缝成交,248544659800,1618025735298,2026-04-02,尾盘14:50,6.3,没涨停→尾盘兑现,-52194378558,2387892819.0,-54582271377,3722024631617,平淡期
2026-04-01,中京电子,12.29,挂涨停价排队·尾盘开缝成交,87769228900,1078683823181,2026-04-02,尾盘14:50,12.17,没涨停→尾盘兑现,-10532307468,1610126504.2,-12142433972,4789375033694,平淡期
2026-04-01,北大医药,6.56,挂涨停价排队·尾盘开缝成交,369975396800,2427038603008,2026-04-03,次日早盘9:30,7.4,又涨停→隔夜后早盘兑现,310779333312,3873642404.5,306905690908,4864375700340,平淡期
2026-04-02,乐山电力,12.6243896,挂涨停价排队·尾盘开缝成交,84305506700,1064305562006,2026-04-03,尾盘14:50,11.37,没涨停→尾盘兑现,-106093750643,1516888030.0,-107610638673,5821868852845,平淡期
2026-04-02,汇源通信,17.15,挂涨停价排队·尾盘开缝成交,93087950100,1596458344215,2026-04-07,次日早盘9:30,20.76,又涨停→隔夜后早盘兑现,336047499861,2646723141.2,333400776720,5812302367513,平淡期
2026-04-03,圣泉集团,32.08442592,挂涨停价排队·尾盘开缝成交,60484889300,1940622950025,2026-04-08,次日早盘9:30,35.62,又涨停→隔夜后早盘兑现,213630093481,3071156995.1,210558936486,4735882850727,恐慌期
2026-04-07,深粮控股,7.68726896,挂涨停价排队·尾盘开缝成交,252031525400,1937434122149,2026-04-08,尾盘14:50,7.82,没涨停→尾盘兑现,34597037896,2932098961.6,31664938934,6706434987402,主线期
2026-04-07,泰达股份,4.2,挂涨停价排队·尾盘开缝成交,307529225800,1291622748360,2026-04-08,尾盘14:50,4.22,没涨停→尾盘兑现,6150584516,1942047060.9,4208537455,8003234990278,主线期
2026-04-08,创元科技,13.89767816,挂涨停价排队·尾盘开缝成交,191956164600,2667744996439,2026-04-09,尾盘14:50,13.9,没涨停→尾盘兑现,0,4001617494.7,-4001617495,5037073074706,主线期
2026-04-08,ST合力泰,2.46,挂涨停价排队·尾盘开缝成交,481977416000,1185664443360,2026-04-09,尾盘14:50,2.57,没涨停→尾盘兑现,53017515760,1818259801.9,51199255958,6274826022356,主线期
2026-04-08,大为股份,29.55,挂涨停价排队·尾盘开缝成交,60186012300,1778496663465,2026-04-10,次日早盘9:30,33.09,又涨停→隔夜后早盘兑现,213058483542,2827538857.9,210230944684,4778873048242,主线期
2026-04-09,安洁科技,15.60750975,挂涨停价排队·尾盘开缝成交,134012966000,2091608673471,2026-04-10,尾盘14:50,15.33,没涨停→尾盘兑现,-37184154195,3109524894.6,-40293679090,6831756749129,平淡期
2026-04-09,恒铭达,64.93208238,挂涨停价排队·尾盘开缝成交,21474835400,1394405781290,2026-04-10,尾盘14:50,66.96,没涨停→尾盘兑现,43535166725,2124260047.0,41410906678,8268619241433,平淡期
2026-04-10,隆基机械,8.57077185,挂涨停价排队·尾盘开缝成交,321582053700,2756206413317,2026-04-13,尾盘14:50,8.33,没涨停→尾盘兑现,-76296371303,4077087341.5,-80373458644,5127861367218,妖股期
2026-04-10,凌云股份,10.49599408,挂涨停价排队·尾盘开缝成交,175064022300,1837470941682,2026-04-13,尾盘14:50,11.16,没涨停→尾盘兑现,115799836918,2843056290.2,112956780628,7079667192733,妖股期
2026-04-10,南京医药,5.85334475,挂涨停价排队·尾盘开缝成交,209278742500,1224980628699,2026-04-13,尾盘14:50,5.67,没涨停→尾盘兑现,-38470466025,1808618093.5,-40279084119,8265287472785,妖股期
2026-04-13,洪田股份,47.97,挂涨停价排队·尾盘开缝成交,57433725700,2755095821829,2026-04-14,尾盘14:50,48.41,没涨停→尾盘兑现,25270839308,4151596862.2,21119242446,8288473037097,平淡期
2026-04-14,南山控股,2.74,挂涨停价排队·尾盘开缝成交,1008330053100,2762824345494,2026-04-15,尾盘14:50,2.69,没涨停→尾盘兑现,-50416502655,4106424141.2,-54522926796,5166217400795,平淡期
2026-04-14,航天长峰,19.23,挂涨停价排队·尾盘开缝成交,63854494600,1227921931158,2026-04-15,尾盘14:50,19.94,没涨停→尾盘兑现,45336691166,1875885415.1,43460805751,6438521079152,平淡期
2026-04-14,汇通能源,29.35349762,挂涨停价排队·尾盘开缝成交,62748328000,1841882896607,2026-04-16,次日早盘9:30,31.96,又涨停→隔夜后早盘兑现,163569729845,2885501642.3,160684228203,4865513462405,平淡期
2026-04-15,华菱线缆,21.335,挂涨停价排队·尾盘开缝成交,100594032900,2146173691922,2026-04-16,尾盘14:50,22.14,没涨停→尾盘兑现,80475226320,3279616957.6,77195609362,7090492393958,平淡期
2026-04-15,海正药业,11.16557144,挂涨停价排队·尾盘开缝成交,128142340900,1430782461808,2026-04-16,尾盘14:50,11.3,没涨停→尾盘兑现,17586439390,2159363522.3,15427075868,8537775018480,平淡期
2026-04-16,苏常柴A,6.718,挂涨停价排队·尾盘开缝成交,423626824300,2845925005647,2026-04-17,尾盘14:50,6.59,没涨停→尾盘兑现,-55071487159,4227583893.1,-59299071052,5318471495882,平淡期
2026-04-16,劲旅环境,19.529,挂涨停价排队·尾盘开缝成交,97152098800,1897283337465,2026-04-17,次日早盘9:30,19.74,又涨停→隔夜后早盘兑现,20790549143,2861517918.1,17929031225,7235106827075,平淡期
2026-04-16,联合精密,22.28017012,挂涨停价排队·尾盘开缝成交,56770462300,1264855557835,2026-04-17,尾盘14:50,23.46,没涨停→尾盘兑现,66996178239,1947530470.4,65048647768,8565959674347,平淡期
2026-04-17,海亮股份,17.28776419,挂涨停价排队·尾盘开缝成交,165164208600,2855319890905,2026-04-20,尾盘14:50,17.8,没涨停→尾盘兑现,85380468273,4347015187.6,81033453086,5476556960856,主线期
2026-04-17,*ST春兴,3.44,挂涨停价排队·尾盘开缝成交,553356568100,1903546594264,2026-04-20,尾盘14:50,3.47,没涨停→尾盘兑现,16600697043,2867770414.2,13732926629,7395264141694,主线期
2026-04-17,良信股份,11.02079762,挂涨停价排队·尾盘开缝成交,115148749300,1269031062231,2026-04-20,尾盘14:50,10.9,没涨停→尾盘兑现,-13584632245,1893358119.2,-15477990364,8649768986858,主线期
2026-04-20,长虹华意,7.47643692,挂涨停价排队·尾盘开缝成交,385645777500,2883256328943,2026-04-21,尾盘14:50,7.63,没涨停→尾盘兑现,59219642186,4369299225.1,54850342961,5503163630409,平淡期
2026-04-20,九阳股份,11.1,挂涨停价排队·尾盘开缝成交,173168548200,1922170885020,2026-04-21,尾盘14:50,10.54,没涨停→尾盘兑现,-96974386992,2810525537.3,-99784912529,7326991231063,平淡期
2026-04-20,天奥电子,20.76332317,挂涨停价排队·尾盘开缝成交,61716867100,1281447256637,2026-04-21,尾盘14:50,20.45,没涨停→尾盘兑现,-19089315212,1907853898.5,-20997169110,8588402404032,平淡期
2026-04-21,众泰汽车,2.38,挂涨停价排队·尾盘开缝成交,1202857479500,2862800801210,2026-04-22,尾盘14:50,2.39,没涨停→尾盘兑现,12028574795,4303222632.9,7725352162,5417385078540,平淡期
2026-04-21,英联股份,16.26476679,挂涨停价排队·尾盘开缝成交,117341606600,1908533866113,2026-04-22,尾盘14:50,16.64,没涨停→尾盘兑现,44520740892,2896191354.8,41624549537,7368974894589,平淡期
2026-04-21,阳光照明,3.91345966,挂涨停价排队·尾盘开缝成交,325123042700,1272355912143,2026-04-22,尾盘14:50,3.9,没涨停→尾盘兑现,-3126181602,1906189232.0,-5032370834,8637252702832,平淡期
2026-04-22,ST同德,6.92,挂涨停价排队·尾盘开缝成交,416052635000,2879084234200,2026-04-23,尾盘14:50,6.4,没涨停→尾盘兑现,-216347370200,4156365823.7,-220503736024,5219925797568,平淡期
2026-04-22,史丹利,11.32284896,挂涨停价排队·尾盘开缝成交,169514712800,1919389489532,2026-04-23,次日早盘9:30,11.46,又涨停→隔夜后早盘兑现,23006380868,2896339019.9,20110041848,7160864871065,平淡期
2026-04-22,中新集团,10.04841888,挂涨停价排队·尾盘开缝成交,127342720100,1279592992883,2026-04-24,次日早盘9:30,10.52,又涨停→隔夜后早盘兑现,59515953157,1964026454.2,57551926703,6112014532449,平淡期
2026-04-23,亿道信息,48.322,挂涨停价排队·尾盘开缝成交,49396857600,2386954952947,2026-04-24,尾盘14:50,48.28,没涨停→尾盘兑现,-1975874304,3578950523.7,-5554824828,8495204876783,平淡期
2026-04-24,浙商中拓,6.22009908,挂涨停价排队·尾盘开缝成交,455255603200,2831734958629,2026-04-27,尾盘14:50,6.3,没涨停→尾盘兑现,35619307656,4274316918.7,31344990737,5382301492069,恐慌期
2026-04-24,南极电商,3.01671216,挂涨停价排队·尾盘开缝成交,625788343700,1887823306026,2026-04-27,尾盘14:50,3.05,没涨停→尾盘兑现,18387889344,2845525876.0,15542363468,7287083029043,恐慌期
2026-04-24,日海智能,9.64,挂涨停价排队·尾盘开缝成交,130554862100,1258548870644,2026-04-27,尾盘14:50,9.2,没涨停→尾盘兑现,-57444139324,1844740201.5,-59288879525,8487286931815,恐慌期
2026-04-27,七匹狼,11.034,挂涨停价排队·尾盘开缝成交,256398010100,2829095643443,2026-04-28,尾盘14:50,11.0,没涨停→尾盘兑现,-7691940303,4237874509.9,-11929814813,5334039335518,恐慌期
2026-04-27,天津普林,24.98,挂涨停价排队·尾盘开缝成交,75502952800,1886063760944,2026-04-28,尾盘14:50,25.15,没涨停→尾盘兑现,12835501976,2838722267.9,9996779708,7231514423991,恐慌期
2026-04-27,飞马国际,2.74,挂涨停价排队·尾盘开缝成交,458896292800,1257375842272,2026-04-29,次日早盘9:30,3.29,又涨停→隔夜后早盘兑现,252392961040,2075358484.2,250317602556,4722642888586,恐慌期
2026-04-28,中晶科技,31.122076,挂涨停价排队·尾盘开缝成交,77453213800,2410504806328,2026-04-29,尾盘14:50,32.59,没涨停→尾盘兑现,113924034575,3701200235.4,110222834339,7245178407857,妖股期
2026-04-28,宝光股份,13.82546088,挂涨停价排队·尾盘开缝成交,116235055000,1607003205787,2026-04-30,次日早盘9:30,16.46,又涨停→隔夜后早盘兑现,306095848721,2640076695.2,303455772026,5131743525122,妖股期
2026-04-29,黑芝麻,5.18,挂涨停价排队·尾盘开缝成交,466227696700,2415059468906,2026-04-30,尾盘14:50,5.14,没涨停→尾盘兑现,-18649107868,3608602372.5,-22257710240,7526356578389,平淡期
2026-04-29,雅化集团,30.221,挂涨停价排队·尾盘开缝成交,53275525100,1610039644047,2026-04-30,尾盘14:50,30.61,没涨停→尾盘兑现,20777454789,2430642557.2,18346812232,9155950564401,平淡期
2026-04-30,全新好,15.51,挂涨停价排队·尾盘开缝成交,196775210900,3051983521059,2026-05-06,尾盘14:50,15.97,没涨停→尾盘兑现,90516597014,4645862729.3,85870734285,5853017486164,平淡期
2026-04-30,汉钟精机,27.18566191,挂涨停价排队·尾盘开缝成交,74842970000,2034655678760,2026-05-07,次日早盘9:30,30.21,又涨停→隔夜后早盘兑现,226236614770,3221660979.2,223014953791,6161208282594,平淡期
2026-04-30,华软科技,5.61,挂涨停价排队·尾盘开缝成交,241789148200,1356437121402,2026-05-07,次日早盘9:30,6.23,又涨停→隔夜后早盘兑现,149909271884,2147087636.0,147762184248,7666424916085,平淡期
2026-05-06,同洲电子,11.1,挂涨停价排队·尾盘开缝成交,175766290800,1951005827880,2026-05-07,尾盘14:50,11.23,没涨停→尾盘兑现,22849617804,2943645955.2,19905971849,9638799970185,平淡期
2026-05-07,模塑科技,13.56,挂涨停价排队·尾盘开缝成交,236941985500,3212933323380,2026-05-08,尾盘14:50,14.5,没涨停→尾盘兑现,222725466370,4986444084.8,217739022285,6289022778707,主线期
2026-05-07,超声电子,17.11238904,挂涨停价排队·尾盘开缝成交,125169872100,2141955547462,2026-05-08,尾盘14:50,17.38,没涨停→尾盘兑现,33410051867,3237990860.1,30172061007,8462756853836,主线期
2026-05-07,巨轮智能,6.42,挂涨停价排队·尾盘开缝成交,222425290700,1427970366294,2026-05-11,次日早盘9:30,7.36,又涨停→隔夜后早盘兑现,209079773258,2298765379.4,206781007879,5397047620743,主线期
2026-05-08,榕基软件,8.34,挂涨停价排队·尾盘开缝成交,225493121600,1880612634144,2026-05-11,尾盘14:50,8.28,没涨停→尾盘兑现,-13529587296,2810771760.7,-16340359057,7262730355306,主线期
2026-05-08,达安基因,6.64,挂涨停价排队·尾盘开缝成交,424837191400,2820918950896,2026-05-12,次日早盘9:30,7.15,又涨停→隔夜后早盘兑现,216666967614,4393878652.1,212273088962,6263187889577,主线期
2026-05-11,深深房A,24.045,挂涨停价排队·尾盘开缝成交,100682475200,2420910116184,2026-05-13,次日早盘9:30,26.98,又涨停→隔夜后早盘兑现,296006477088,3853370032.1,292153107056,6890337498894,平淡期
2026-05-11,上峰材料,15.21124022,挂涨停价排队·尾盘开缝成交,106101807300,1613940078616,2026-05-13,次日早盘9:30,17.17,又涨停→隔夜后早盘兑现,207683710501,2576672900.8,205107037600,8710595070169,平淡期
2026-05-12,深振业A,10.45,挂涨停价排队·尾盘开缝成交,199782707800,2087729296510,2026-05-13,尾盘14:50,10.38,没涨停→尾盘兑现,-13984789546,3121105352.6,-17105894899,10782784268753,平淡期
2026-05-13,旺能环境,21.47,挂涨停价排队·尾盘开缝成交,111605695400,2396174280238,2026-05-14,尾盘14:50,22.01,没涨停→尾盘兑现,60267075516,3639461727.0,56627613789,5649498070441,平淡期
2026-05-13,雅克科技,102.95274325,挂涨停价排队·尾盘开缝成交,15516337600,1597449521113,2026-05-14,次日早盘9:30,106.69,又涨停→隔夜后早盘兑现,58018747740,2439688342.5,55579059398,7303724738093,平淡期
2026-05-13,金房能源,18.914,挂涨停价排队·尾盘开缝成交,190031797700,3594261421698,2026-05-15,次日早盘9:30,19.82,又涨停→隔夜后早盘兑现,172358840514,5520661262.9,166838179251,7009895181810,平淡期
2026-05-14,露笑科技,9.7,挂涨停价排队·尾盘开缝成交,250987104400,2434574912680,2026-05-15,尾盘14:50,9.36,没涨停→尾盘兑现,-85335615496,3587860657.4,-88923476153,9357372549521,妖股期
2026-05-14,宁夏建材,15.21104508,挂涨停价排队·尾盘开缝成交,106702066300,1623049940618,2026-05-15,尾盘14:50,14.65,没涨停→尾盘兑现,-60112960764,2389490190.4,-62502450954,10919137326641,妖股期
2026-05-15,方正电机,15.36,挂涨停价排队·尾盘开缝成交,236960445400,3639712441344,2026-05-18,尾盘14:50,16.16,没涨停→尾盘兑现,189568356320,5601744929.3,183966611391,7061708786947,妖股期
2026-05-15,双象股份,20.85708391,挂涨停价排队·尾盘开缝成交,116338169400,2426474961112,2026-05-18,尾盘14:50,18.77,没涨停→尾盘兑现,-242762006492,3457640936.8,-246219647428,9243783956851,妖股期
2026-05-15,科力尔,11.31866946,挂涨停价排队·尾盘开缝成交,142918739700,1617649974304,2026-05-18,尾盘14:50,11.51,没涨停→尾盘兑现,27103482815,2446802573.6,24656680241,10887303848877,妖股期
2026-05-18,美格智能,44.52621264,挂涨停价排队·尾盘开缝成交,81504827500,3629101280452,2026-05-19,尾盘14:50,45.53,没涨停→尾盘兑现,82110042412,5505234452.5,76604807959,6934295724859,平淡期
2026-05-18,泰永长征,21.56,挂涨停价排队·尾盘开缝成交,112217108300,2419400854948,2026-05-19,尾盘14:50,22.7,没涨停→尾盘兑现,127927503462,3725046910.0,124202456552,9479713587001,平淡期
2026-05-18,电科数字,16.90652766,挂涨停价排队·尾盘开缝成交,95403026300,1612933902989,2026-05-20,次日早盘9:30,19.01,又涨停→隔夜后早盘兑现,200237151202,2569578717.9,197667572484,6025017215263,平淡期
2026-05-19,梦网科技,10.27,挂涨停价排队·尾盘开缝成交,307683011500,3159904528105,2026-05-20,尾盘14:50,10.1,没涨停→尾盘兑现,-52306111955,4700627208.2,-57006739163,9130284932601,主线期
2026-05-19,江南化工,6.112,挂涨停价排队·尾盘开缝成交,344666724400,2106603019533,2026-05-20,尾盘14:50,6.37,没涨停→尾盘兑现,89613348344,3227114540.6,86386233803,11324854138201,主线期
2026-05-20,福星股份,2.28,挂涨停价排队·尾盘开缝成交,1655680429500,3774951379260,2026-05-21,尾盘14:50,2.08,没涨停→尾盘兑现,-331136085900,5414075004.5,-336550160904,6796744771171,恐慌期
2026-05-20,鑫源智造,12.25,挂涨停价排队·尾盘开缝成交,205439530800,2516634252300,2026-05-21,尾盘14:50,12.2,没涨停→尾盘兑现,-10271976540,3767247396.0,-14039223936,9301227275225,恐慌期
2026-05-20,晶方科技,36.8,挂涨停价排队·尾盘开缝成交,45591200200,1677756167360,2026-05-21,尾盘14:50,36.08,没涨停→尾盘兑现,-32825664144,2492015002.9,-35317679147,10944924080563,恐慌期
2026-05-21,派林生物,11.55,挂涨停价排队·尾盘开缝成交,315870824800,3648308026440,2026-05-22,次日早盘9:30,11.49,又涨停→隔夜后早盘兑现,-18952249488,5458247852.5,-24410497341,6869574229189,恐慌期
2026-05-21,索菱股份,5.14,挂涨停价排队·尾盘开缝成交,315461135100,1621470234414,2026-05-22,尾盘14:50,5.36,没涨停→尾盘兑现,69401449722,2484256438.9,66917193283,8559177759561,恐慌期
2026-05-21,联创电子,9.36,挂涨停价排队·尾盘开缝成交,259850999000,2432205350640,2026-05-25,次日早盘9:30,10.31,又涨停→隔夜后早盘兑现,246858449050,3833451862.7,243024997187,6481133508758,恐慌期
2026-05-22,新大陆,24.564,挂涨停价排队·尾盘开缝成交,116147991000,2853059250924,2026-05-25,尾盘14:50,25.49,没涨停→尾盘兑现,108017631630,4360602100.1,103657029530,9439989583650,主线期
2026-05-22,华锋股份,16.79,挂涨停价排队·尾盘开缝成交,113284068000,1902039501720,2026-05-25,尾盘14:50,16.48,没涨停→尾盘兑现,-35118061080,2826720706.8,-37944781787,11305510833209,主线期
2026-05-25,电投绿能,6.844,挂涨停价排队·尾盘开缝成交,550628815100,3768503610544,2026-05-26,尾盘14:50,7.0,没涨停→尾盘兑现,88100610416,5718830873.6,82381779542,7203492756538,平淡期
2026-05-25,长源电力,5.21,挂涨停价排队·尾盘开缝成交,482214153700,2512335740777,2026-05-26,尾盘14:50,5.13,没涨停→尾盘兑现,-38577132296,3739570761.9,-42316703058,9675396046062,平淡期
2026-05-25,皇台酒业,14.33,挂涨停价排队·尾盘开缝成交,116880006500,1674890493145,2026-05-26,尾盘14:50,13.7,没涨停→尾盘兑现,-73634404095,2457109936.6,-76091514032,11275451193045,平淡期
2026-05-26,中百集团,5.52,挂涨停价排队·尾盘开缝成交,680884733800,3758483730576,2026-05-28,次日早盘9:30,6.0,又涨停→隔夜后早盘兑现,326824672224,5882844100.0,320941828124,7423118850804,恐慌期
2026-05-26,步步高,4.15,挂涨停价排队·尾盘开缝成交,603772486900,2505655820635,2026-05-28,次日早盘9:30,4.53,又涨停→隔夜后早盘兑现,229433545022,3930558889.7,225502986132,10156156899436,恐慌期
2026-05-27,南矿集团,23.022,挂涨停价排队·尾盘开缝成交,72558301300,1670437212529,2026-05-28,尾盘14:50,22.6,没涨停→尾盘兑现,-30474486546,2482799953.9,-32957286500,11794889653375,恐慌期
2026-05-28,冰山冷热,6.0684548,挂涨停价排队·尾盘开缝成交,647879899200,3931629884124,2026-05-29,尾盘14:50,6.17,没涨停→尾盘兑现,64137518501,5945547965.1,58191970536,7487552697529,平淡期
2026-05-28,力合科创,9.35,挂涨停价排队·尾盘开缝成交,280330116500,2621086589275,2026-05-29,尾盘14:50,9.06,没涨停→尾盘兑现,-81295733785,3870658083.6,-85166391869,10025438709877,平淡期
2026-05-28,元隆雅图,15.7,挂涨停价排队·尾盘开缝成交,111298793600,1747391059520,2026-05-29,尾盘14:50,15.99,没涨停→尾盘兑现,32276650144,2645294076.9,29631356067,11803771668759,平淡期
2026-05-29,光大嘉宝,2.67,挂涨停价排队·尾盘开缝成交,654946409700,1748706913899,2026-06-01,尾盘14:50,2.65,没涨停→尾盘兑现,-13098928194,2613236174.7,-15712164369,5231720107838,妖股期
2026-05-29,江苏国信,9.022026,挂涨停价排队·尾盘开缝成交,436109423300,3934590555858,2026-06-02,次日早盘9:30,9.89,又涨停→隔夜后早盘兑现,380628868991,6187357485.5,374441511505,7799796415608,妖股期
2026-05-29,中央商场,3.2,挂涨停价排队·尾盘开缝成交,819706365900,2623060370880,2026-06-02,次日早盘9:30,3.42,又涨停→隔夜后早盘兑现,180335400498,4069842106.7,176265558391,10601089640157,妖股期
2026-06-01,视觉中国,22.65,挂涨停价排队·尾盘开缝成交,76993673400,1743906702510,2026-06-02,次日早盘9:30,23.17,又涨停→隔夜后早盘兑现,40036710168,2645887586.4,37390822582,12383695095276,恐慌期
2026-06-02,友发集团,5.93,挂涨停价排队·尾盘开缝成交,309379678800,1834621495284,2026-06-03,尾盘14:50,5.56,没涨停→尾盘兑现,-114470481156,2666079382.1,-117136560538,5388103892740,平淡期
2026-06-02,实益达,9.45,挂涨停价排队·尾盘开缝成交,436814641800,4127898365010,2026-06-04,次日早盘9:30,10.21,又涨停→隔夜后早盘兑现,331979127768,6440831893.3,325538295875,8048601847246,平淡期
2026-06-02,鑫科材料,3.99,挂涨停价排队·尾盘开缝成交,689707329100,2751932243109,2026-06-04,次日早盘9:30,4.64,又涨停→隔夜后早盘兑现,448309763915,4464130687.6,443845633227,11246443672765,平淡期
2026-06-03,中广核技,8.09,挂涨停价排队·尾盘开缝成交,222006752800,1796034630152,2026-06-04,尾盘14:50,7.85,没涨停→尾盘兑现,-53281620672,2654090729.7,-55935711402,12987889617488,平淡期
2026-06-04,振华科技,58.90621752,挂涨停价排队·尾盘开缝成交,73494729700,4329296534282,2026-06-05,尾盘14:50,55.69,没涨停→尾盘兑现,-236501783360,6316568463.9,-242818351824,7937988749034,主线期
2026-06-04,万安科技,12.44,挂涨停价排队·尾盘开缝成交,232009460900,2886197693596,2026-06-05,尾盘14:50,12.04,没涨停→尾盘兑现,-92803784360,4259693702.1,-97063478062,10729287612838,主线期
2026-06-04,朝阳科技,28.95,挂涨停价排队·尾盘开缝成交,66463965300,1924131795435,2026-06-05,尾盘14:50,27.99,没涨停→尾盘兑现,-63805406688,2838343638.1,-66643750326,12588218756793,主线期
2026-06-05,荣丰控股,20.44383159,挂涨停价排队·尾盘开缝成交,136832566500,2797381945553,2026-06-08,尾盘14:50,21.92,没涨停→尾盘兑现,202433176245,4347897800.5,198085278444,6727407857493,平淡期
2026-06-05,炜冈科技,24.522,挂涨停价排队·尾盘开缝成交,76050945900,1864921295360,2026-06-08,尾盘14:50,24.34,没涨停→尾盘兑现,-13689170262,2787115065.3,-16476285327,8577251558497,平淡期
2026-06-05,荣安地产,2.12,挂涨停价排队·尾盘开缝成交,1979279678700,4196072918844,2026-06-09,次日早盘9:30,2.49,又涨停→隔夜后早盘兑现,732333481119,6843359489.1,725490121630,8736821900697,平淡期
2026-06-08,中科三环,12.61260849,挂涨停价排队·尾盘开缝成交,226684579500,2859083851954,2026-06-09,尾盘14:50,13.18,没涨停→尾盘兑现,129032287855,4385399993.8,124646887862,11722696953402,恐慌期
2026-06-08,宗申动力,15.7978051,挂涨停价排队·尾盘开缝成交,120653210300,1906055901009,2026-06-10,次日早盘9:30,17.84,又涨停→隔夜后早盘兑现,246173990977,3043714344.7,243130276632,7360703258133,恐慌期
2026-06-09,常山北明,15.3,挂涨停价排队·尾盘开缝成交,255396447700,3907565649810,2026-06-10,尾盘14:50,15.45,没涨停→尾盘兑现,38309467155,5890080575.1,32419386580,11303618968760,主线期
2026-06-09,宁波华翔,29.25,挂涨停价排队·尾盘开缝成交,89061325300,2605043765025,2026-06-10,尾盘14:50,28.54,没涨停→尾盘兑现,-63233540963,3860140491.8,-67093681455,13843522835154,主线期
2026-06-10,拓维信息,30.91,挂涨停价排队·尾盘开缝成交,149288502400,4614507609184,2026-06-11,尾盘14:50,28.92,没涨停→尾盘兑现,-297084119776,6698948323.9,-303783068100,8415969968455,恐慌期
2026-06-10,杭氧股份,26.94,挂涨停价排队·尾盘开缝成交,114192220000,3076338406800,2026-06-11,尾盘14:50,27.72,没涨停→尾盘兑现,89069931600,4681310058.9,84388621541,11579004250601,恐慌期
2026-06-10,五矿发展,10.34,挂涨停价排队·尾盘开缝成交,198345480900,2050892272506,2026-06-11,尾盘14:50,9.81,没涨停→尾盘兑现,-105123104877,2997496080.1,-108120600957,13523314091355,恐慌期
2026-06-11,海信家电,27.9516433,挂涨停价排队·尾盘开缝成交,161270352300,4507771362355,2026-06-12,尾盘14:50,27.38,没涨停→尾盘兑现,-92309311175,6692425060.2,-99001736235,8419058335700,恐慌期
2026-06-11,三维化学,6.93,挂涨停价排队·尾盘开缝成交,433648038900,3005180909577,2026-06-12,尾盘14:50,7.34,没涨停→尾盘兑现,177795695949,4641118136.3,173154577813,11599647708772,恐慌期
2026-06-11,凯美特气,18.15,挂涨停价排队·尾盘开缝成交,110383137100,2003453938365,2026-06-12,尾盘14:50,17.35,没涨停→尾盘兑现,-88306509680,2938951025.3,-91245460705,13513358776885,恐慌期
2026-06-12,北方铜业,13.92848512,挂涨停价排队·尾盘开缝成交,323398624200,4504452924998,2026-06-15,尾盘14:50,14.9,没涨停→尾盘兑现,313520160973,6991819508.2,306528341465,8818317762784,平淡期
2026-06-12,中色股份,6.905,挂涨停价排队·尾盘开缝成交,434897699800,3002968617119,2026-06-15,尾盘14:50,7.17,没涨停→尾盘兑现,113073401948,4589257977.1,108484143971,11932022750336,平淡期
2026-06-12,安泰科技,24.26153156,挂涨停价排队·尾盘开缝成交,82516599300,2001979078141,2026-06-15,尾盘14:50,24.18,没涨停→尾盘兑现,-6547764769,2998057793.6,-9545822563,13925957490223,平淡期
2026-06-15,金浦钛业,2.61,挂涨停价排队·尾盘开缝成交,1778538632200,4641985830042,2026-06-16,尾盘14:50,2.62,没涨停→尾盘兑现,17785386322,6976317784.8,10809068537,8782486016160,主线期
2026-06-15,中鼎股份,22.35,挂涨停价排队·尾盘开缝成交,92308940200,2063104813470,2026-06-16,尾盘14:50,22.35,没涨停→尾盘兑现,0,3094657220.2,-3094657220,10844043501020,主线期
2026-06-15,中核科技,17.948,挂涨停价排队·尾盘开缝成交,172423513400,3094657218503,2026-06-17,次日早盘9:30,21.75,又涨停→隔夜后早盘兑现,655209350920,5133392840.9,650075958079,8566629058982,主线期
2026-06-16,佛山照明,5.25980988,挂涨停价排队·尾盘开缝成交,687226582200,3614681166854,2026-06-17,尾盘14:50,5.07,没涨停→尾盘兑现,-129338874144,5325017594.7,-134663891738,12049357344973,主线期
2026-06-16,中交发展,4.62,挂涨停价排队·尾盘开缝成交,521599014000,2409787444680,2026-06-17,尾盘14:50,4.39,没涨停→尾盘兑现,-119967773220,3524705337.1,-123492478557,14337459651679,主线期
2026-06-17,深天马A,9.14,挂涨停价排队·尾盘开缝成交,522883284100,4779153216674,2026-06-18,尾盘14:50,8.94,没涨停→尾盘兑现,-104576656820,7090297332.4,-111666954152,8919206823264,主线期
2026-06-17,远望谷,6.247,挂涨停价排队·尾盘开缝成交,510021153300,3186102144665,2026-06-18,尾盘14:50,6.08,没涨停→尾盘兑现,-86703596061,4714125520.0,-91417721581,12016280822957,主线期
2026-06-17,华阳集团,28.9,挂涨停价排队·尾盘开缝成交,73497165900,2124068094510,2026-06-18,尾盘14:50,29.19,没涨停→尾盘兑现,21314178111,3202087775.3,18112090336,14160054058873,主线期
2026-06-18,北京利尔,8.775,挂涨停价排队·尾盘开缝成交,537893791400,4720018019535,2026-06-22,尾盘14:50,8.3,没涨停→尾盘兑现,-252810081958,6890419467.8,-259700501426,8659429105581,平淡期
2026-06-18,华森制药,13.2728813,挂涨停价排队·尾盘开缝成交,237075779400,3146678679081,2026-06-22,尾盘14:50,13.06,没涨停→尾盘兑现,-49684400196,4682754718.5,-54367154914,11754100638757,平淡期
2026-06-18,天目药业,17.96,挂涨停价排队·尾盘开缝成交,116803217500,2097785786300,2026-06-22,尾盘14:50,18.34,没涨停→尾盘兑现,44385222650,3179967596.4,41205255054,13894665019450,平淡期
2026-06-22,中兵红箭,22.345,挂涨停价排队·尾盘开缝成交,207274782100,4631555006024,2026-06-23,尾盘14:50,21.89,没涨停→尾盘兑现,-95346399766,6875822709.2,-102222222475,8649744234941,平淡期
2026-06-22,东方电子,14.1,挂涨停价排队·尾盘开缝成交,218986052300,3087703337430,2026-06-23,尾盘14:50,14.0,没涨停→尾盘兑现,-21898605230,4615131052.2,-26513736282,11713249613592,平淡期
2026-06-22,利尔化学,14.23,挂涨停价排队·尾盘开缝成交,144656984600,2058468890858,2026-06-23,尾盘14:50,13.64,没涨停→尾盘兑现,-85347620914,3023692620.6,-88371313535,13684891042584,平淡期
2026-06-23,中洲控股,9.9,挂涨停价排队·尾盘开缝成交,460770742100,4561630346790,2026-06-24,尾盘14:50,9.85,没涨停→尾盘兑现,-23038537105,6825166617.4,-29863703722,8589970398303,妖股期
2026-06-23,亚太实业,12.77,挂涨停价排队·尾盘开缝成交,158762041100,2027391264847,2026-06-24,尾盘14:50,13.49,没涨停→尾盘兑现,114308669592,3126818399.5,111181851193,10730064057791,妖股期
2026-06-23,海南海药,4.08,挂涨停价排队·尾盘开缝成交,745364435900,3041086898472,2026-06-25,次日早盘9:30,4.69,又涨停→隔夜后早盘兑现,454672305899,4902634577.1,449769671322,8262054744467,妖股期
2026-06-24,石药景峰,6.05,挂涨停价排队·尾盘开缝成交,591188102300,3576688018915,2026-06-25,尾盘14:50,5.61,没涨停→尾盘兑现,-260122765012,5169939954.6,-265292704967,11576132574430,平淡期
2026-06-24,长高电气,12.12,挂涨停价排队·尾盘开缝成交,196737514800,2384458679376,2026-06-25,尾盘14:50,12.93,没涨停→尾盘兑现,159357386988,3696206059.3,155661180929,14118040778744,平淡期
2026-06-25,尖峰集团,7.57288704,挂涨停价排队·尾盘开缝成交,621429260400,4706013592360,2026-06-26,尾盘14:50,7.25,没涨停→尾盘兑现,-202211521547,6907361747.4,-209118883294,10775109012249,主线期
2026-06-25,至纯科技,34.57,挂涨停价排队·尾盘开缝成交,90753323500,3137342393395,2026-06-26,尾盘14:50,35.49,没涨停→尾盘兑现,83493057620,4768633383.3,78724424237,13993528836676,主线期
2026-06-26,亚威股份,12.31,挂涨停价排队·尾盘开缝成交,168409048200,2073115383342,2026-06-29,尾盘14:50,13.0,没涨停→尾盘兑现,116202243258,3196824757.5,113005418501,6333906405827,恐慌期
2026-06-26,铖昌科技,139.43,挂涨停价排队·尾盘开缝成交,33454131900,4664509610817,2026-06-30,次日早盘9:30,155.0,又涨停→隔夜后早盘兑现,520880833683,7387425041.5,513493408642,9404105672664,恐慌期
2026-06-26,奔图科技,14.55,挂涨停价排队·尾盘开缝成交,213723235400,3109673075070,2026-06-30,次日早盘9:30,16.17,又涨停→隔夜后早盘兑现,346231641348,4924183343.6,341307458004,12857418460545,恐慌期
2026-06-29,海陆重工,9.7,挂涨停价排队·尾盘开缝成交,217660013900,2111302134830,2026-06-30,尾盘14:50,9.82,没涨停→尾盘兑现,26119201668,3186542603.5,22932659065,14993236731040,恐慌期
2026-06-30,四川九洲,12.94,挂涨停价排队·尾盘开缝成交,386224542200,4997745576068,2026-07-01,尾盘14:50,12.36,没涨停→尾盘兑现,-224010234476,7328610688.2,-231338845164,9212595555937,主线期
2026-06-30,宝武镁业,15.57,挂涨停价排队·尾盘开缝成交,213990390800,3331830384756,2026-07-01,尾盘14:50,15.88,没涨停→尾盘兑现,66337021148,5047498343.0,61289522805,12608214336287,主线期
2026-06-30,和而泰,25.83,挂涨停价排队·尾盘开缝成交,85993815500,2221220254365,2026-07-01,尾盘14:50,26.86,没涨停→尾盘兑现,88573629965,3398260604.0,85175369361,14916275875203,主线期
2026-07-01,英洛华,9.52,挂涨停价排队·尾盘开缝成交,522278567000,4972091957840,2026-07-02,尾盘14:50,9.7,没涨停→尾盘兑现,94010142060,7528645543.3,86481496517,9481939820178,平淡期
2026-07-01,新希望,6.9,挂涨停价排队·尾盘开缝成交,480395358300,3314727972270,2026-07-02,尾盘14:50,6.86,没涨停→尾盘兑现,-19215814332,4957680097.7,-24173494430,12774980343998,平淡期
2026-07-01,海得控制,10.08,挂涨停价排队·尾盘开缝成交,219228040500,2209818648240,2026-07-02,尾盘14:50,10.54,没涨停→尾盘兑现,100844898630,3390361646.3,97454536984,15083910893208,平淡期
2026-07-02,海马汽车,4.15,挂涨停价排队·尾盘开缝成交,1211559107800,5027970297370,2026-07-03,尾盘14:50,3.89,没涨停→尾盘兑现,-315005368028,7305701420.0,-322311069448,9178737137583,妖股期
2026-07-02,中国重汽,21.84,挂涨停价排队·尾盘开缝成交,153478946800,3351980198112,2026-07-03,尾盘14:50,22.35,没涨停→尾盘兑现,78274262868,5086675994.3,73187586874,12606418907717,妖股期
2026-07-02,中基健康,3.69,挂涨停价排队·尾盘开缝成交,605597145200,2234653465788,2026-07-03,尾盘14:50,3.64,没涨停→尾盘兑现,-30279857260,3329270305.7,-33609127566,14809139236039,妖股期
2026-07-03,金智科技,9.59,挂涨停价排队·尾盘开缝成交,514742413400,4936379744506,2026-07-06,尾盘14:50,9.38,没涨停→尾盘兑现,-108095906814,7323497686.6,-115419404501,9212555735204,妖股期
2026-07-03,大洋电机,8.33,挂涨停价排队·尾盘开缝成交,395068407000,3290919830310,2026-07-06,尾盘14:50,8.67,没涨停→尾盘兑现,134323258380,5037122189.2,129286136191,12635229891578,妖股期
2026-07-03,信立泰,40.08,挂涨停价排队·尾盘开缝成交,54739185400,2193946550832,2026-07-06,尾盘14:50,39.83,没涨停→尾盘兑现,-13684796350,3280656229.0,-16965452579,14813856449744,妖股期
2026-07-06,星帅尔,17.56,挂涨停价排队·尾盘开缝成交,281204564300,4937952149108,2026-07-07,尾盘14:50,16.6,没涨停→尾盘兑现,-269956381728,7204460937.4,-277160842665,9053785571535,恐慌期
2026-07-06,派斯林,6.88,挂涨停价排队·尾盘开缝成交,478483735400,3291968099552,2026-07-07,尾盘14:50,6.37,没涨停→尾盘兑现,-244026705054,4754932120.5,-248781637175,12099441009988,恐慌期
2026-07-06,时代万恒,7.41,挂涨停价排队·尾盘开缝成交,296173468300,2194645400103,2026-07-07,尾盘14:50,6.7,没涨停→尾盘兑现,-210283162493,3134255728.3,-213417418221,14082314975919,恐慌期
2026-07-07,多利科技,19.67,挂涨停价排队·尾盘开缝成交,238642856700,4694104991289,2026-07-08,尾盘14:50,18.02,没涨停→尾盘兑现,-393760713555,6745836951.8,-400506550507,13685329004156,恐慌期
2026-07-08,南天信息,12.72,挂涨停价排队·尾盘开缝成交,358630214900,4561776333528,2026-07-09,尾盘14:50,13.56,没涨停→尾盘兑现,301249380516,7068601535.7,294180778980,8914290743527,恐慌期
2026-07-08,广电运通,10.08,挂涨停价排队·尾盘开缝成交,301704784000,3041184222720,2026-07-09,尾盘14:50,10.6,没涨停→尾盘兑现,156886487680,4679441199.8,152207046480,12109962900894,恐慌期
2026-07-08,ST达华,3.4,挂涨停价排队·尾盘开缝成交,596310632100,2027456149140,2026-07-09,尾盘14:50,3.44,没涨停→尾盘兑现,23852425284,3059073542.7,20793351741,14159732993887,恐慌期
2026-07-10,创维数字,12.84,挂涨停价排队·尾盘开缝成交,367594314400,4719910996896,2026-07-13,尾盘14:50,11.56,没涨停→尾盘兑现,-470520722432,6726975953.5,-477247698386,8441679675108,平淡期
2026-07-10,普天科技,18.87,挂涨停价排队·尾盘开缝成交,166751845900,3146607332133,2026-07-13,尾盘14:50,16.98,没涨停→尾盘兑现,-315160988751,4483540256.6,-319644529008,11271002433733,平淡期
2026-07-10,奋达科技,4.98,挂涨停价排队·尾盘开缝成交,421232574600,2097738221508,2026-07-13,尾盘14:50,4.9,没涨停→尾盘兑现,-33698605968,3121333377.8,-36819939346,13333494019561,平淡期
2026-07-13,九芝堂,8.98,挂涨停价排队·尾盘开缝成交,494932962800,4444498005944,2026-07-14,尾盘14:50,9.47,没涨停→尾盘兑现,242517151772,6848634872.7,235668516899,13572495909965,恐慌期
2026-07-14,泰山石油,6.354,挂涨停价排队·尾盘开缝成交,712018461300,4524165303100,2026-07-15,尾盘14:50,6.45,没涨停→尾盘兑现,71201846130,6839649339.2,64362196791,8613400894024,恐慌期
2026-07-14,蓝焰控股,7.04,挂涨停价排队·尾盘开缝成交,428424744600,3016110201984,2026-07-15,尾盘14:50,6.79,没涨停→尾盘兑现,-107106186150,4443835663.4,-111550021813,11520223156846,恐慌期
2026-07-14,天桥起重,3.15,挂涨停价排队·尾盘开缝成交,638330201500,2010740134725,2026-07-15,尾盘14:50,3.21,没涨停→尾盘兑现,38299812090,3044835061.2,35254977029,13567726323701,恐慌期
2026-07-15,恺英网络,17.18,挂涨停价排队·尾盘开缝成交,175497688800,3015050293584,2026-07-16,尾盘14:50,17.01,没涨停→尾盘兑现,-29834607096,4500199485.1,-34334806581,7003043836087,妖股期
2026-07-15,中宠股份,28.56957424,挂涨停价排队·尾盘开缝成交,70355739700,2010033528569,2026-07-16,尾盘14:50,29.51,没涨停→尾盘兑现,65971770840,3064529121.0,62907241719,9077492131521,妖股期
2026-07-15,永安药业,11.98,挂涨停价排队·尾盘开缝成交,377510470800,4522575440184,2026-07-17,次日早盘9:30,14.0,又涨停→隔夜后早盘兑现,762571151016,7355791523.5,755215359492,9315623679010,妖股期
2026-07-16,国光电器,8.34,挂涨停价排队·尾盘开缝成交,362809437700,3025830710418,2026-07-17,尾盘14:50,8.11,没涨停→尾盘兑现,-83446170671,4476161437.6,-87922332109,12255801430352,妖股期
2026-07-16,鹭燕医药,12.3,挂涨停价排队·尾盘开缝成交,164001664500,2017220473350,2026-07-17,尾盘14:50,11.07,没涨停→尾盘兑现,-201722047335,2874539174.5,-204596586510,14069938232547,妖股期
2026-07-17,杭州热电,18.48,挂涨停价排队·尾盘开缝成交,169191176400,3126652939872,2026-07-20,尾盘14:50,20.04,没涨停→尾盘兑现,263938235184,4887933086.2,259050302098,9641354113988,恐慌期
2026-07-17,乐山电力,9.01,挂涨停价排队·尾盘开缝成交,520530456200,4689979410362,2026-07-21,次日早盘9:30,9.85,又涨停→隔夜后早盘兑现,437245583208,7362903302.9,429882679905,14764733688813,恐慌期
2026-07-21,神州信息,10.49,挂涨停价排队·尾盘开缝成交,469168531500,4921577895435,2026-07-22,尾盘14:50,10.75,没涨停→尾盘兑现,121983818190,7473854706.8,114509963483,9414514951797,主线期
2026-07-21,乐通股份,10.51,挂涨停价排队·尾盘开缝成交,208122545500,2187367953205,2026-07-22,尾盘14:50,10.86,没涨停→尾盘兑现,72842890925,3335684098.0,69507206827,11673030637794,主线期
2026-07-21,证通电子,6.34,挂涨停价排队·尾盘开缝成交,517516077400,3281051930716,2026-07-23,次日早盘9:30,7.0,又涨停→隔夜后早盘兑现,341560611084,5177748354.4,336382862730,8807909200568,主线期
2026-07-22,东方铁塔,18.13,挂涨停价排队·尾盘开缝成交,214617220700,3891010211291,2026-07-23,尾盘14:50,19.6,没涨停→尾盘兑现,315487314429,6073130802.8,309414183626,13011251853144,平淡期
2026-07-22,日丰股份,9.86,挂涨停价排队·尾盘开缝成交,263083854800,2594006808328,2026-07-23,尾盘14:50,10.27,没涨停→尾盘兑现,107864380468,3971908497.8,103892471970,15711096638548,平淡期
2026-07-23,川能动力,12.29,挂涨停价排队·尾盘开缝成交,284080944500,3491354807905,2026-07-24,尾盘14:50,11.66,没涨停→尾盘兑现,-178970995035,5102803965.6,-184073799001,7965039270748,妖股期
2026-07-23,银星能源,5.92,挂涨停价排队·尾盘开缝成交,393170586600,2327569872672,2026-07-24,尾盘14:50,5.56,没涨停→尾盘兑现,-141541411176,3385198750.6,-144926609927,10149428210898,妖股期
2026-07-23,深物业A,7.51,挂涨停价排队·尾盘开缝成交,697341173400,5237032212234,2026-07-27,次日早盘9:30,8.39,又涨停→隔夜后早盘兑现,613660232592,8315793492.8,605344439099,10357161410296,妖股期
2026-07-24,中光学,19.1,挂涨停价排队·尾盘开缝成交,177127891900,3383142735290,2026-07-27,尾盘14:50,20.0,没涨停→尾盘兑现,159415102710,5194275430.0,154220827280,13897062329918,恐慌期
2026-07-24,建设工业,19.34,挂涨停价排队·尾盘开缝成交,116619880600,2255428490804,2026-07-27,尾盘14:50,19.81,没涨停→尾盘兑现,54811343882,3424251244.1,51387092638,16205569484728,恐慌期
2026-07-27,登康口腔,31.42,挂涨停价排队·尾盘开缝成交,171924140500,5401856494510,2026-07-28,尾盘14:50,31.82,没涨停→尾盘兑现,68769656200,8154361983.9,60615294216,10268173399282,妖股期
2026-07-27,九阳股份,8.88,挂涨停价排队·尾盘开缝成交,405544781900,3601237663272,2026-07-28,尾盘14:50,9.03,没涨停→尾盘兑现,60831717285,5447480282.9,55384237002,13927496227804,妖股期
2026-07-27,*ST英飞,4.49,挂涨停价排队·尾盘开缝成交,534704924000,2400825108760,2026-07-28,尾盘14:50,4.56,没涨停→尾盘兑现,37429344680,3629309671.7,33800035008,16363921990404,妖股期
2026-07-28,深纺织A,9.96,挂涨停价排队·尾盘开缝成交,547654685000,5454640662600,2026-07-29,尾盘14:50,9.58,没涨停→尾盘兑现,-208108780300,8025879408.7,-216134659709,10091166463099,主线期
2026-07-28,金溢科技,15.77,挂涨停价排队·尾盘开缝成交,153727630900,2424284739293,2026-07-29,尾盘14:50,15.67,没涨停→尾盘兑现,-15372763090,3624897536.6,-18997660627,12498271755320,主线期
2026-07-28,天融信,6.0,挂涨停价排队·尾盘开缝成交,606071184800,3636427108800,2026-07-30,次日早盘9:30,6.41,又涨停→隔夜后早盘兑现,248489185768,5641007552.5,242848178215,9436790054803,主线期
2026-07-29,阳光乳业,11.1,挂涨停价排队·尾盘开缝成交,375323476100,4166090584710,2026-07-30,尾盘14:50,10.65,没涨停→尾盘兑现,-168895564245,6122464203.9,-175018028449,13430987179003,妖股期
2026-07-29,慕思股份,17.17,挂涨停价排队·尾盘开缝成交,161758516200,2777393723154,2026-07-30,尾盘14:50,17.77,没涨停→尾盘兑现,97055109720,4238881917.0,92816227803,16303280175252,妖股期
2026-07-30,西子洁能,13.81,挂涨停价排队·尾盘开缝成交,393513883000,5434426724230,2026-07-31,尾盘14:50,13.85,没涨停→尾盘兑现,15740555320,8163445502.8,7577109817,10276681188403,妖股期
2026-07-30,亿利达,5.81,挂涨停价排队·尾盘开缝成交,623571626500,3622951149965,2026-07-31,尾盘14:50,6.19,没涨停→尾盘兑现,236957218070,5612144638.5,231345073432,14133694625161,妖股期
2026-07-30,舍得酒业,37.49,挂涨停价排队·尾盘开缝成交,64425200500,2415300766745,2026-07-31,尾盘14:50,38.78,没涨停→尾盘兑现,83108508645,3685282531.6,79423226113,16630230093595,妖股期
2026-07-31,浙文互联,7.82,挂涨停价排队·尾盘开缝成交,472583975300,3695606686846,2026-08-03,尾盘14:50,7.89,没涨停→尾盘兑现,33080878271,5568220689.0,27512657582,8653366634072,平淡期
2026-07-31,*ST沐邦,9.02,挂涨停价排队·尾盘开缝成交,273141662000,2463737791240,2026-08-03,尾盘14:50,8.9,没涨停→尾盘兑现,-32776999440,3671023937.3,-36448023377,11082504205278,平淡期
2026-07-31,利欧股份,4.66,挂涨停价排队·尾盘开缝成交,1189572968000,5543410030880,2026-08-04,次日早盘9:30,5.28,又涨停→隔夜后早盘兑现,737535240160,8868266476.4,728666973684,11201791988238,平淡期
2026-08-03,ST椰岛,4.55,挂涨停价排队·尾盘开缝成交,541270046700,2462778712485,2026-08-04,尾盘14:50,4.5,没涨停→尾盘兑现,-27063502335,3673870442.0,-30737372777,13635680411980,妖股期
2026-08-03,通宇通讯,26.14,挂涨停价排队·尾盘开缝成交,141322420300,3694168066642,2026-08-05,次日早盘9:30,30.68,又涨停→隔夜后早盘兑现,641603788162,6022454941.1,635581333221,10392822432517,妖股期
2026-08-04,宇顺电子,31.32,挂涨停价排队·尾盘开缝成交,145122184000,4545226802880,2026-08-05,尾盘14:50,32.36,没涨停→尾盘兑现,150927071360,6931035507.8,143996035852,15085454191352,主线期
2026-08-04,遥望科技,5.76,挂涨停价排队·尾盘开缝成交,526067917100,3030151202496,2026-08-05,尾盘14:50,5.9,没涨停→尾盘兑现,73649508394,4600463935.0,69049044459,18186927051708,主线期
2026-08-05,山子高科,3.17,挂涨停价排队·尾盘开缝成交,1912400320800,6062309016936,2026-08-06,尾盘14:50,3.01,没涨停→尾盘兑现,-305984051328,8863975486.9,-314848026815,11140726851619,主线期
2026-08-05,福晶科技,58.21,挂涨停价排队·尾盘开缝成交,69430327100,4041539340491,2026-08-06,尾盘14:50,59.55,没涨停→尾盘兑现,93036638314,6132086489.5,86904551825,15272201898440,主线期
2026-08-05,兴民智通,4.94,挂涨停价排队·尾盘开缝成交,545416915900,2694359564546,2026-08-06,尾盘14:50,5.04,没涨停→尾盘兑现,54541691590,4082445615.5,50459245974,18019041478634,主线期
2026-08-06,恒宝股份,11.76,挂涨停价排队·尾盘开缝成交,510743806000,6006347158560,2026-08-07,尾盘14:50,11.16,没涨停→尾盘兑现,-306446283600,8779686025.1,-315225969625,11034601202865,主线期
2026-08-06,卓翼科技,6.27,挂涨停价排队·尾盘开缝成交,638633403500,4004231439945,2026-08-07,尾盘14:50,5.94,没涨停→尾盘兑现,-210749023155,5848285392.6,-216597308548,14825238507842,主线期
2026-08-06,吉大正元,18.76,挂涨停价排队·尾盘开缝成交,142296781800,2669487626568,2026-08-07,尾盘14:50,17.39,没涨停→尾盘兑现,-194946591066,3858021496.6,-198804612563,17297923637568,主线期
2026-08-07,依顿电子,10.85,挂涨停价排队·尾盘开缝成交,531426225400,5765974545590,2026-08-10,尾盘14:50,11.42,没涨停→尾盘兑现,302912948478,8876146529.7,294036801948,17596284920425,平淡期
2026-08-10,绿发电力,8.32,挂涨停价排队·尾盘开缝成交,704979363700,5865428305984,2026-08-11,尾盘14:50,8.77,没涨停→尾盘兑现,317240713665,9036072994.2,308204640671,11391746069660,妖股期
2026-08-10,美年健康,5.3,挂涨停价排队·尾盘开缝成交,737789724100,3910285537730,2026-08-11,尾盘14:50,5.06,没涨停→尾盘兑现,-177069533784,5732626156.3,-182802159940,15122162161603,妖股期
2026-08-10,华东数控,10.05,挂涨停价排队·尾盘开缝成交,259388758700,2606857024935,2026-08-12,次日早盘9:30,11.71,又涨停→隔夜后早盘兑现,430585339442,4233224542.0,426352114900,9756125244135,妖股期
2026-08-11,华东重机,6.07,挂涨停价排队·尾盘开缝成交,830431749600,5040720720072,2026-08-12,尾盘14:50,6.21,没涨停→尾盘兑现,116260444944,7648276413.8,108612168530,14909238673277,妖股期
2026-08-11,*ST尔雅,5.76,挂涨停价排队·尾盘开缝成交,583416750000,3360480480000,2026-08-12,次日早盘9:30,5.8,又涨停→隔夜后早盘兑现,23336670000,5058223222.5,18278446778,18290517960415,妖股期
2026-08-12,沈阳机床,5.76,挂涨停价排队·尾盘开缝成交,1058479048600,6096839319936,2026-08-13,尾盘14:50,5.48,没涨停→尾盘兑现,-296374133608,8922978379.7,-305297111988,11215527566789,妖股期
2026-08-12,德豪润达,2.51,挂涨停价排队·尾盘开缝成交,1619346432900,4064559546579,2026-08-13,尾盘14:50,2.56,没涨停→尾盘兑现,80967321645,6157564811.1,74809756834,15357945289862,妖股期
2026-08-12,荣盛发展,1.27,挂涨停价排队·尾盘开缝成交,2133627058700,2709706364549,2026-08-13,尾盘14:50,1.21,没涨停→尾盘兑现,-128017623522,3968546329.2,-131986169851,17937697764333,妖股期
2026-08-13,深振业A,7.7,挂涨停价排队·尾盘开缝成交,776523712700,5979232587790,2026-08-14,尾盘14:50,7.52,没涨停→尾盘兑现,-139774268286,8864018180.5,-148638286466,11149952138411,妖股期
2026-08-13,瑞泰科技,21.93,挂涨停价排队·尾盘开缝成交,181767216500,3986155057845,2026-08-14,尾盘14:50,21.69,没涨停→尾盘兑现,-43624131960,5946514487.8,-49570646448,15089526166102,妖股期
2026-08-13,万和电气,7.33,挂涨停价排队·尾盘开缝成交,362542524700,2657436706051,2026-08-14,尾盘14:50,6.99,没涨停→尾盘兑现,-123264458398,3893706715.3,-127158165113,17621797784569,妖股期
2026-08-14,重药控股,6.29,挂涨停价排队·尾盘开缝成交,933852558800,5873932594852,2026-08-17,尾盘14:50,6.02,没涨停→尾盘兑现,-252140190876,8621793749.1,-260761984625,10838849477763,平淡期
2026-08-14,利君股份,8.39,挂涨停价排队·尾盘开缝成交,466740770300,3915955062817,2026-08-18,次日早盘9:30,9.23,又涨停→隔夜后早盘兑现,392062247052,6167979279.5,385894267772,11530685948891,平淡期
2026-08-14,桂发祥,10.14,挂涨停价排队·尾盘开缝成交,257459241500,2610636708810,2026-08-18,次日早盘9:30,12.27,又涨停→隔夜后早盘兑现,548388184395,4327246201.5,544060938193,14687341573426,平淡期
2026-08-17,京粮控股,6.17,挂涨停价排队·尾盘开缝成交,585567232700,3612949825759,2026-08-19,次日早盘9:30,6.93,又涨停→隔夜后早盘兑现,445031096852,5753198061.3,439277898791,10582644803260,妖股期
2026-08-18,深粮控股,6.96,挂涨停价排队·尾盘开缝成交,703416742000,4895780524320,2026-08-19,尾盘14:50,6.77,没涨停→尾盘兑现,-133649180980,7243433900.7,-140892614881,15341204548093,妖股期
2026-08-18,深华发A,12.49,挂涨停价排队·尾盘开缝成交,261317348500,3263853682765,2026-08-20,次日早盘9:30,12.5,又涨停→隔夜后早盘兑现,2613173485,4897740404.3,-2284566919,10082330138776,妖股期
2026-08-19,华锦股份,5.07,挂涨停价排队·尾盘开缝成交,1008626203000,5113734849210,2026-08-20,尾盘14:50,4.87,没涨停→尾盘兑现,-201725240600,7519308343.4,-209244548943,14990655740180,恐慌期
2026-08-19,我爱我家,2.38,挂涨停价排队·尾盘开缝成交,1432418725300,3409156566214,2026-08-20,尾盘14:50,2.33,没涨停→尾盘兑现,-71620936265,5060019147.1,-76680955412,18325688218406,恐慌期
2026-08-20,红棉股份,3.53,挂涨停价排队·尾盘开缝成交,1730471031000,6108562739430,2026-08-21,尾盘14:50,3.18,没涨停→尾盘兑现,-605664860850,8708595463.5,-614373456314,10928604251836,主线期
2026-08-20,古汉医药,9.69,挂涨停价排队·尾盘开缝成交,420265754300,4072375159167,2026-08-21,尾盘14:50,9.05,没涨停→尾盘兑现,-268970082752,5906835176.7,-274876917929,14729156774443,主线期
2026-08-20,达安基因,5.97,挂涨停价排队·尾盘开缝成交,454759928500,2714916773145,2026-08-21,尾盘14:50,5.6,没涨停→尾盘兑现,-168261173545,3946179279.6,-172207352825,17273902382344,主线期
2026-08-21,沃特股份,21.24,挂涨停价排队·尾盘开缝成交,120484776300,2559096648612,2026-08-24,尾盘14:50,20.48,没涨停→尾盘兑现,-91568429988,3769968650.4,-95338398638,7583870872298,平淡期
2026-08-21,东信和平,14.53,挂涨停价排队·尾盘开缝成交,396281311800,5757967460454,2026-08-25,次日早盘9:30,15.39,又涨停→隔夜后早盘兑现,340801928148,8892552636.8,331909375511,13678066183858,平淡期
2026-08-21,湖南白银,10.42,挂涨停价排队·尾盘开缝成交,368392032000,3838644973440,2026-08-25,次日早盘9:30,11.55,又涨停→隔夜后早盘兑现,416282996160,6070179707.3,410212816453,17929802957481,平淡期
2026-08-25,恒铭达,59.61,挂涨停价排队·尾盘开缝成交,44560763300,2656267100313,2026-08-26,尾盘14:50,63.49,没涨停→尾盘兑现,172895761604,4114072471.7,168781689132,8139575204660,妖股期
2026-08-25,青岛金王,5.14,挂涨停价排队·尾盘开缝成交,1162762837700,5976600985778,2026-08-27,次日早盘9:30,5.6,又涨停→隔夜后早盘兑现,534870905342,9366054657.7,525504850684,11932971757509,妖股期
2026-08-25,捷荣技术,11.0,挂涨停价排队·尾盘开缝成交,362218241500,3984400656500,2026-08-27,次日早盘9:30,13.31,又涨停→隔夜后早盘兑现,836724137865,6604144088.1,830119993777,16750480708278,妖股期
2026-08-26,精艺股份,10.09,挂涨停价排队·尾盘开缝成交,268899081700,2713191734353,2026-08-27,尾盘14:50,10.2,没涨停→尾盘兑现,29578898987,4091971775.8,25486927211,19491194263643,妖股期
2026-08-27,汇源通信,14.41,挂涨停价排队·尾盘开缝成交,450871946800,6497064753388,2026-08-28,尾盘14:50,13.77,没涨停→尾盘兑现,-288558045952,9529178595.6,-298087224548,11979018999627,平淡期
2026-08-27,道道全,8.83752233,挂涨停价排队·尾盘开缝成交,490112085900,4331376503344,2026-08-28,尾盘14:50,8.76,没涨停→尾盘兑现,-38977516341,6467831617.8,-45445347958,16268198687390,平淡期
2026-08-27,协和电子,31.9,挂涨停价排队·尾盘开缝成交,90519885100,2887584334690,2026-08-28,尾盘14:50,30.42,没涨停→尾盘兑现,-133969429948,4230899429.6,-138200329378,19019748380953,平淡期
2026-08-28,深圳华强,24.85,挂涨停价排队·尾盘开缝成交,255127409500,6339916126075,2026-08-31,尾盘14:50,24.55,没涨停→尾盘兑现,-76538222850,9452470522.0,-85990693372,11894161372450,妖股期
2026-08-28,渝三峡A,6.62,挂涨停价排队·尾盘开缝成交,638460838600,4226610751532,2026-08-31,尾盘14:50,6.48,没涨停→尾盘兑现,-89384517404,6272877739.2,-95657395143,16028284686902,妖股期
2026-08-28,远大控股,9.41,挂涨停价排队·尾盘开缝成交,299441073400,2817740500694,2026-08-31,尾盘14:50,8.81,没涨停→尾盘兑现,-179664644040,4091862268.0,-183756506308,18664381986664,妖股期
2026-08-31,新朋股份,8.5,挂涨停价排队·尾盘开缝成交,731936548400,6221460661400,2026-09-01,尾盘14:50,8.86,没涨停→尾盘兑现,263497157424,9529813860.2,253967343564,12010281356832,妖股期
2026-08-31,亚厦股份,4.07,挂涨停价排队·尾盘开缝成交,1019076275600,4147640441692,2026-09-01,尾盘14:50,3.95,没涨停→尾盘兑现,-122289153072,6129743797.7,-128418896870,16032613631985,妖股期
2026-08-31,茂硕电源,8.38,挂涨停价排队·尾盘开缝成交,329963440000,2765093627200,2026-09-01,尾盘14:50,7.89,没涨停→尾盘兑现,-161682085600,4026378876.6,-165708464477,18634072614929,妖股期
2026-09-01,粤传媒,9.58,挂涨停价排队·尾盘开缝成交,648367175100,6211357537458,2026-09-02,尾盘14:50,9.81,没涨停→尾盘兑现,149124450273,9428879643.9,139695570629,11876918327717,妖股期
2026-09-01,金正大,2.32,挂涨停价排队·尾盘开缝成交,1784872855900,4140905025688,2026-09-02,尾盘14:50,2.17,没涨停→尾盘兑现,-267730928385,6010559342.2,-273741487727,15747187544447,妖股期
2026-09-01,茂业商业,4.37,挂涨停价排队·尾盘开缝成交,631717013800,2760603350306,2026-09-03,次日早盘9:30,4.7,又涨停→隔夜后早盘兑现,208466614554,4297254986.4,204169359568,9965593183280,妖股期
2026-09-02,天禾股份,7.33,挂涨停价排队·尾盘开缝成交,477404503400,3499375009922,2026-09-03,尾盘14:50,6.6,没涨停→尾盘兑现,-348505287482,4987683549.3,-353492971031,13114099753428,妖股期
2026-09-02,光洋股份,14.16,挂涨停价排队·尾盘开缝成交,370696505200,5249062513632,2026-09-04,次日早盘9:30,15.43,又涨停→隔夜后早盘兑现,470784561604,8226682191.7,462557879412,11544045971151,妖股期
2026-09-03,万朗磁塑,62.15,挂涨停价排队·尾盘开缝成交,46890497000,2914244388550,2026-09-04,尾盘14:50,66.51,没涨停→尾盘兑现,204442566920,4524698508.0,199917868412,14660393911405,妖股期
2026-09-03,百大集团,10.32,挂涨停价排队·尾盘开缝成交,423582033300,4371366583656,2026-09-07,次日早盘9:30,12.47,又涨停→隔夜后早盘兑现,910701371595,7240075904.2,903461295691,15051702345405,妖股期
2026-09-04,正虹科技,6.26,挂涨停价排队·尾盘开缝成交,780638653400,4886797970284,2026-09-07,尾盘14:50,6.42,没涨停→尾盘兑现,124902184544,7423873593.8,117478310950,20059643725117,妖股期
2026-09-07,智慧农业,3.25,挂涨停价排队·尾盘开缝成交,2057399356400,6686547908300,2026-09-08,尾盘14:50,3.21,没涨停→尾盘兑现,-82295974256,9968099881.8,-92264074138,12542896886437,主线期
2026-09-07,盾安环境,11.94,挂涨停价排队·尾盘开缝成交,373341591700,4457698604898,2026-09-08,尾盘14:50,11.95,没涨停→尾盘兑现,3733415917,6689347969.3,-2955932052,17000982833236,主线期
2026-09-07,中央商场,3.43,挂涨停价排队·尾盘开缝成交,866413723200,2971799070576,2026-09-08,尾盘14:50,3.49,没涨停→尾盘兑现,51984823392,4496687223.4,47488136169,20022498889284,主线期
2026-09-08,*ST广糖,6.66,挂涨停价排队·尾盘开缝成交,1002127071500,6674166296190,2026-09-09,尾盘14:50,7.19,没涨停→尾盘兑现,531127347895,10409594955.2,520717752940,13132481938021,妖股期
2026-09-08,世联行,2.6,挂涨停价排队·尾盘开缝成交,1140883127600,2966296131760,2026-09-09,尾盘14:50,2.45,没涨停→尾盘兑现,-171132469140,4321094845.8,-175453563986,15925549227894,妖股期
2026-09-08,中粮科技,5.83,挂涨停价排队·尾盘开缝成交,763197975500,4449444197165,2026-09-10,次日早盘9:30,6.84,又涨停→隔夜后早盘兑现,770829955255,7252288762.2,763577666493,15833391766259,妖股期
2026-09-09,大港股份,13.74,挂涨停价排队·尾盘开缝成交,386354906000,5308516408440,2026-09-10,尾盘14:50,14.05,没涨停→尾盘兑现,119770020860,8052602128.3,111717418732,21257606980737,妖股期
2026-09-10,天顺风能,6.91,挂涨停价排队·尾盘开缝成交,1025451373800,7085868992958,2026-09-11,尾盘14:50,7.22,没涨停→尾盘兑现,317889925878,10867220933.8,307022704944,21569944087426,平淡期
